typ;px;langd_m;bredd_m;azimut;topp_m;takmedian_m;kanal;E_min;E_max;N_min;N_max;E_centrum;N_centrum;korsar_tilegrans
LINJE;46;18.9;4.2;112.4;89.5;21.5;bygg;672809;672823;6578062;6578070;672816;6578066;0
LINJE;147;70.4;3.7;127.5;87.5;18.0;bygg+veg;677631;677678;6578333;6578370;677656;6578350;0
LINJE;60;30.2;3.1;105.9;86.0;8.0;veg;676355;676380;6579820;6579829;676368;6579825;0
LINJE;174;72.9;3.9;150.1;74.5;13.0;bygg+veg;668391;668423;6583494;6583549;668407;6583523;0
LINJE;265;106.5;5.5;36.0;70.0;17.5;bygg+veg;678854;678911;6579389;6579467;678879;6579421;0
LINJE;127;36.9;6.3;35.4;69.0;14.5;bygg+veg;676809;676829;6583514;6583541;676820;6583529;0
LINJE;95;47.2;3.2;127.0;69.0;20.0;bygg+veg;672751;672782;6582852;6582877;672767;6582864;1
LINJE;263;116.9;3.6;45.9;68.5;13.5;bygg+veg;670902;670975;6575390;6575461;670937;6575423;0
LINJE;73;29.4;7.1;175.6;68.0;16.5;veg;674870;674880;6579798;6579821;674875;6579811;0
LINJE;258;90.1;4.0;177.0;67.5;17.5;bygg+veg;675772;675779;6579287;6579364;675775;6579324;0
LINJE;251;114.0;3.7;135.2;64.5;11.5;bygg+veg;666651;666720;6585175;6585243;666688;6585207;0
LINJE;298;116.1;4.7;70.8;64.5;20.5;bygg+veg;673041;673132;6579322;6579357;673089;6579340;0
LINJE;208;90.1;4.0;109.4;63.5;20.0;bygg+veg;672799;672869;6582856;6582883;672838;6582869;0
LINJE;156;69.7;4.2;40.8;63.0;22.5;bygg+veg;676342;676384;6582721;6582768;676361;6582743;1
LINJE;53;34.7;2.9;42.4;62.5;17.5;veg;678890;678910;6579431;6579452;678900;6579442;0
LINJE;172;84.2;3.3;104.7;62.0;15.5;veg;676942;677010;6577664;6577684;676974;6577675;0
LINJE;121;42.8;6.5;66.2;62.0;11.5;bygg+veg;670520;670557;6577256;6577274;670540;6577264;0
LINJE;123;51.3;4.5;126.3;61.5;21.5;bygg+veg;672357;672392;6582403;6582429;672374;6582416;0
LINJE;47;30.7;2.5;48.6;59.5;12.5;veg;666465;666485;6575000;6575017;666476;6575009;0
LINJE;117;53.5;4.0;125.5;58.5;21.5;bygg+veg;672405;672444;6582366;6582392;672425;6582379;0
LINJE;74;42.6;2.7;35.3;58.0;17.0;veg;675182;675202;6579593;6579624;675192;6579610;0
LINJE;183;80.8;4.4;47.0;57.5;13.5;bygg+veg;670955;671007;6575287;6575335;670984;6575313;0
LINJE;313;105.4;7.3;61.1;57.5;18.5;bygg+veg;674369;674452;6580666;6580714;674404;6580686;0
LINJE;351;89.4;11.4;62.8;57.0;17.0;bygg+veg;674727;674796;6579969;6580010;674761;6579988;0
LINJE;248;97.8;4.5;71.0;56.0;20.5;bygg+veg;673046;673123;6579256;6579285;673088;6579271;0
LINJE;26;19.3;2.4;106.0;56.0;18.5;bygg;674444;674459;6580657;6580662;674452;6580660;0
LINJE;80;49.0;2.7;48.6;55.5;12.5;veg;666486;666519;6575019;6575046;666502;6575032;0
LINJE;127;70.8;9.0;61.5;54.0;9.5;veg;666890;666954;6575291;6575323;666924;6575309;0
LINJE;204;85.2;4.2;54.2;53.5;12.0;bygg+veg;671353;671412;6575207;6575250;671380;6575227;0
LINJE;53;42.1;2.9;88.9;53.5;19.5;bygg+veg;676977;677010;6578616;6578619;676994;6578617;0
LINJE;156;52.0;6.0;94.3;53.0;19.5;bygg+veg;677011;677055;6578614;6578623;677034;6578618;0
LINJE;151;80.9;3.1;90.5;52.0;23.0;veg;676947;677013;6583088;6583091;676978;6583089;0
LINJE;27;21.8;2.6;72.5;52.0;11.5;veg;670557;670573;6577267;6577274;670566;6577270;0
LINJE;236;81.1;5.4;41.5;51.0;20.5;bygg+veg;673224;673275;6581109;6581164;673247;6581135;0
LINJE;35;24.1;2.8;168.1;51.0;14.0;veg;675432;675438;6577345;6577363;675435;6577354;0
LINJE;181;75.7;4.1;177.4;51.0;11.5;bygg+veg;666745;666751;6585166;6585228;666748;6585195;0
LINJE;44;24.6;3.1;169.3;51.0;18.5;bygg+veg;674548;674553;6580406;6580426;674550;6580416;0
LINJE;161;77.3;13.6;52.1;50.5;9.5;veg;666616;666677;6575132;6575178;666644;6575158;1
LINJE;58;35.3;2.8;77.1;50.5;18.5;bygg+veg;674570;674598;6580472;6580480;674584;6580476;0
LINJE;59;36.3;3.0;48.8;50.0;12.5;veg;666537;666561;6575063;6575083;666548;6575073;0
LINJE;652;69.1;15.3;98.2;49.0;8.0;bygg+veg;669014;669074;6584993;6585014;669044;6585003;0
LINJE;194;72.1;5.0;66.9;49.0;15.0;bygg+veg;670401;670458;6584559;6584587;670431;6584573;0
LINJE;31;18.3;2.7;155.7;49.0;20.0;veg;675715;675722;6578157;6578171;675719;6578165;0
LINJE;174;65.2;10.0;131.5;48.5;18.5;bygg;675531;675573;6576754;6576795;675552;6576768;0
LINJE;276;108.5;4.0;68.6;48.0;8.5;bygg+veg;666139;666225;6580533;6580568;666184;6580551;0
LINJE;30;19.0;2.4;99.2;47.5;19.5;veg;676979;676994;6578624;6578627;676986;6578625;0
LINJE;103;39.2;9.4;116.9;47.5;12.0;bygg+veg;677613;677649;6576370;6576389;677633;6576380;0
LINJE;55;23.3;3.5;90.3;47.5;23.0;veg;677230;677251;6583242;6583245;677240;6583244;0
LINJE;136;60.3;4.0;112.1;47.0;10.0;bygg+veg;676872;676921;6578681;6578702;676894;6578692;1
LINJE;240;112.8;4.1;21.3;45.5;11.0;bygg+veg;673871;673907;6583465;6583554;673890;6583512;0
LINJE;63;21.2;4.1;178.1;45.5;18.5;bygg;675529;675533;6576797;6576816;675531;6576806;0
LINJE;56;35.5;2.7;179.1;45.5;12.0;veg;677633;677635;6576390;6576419;677634;6576404;0
LINJE;58;22.3;4.0;119.7;44.5;19.5;bygg+veg;670740;670757;6584937;6584948;670749;6584943;0
LINJE;70;19.3;5.4;107.1;44.5;9.0;veg;666199;666215;6579949;6579958;666207;6579954;0
LINJE;54;27.7;3.1;55.0;44.5;13.0;bygg+veg;674035;674055;6576780;6576794;674045;6576786;0
LINJE;104;37.0;5.8;55.6;44.0;17.0;bygg;672185;672214;6582833;6582854;672198;6582842;0
LINJE;38;25.8;2.3;120.5;44.0;20.0;bygg+veg;672557;672576;6582799;6582810;672566;6582805;0
LINJE;111;25.4;7.2;35.9;43.5;21.5;veg;673046;673063;6578065;6578085;673055;6578075;0
LINJE;30;18.5;2.8;48.2;43.5;11.5;veg;666592;666604;6575112;6575122;666598;6575117;0
LINJE;25;19.0;3.0;50.8;43.5;11.5;veg;666580;666592;6575101;6575110;666585;6575106;1
LINJE;151;27.5;7.7;6.7;43.0;17.0;bygg+veg;674874;674882;6579680;6579706;674878;6579693;0
LINJE;113;53.1;15.1;131.4;43.0;4.0;veg;675418;675455;6584372;6584411;675440;6584389;0
LINJE;53;28.2;4.8;98.4;43.0;20.5;bygg+veg;675610;675634;6583785;6583791;675621;6583787;0
LINJE;34;25.2;2.1;73.7;43.0;20.5;bygg;673254;673274;6581077;6581084;673264;6581080;0
LINJE;38;19.4;3.8;60.0;42.5;8.0;veg;676857;676871;6584925;6584934;676865;6584930;1
LINJE;153;68.2;3.5;129.3;42.5;11.5;bygg+veg;670536;670583;6577191;6577230;670558;6577212;0
LINJE;49;33.9;2.3;150.2;42.5;22.5;bygg;673647;673662;6580995;6581020;673655;6581008;0
LINJE;215;45.3;10.6;23.0;42.0;18.0;bygg;677500;677521;6578367;6578401;677510;6578385;0
LINJE;196;86.3;4.1;71.1;42.0;17.5;bygg+veg;678516;678585;6579547;6579573;678555;6579561;0
LINJE;160;61.2;4.0;66.3;41.5;19.5;bygg+veg;676321;676369;6578817;6578840;676344;6578828;1
LINJE;21;19.9;1.7;61.7;41.5;9.5;veg;666682;666696;6575180;6575188;666689;6575184;0
LINJE;87;55.8;2.7;58.3;41.5;11.0;veg;676974;677015;6584673;6584698;676995;6584686;0
LINJE;174;73.5;3.9;146.3;41.0;12.0;bygg+veg;671322;671358;6575161;6575213;671338;6575189;0
LINJE;191;48.7;11.0;134.8;41.0;9.5;bygg+veg;677347;677383;6575921;6575955;677362;6575939;1
LINJE;155;75.5;4.3;135.8;41.0;18.0;bygg+veg;677523;677567;6578201;6578247;677543;6578226;0
LINJE;942;89.0;15.9;91.8;40.5;18.5;bygg+veg;675614;675700;6576723;6576740;675655;6576732;0
LINJE;131;40.4;5.1;150.4;40.5;22.5;bygg;673727;673746;6580863;6580894;673736;6580878;0
LINJE;17;18.4;1.6;64.9;40.5;9.5;veg;666964;666976;6575328;6575335;666970;6575331;0
LINJE;586;59.1;15.8;118.2;40.0;19.5;bygg;670770;670821;6584949;6584984;670796;6584968;0
LINJE;61;26.1;4.5;147.3;39.5;22.5;bygg;673675;673688;6580951;6580971;673683;6580960;0
LINJE;223;98.1;5.6;134.1;39.5;22.5;bygg;671139;671200;6581459;6581521;671164;6581493;0
LINJE;494;65.4;12.3;51.0;39.5;20.0;bygg;672334;672384;6582945;6582987;672362;6582964;0
LINJE;576;76.3;12.4;24.0;39.0;21.0;bygg;676449;676485;6583027;6583089;676467;6583059;0
LINJE;61;20.5;4.5;94.3;39.0;12.0;bygg+veg;673731;673749;6576640;6576644;673738;6576641;0
LINJE;154;62.2;5.8;161.2;38.5;20.0;bygg;675245;675267;6578640;6578688;675254;6578662;1
LINJE;314;58.4;13.5;172.6;38.5;17.0;bygg;671066;671084;6583515;6583569;671076;6583549;0
LINJE;466;80.5;11.4;178.4;38.5;18.0;bygg;671763;671779;6580302;6580378;671773;6580347;0
LINJE;35;30.1;2.2;61.7;38.5;9.5;veg;666858;666881;6575273;6575285;666869;6575279;0
LINJE;102;47.2;4.8;145.9;38.0;11.5;veg;675222;675247;6577810;6577846;675235;6577829;0
LINJE;95;37.6;10.2;150.6;38.0;11.5;bygg+veg;670887;670907;6579004;6579031;670900;6579018;0
LINJE;1152;117.1;15.4;177.6;37.5;17.5;bygg+veg;670341;670359;6583436;6583539;670350;6583488;0
LINJE;41;22.1;3.4;12.2;37.5;20.5;bygg+veg;671863;671868;6581145;6581163;671865;6581154;0
LINJE;119;28.1;7.4;90.6;37.5;15.0;bygg;671569;671596;6580359;6580366;671582;6580363;0
LINJE;35;19.3;3.1;140.8;37.5;20.0;veg;675355;675366;6577696;6577710;675361;6577702;0
LINJE;119;46.8;3.9;19.2;37.5;9.5;bygg+veg;677285;677300;6575878;6575916;677293;6575898;0
LINJE;95;36.7;6.2;153.6;37.0;11.5;veg;675148;675165;6577964;6577993;675156;6577978;0
LINJE;55;27.7;4.6;150.9;37.0;11.5;veg;675220;675234;6577864;6577887;675227;6577873;0
LINJE;20;18.4;3.7;164.3;36.5;11.5;veg;675292;675297;6577917;6577930;675295;6577924;0
LINJE;110;57.7;2.8;136.1;36.5;12.5;veg;676137;676172;6584016;6584052;676154;6584033;0
LINJE;289;38.6;11.0;150.0;36.5;20.0;bygg;675391;675414;6577827;6577859;675402;6577843;0
LINJE;68;39.9;3.2;132.9;36.5;11.5;veg;674280;674307;6585043;6585066;674293;6585055;1
LINJE;16;18.4;1.5;132.4;36.5;4.5;veg;674552;674562;6584800;6584810;674557;6584805;0
LINJE;37;31.5;2.0;149.2;36.5;11.5;veg;675208;675222;6577848;6577871;675215;6577859;0
LINJE;1164;175.6;12.9;108.1;36.0;13.0;bygg;676419;676559;6581378;6581438;676480;6581412;0
LINJE;585;69.1;13.8;35.6;36.0;11.5;bygg+veg;666458;666503;6575443;6575497;666480;6575470;0
LINJE;180;46.2;8.4;68.4;36.0;7.0;veg;676103;676139;6580176;6580196;676121;6580186;0
LINJE;96;33.1;6.2;32.1;36.0;17.5;bygg;667443;667461;6584745;6584772;667451;6584755;0
LINJE;43;22.0;3.3;72.1;36.0;19.5;bygg;674133;674151;6578818;6578825;674143;6578822;0
LINJE;85;35.0;5.2;154.7;36.0;10.5;veg;671090;671106;6578579;6578608;671098;6578595;0
LINJE;58;36.8;2.6;68.6;35.5;9.0;veg;671556;671585;6576307;6576318;671570;6576312;0
LINJE;187;34.1;8.8;137.7;35.5;11.5;bygg;676448;676472;6576290;6576315;676460;6576302;0
LINJE;346;53.5;13.2;41.4;35.5;13.5;bygg;670979;671013;6576894;6576934;670995;6576911;0
LINJE;307;64.9;6.6;145.8;35.5;18.5;bygg+veg;674693;674727;6580415;6580466;674710;6580441;0
LINJE;103;63.6;2.6;90.3;35.5;10.5;bygg+veg;671898;671951;6578811;6578814;671925;6578813;0
LINJE;35;33.5;1.7;159.3;35.5;11.5;veg;675278;675288;6577879;6577907;675283;6577893;0
LINJE;21;19.4;2.1;160.3;35.5;20.0;veg;675325;675331;6577863;6577877;675328;6577871;1
LINJE;256;85.2;11.5;118.3;35.0;17.0;bygg+veg;672117;672182;6582779;6582818;672148;6582802;1
LINJE;28;20.5;2.3;157.1;35.0;11.5;veg;675314;675321;6577891;6577906;675317;6577900;0
LINJE;81;33.8;6.3;159.2;35.0;10.5;veg;671108;671121;6578611;6578641;671115;6578624;0
LINJE;306;73.1;7.6;118.8;34.5;15.5;bygg;668878;668933;6584090;6584124;668905;6584108;0
LINJE;382;64.5;10.5;62.5;34.5;17.0;bygg;672049;672107;6578655;6578686;672077;6578668;0
LINJE;138;39.2;7.2;149.4;34.5;10.5;veg;671106;671127;6578547;6578577;671116;6578561;0
LINJE;128;38.2;9.5;167.1;34.5;15.0;bygg+veg;676932;676948;6579188;6579220;676942;6579206;1
LINJE;145;71.6;3.5;98.4;34.5;8.0;bygg+veg;676479;676539;6579810;6579821;676507;6579816;0
LINJE;65;38.8;4.4;158.7;34.5;11.5;veg;675296;675309;6577848;6577879;675302;6577864;0
LINJE;417;62.3;11.3;140.3;34.0;11.5;bygg;676474;676511;6576236;6576286;676493;6576263;0
LINJE;194;47.1;9.9;41.1;34.0;13.0;bygg;668595;668627;6583525;6583561;668608;6583539;0
LINJE;82;54.5;2.9;152.5;34.0;10.5;veg;671122;671144;6578572;6578614;671133;6578592;0
LINJE;98;25.6;6.1;179.9;34.0;0.0;veg;674460;674466;6585268;6585290;674463;6585279;0
LINJE;37;23.9;3.4;117.1;34.0;15.5;bygg;669080;669097;6584049;6584058;669089;6584053;0
LINJE;28;22.1;2.0;139.8;34.0;6.5;veg;675301;675312;6584533;6584546;675306;6584539;0
LINJE;115;26.6;6.0;95.7;33.5;8.5;bygg+veg;676095;676121;6580222;6580229;676108;6580226;1
LINJE;235;42.5;9.3;0.7;33.5;14.0;bygg+veg;670709;670719;6582849;6582887;670715;6582865;0
LINJE;508;78.4;12.6;10.2;33.5;11.5;bygg+veg;667344;667365;6576541;6576606;667355;6576576;0
LINJE;61;29.8;4.3;142.5;33.5;11.5;bygg;676424;676441;6576300;6576320;676434;6576309;0
LINJE;222;48.6;9.5;40.9;33.5;13.0;bygg;668627;668658;6583497;6583533;668640;6583512;0
LINJE;18;21.1;1.4;25.0;33.5;17.5;veg;667639;667646;6584609;6584624;667643;6584617;0
LINJE;30;19.7;2.4;34.7;33.0;11.5;veg;671620;671629;6577987;6578000;671625;6577993;0
LINJE;29;22.7;2.5;89.4;33.0;17.5;bygg;678656;678674;6579645;6579647;678665;6579646;0
LINJE;60;53.7;1.8;139.3;33.0;4.0;veg;675369;675398;6584434;6584467;675384;6584450;0
LINJE;28;24.6;1.8;139.6;33.0;6.5;veg;675314;675327;6584516;6584531;675320;6584524;0
LINJE;328;122.4;6.1;152.0;32.5;11.5;bygg+veg;670903;670958;6578929;6579028;670930;6578980;0
LINJE;282;58.3;13.8;78.9;32.5;11.5;bygg;678815;678868;6579103;6579124;678850;6579114;0
LINJE;261;57.8;8.4;64.0;32.5;10.0;bygg+veg;676893;676937;6579142;6579171;676915;6579157;0
LINJE;24;21.1;1.4;134.9;32.5;0.0;veg;674466;674478;6584879;6584891;674472;6584885;0
LINJE;960;90.3;15.7;13.2;32.0;8.5;bygg;672080;672108;6577934;6578016;672093;6577978;0
LINJE;160;40.6;8.5;78.6;32.0;9.0;bygg+veg;674031;674063;6579715;6579728;674045;6579722;0
LINJE;167;36.7;9.0;83.9;32.0;0.0;veg;674572;674604;6585273;6585284;674587;6585279;0
LINJE;633;70.7;13.9;34.4;31.5;11.5;bygg+veg;666532;666574;6575449;6575506;666553;6575478;0
LINJE;31;25.4;2.1;160.6;31.5;16.5;veg;669086;669093;6583776;6583795;669089;6583786;0
LINJE;464;77.1;11.4;13.8;31.0;11.5;bygg;667214;667240;6576307;6576371;667225;6576341;0
LINJE;74;23.0;5.3;55.0;31.0;13.0;bygg;668564;668584;6583564;6583579;668572;6583570;0
LINJE;21;19.6;3.1;33.6;31.0;4.0;veg;673105;673114;6578300;6578313;673109;6578307;0
LINJE;219;42.0;8.8;174.9;31.0;10.5;bygg;674837;674848;6582936;6582978;674843;6582962;0
LINJE;81;24.3;5.5;58.8;31.0;13.0;bygg;668508;668528;6583623;6583636;668516;6583629;0
LINJE;52;23.7;5.9;38.6;31.0;13.0;bygg;668543;668559;6583590;6583608;668549;6583597;0
LINJE;22;20.5;1.5;88.8;31.0;14.0;bygg;675505;675522;6577152;6577153;675514;6577152;0
LINJE;24;21.1;1.9;43.6;30.5;17.0;veg;671999;672010;6582831;6582844;672005;6582837;0
LINJE;155;43.6;6.7;139.3;30.5;13.0;bygg;671628;671655;6577182;6577212;671641;6577197;0
LINJE;46;38.8;2.4;32.5;30.5;16.5;veg;674812;674829;6579790;6579818;674820;6579803;1
LINJE;450;64.3;12.1;33.2;30.0;11.5;bygg;666440;666478;6575333;6575386;666458;6575362;0
LINJE;256;42.5;9.9;6.8;30.0;12.0;bygg+veg;669659;669673;6580811;6580849;669665;6580832;0
LINJE;66;27.5;4.5;132.6;30.0;11.5;bygg;676461;676481;6576257;6576274;676470;6576267;0
LINJE;128;31.9;6.8;121.1;30.0;0.0;veg;674627;674653;6585104;6585120;674640;6585112;0
LINJE;189;42.6;6.6;165.9;30.0;12.0;bygg;675968;675981;6577627;6577663;675975;6577647;0
LINJE;30;21.4;3.3;178.5;30.0;14.0;bygg;670305;670308;6582784;6582801;670307;6582792;0
LINJE;53;22.8;3.9;113.1;30.0;14.0;bygg+veg;671552;671571;6579204;6579212;671561;6579208;0
LINJE;57;26.5;6.6;37.6;30.0;4.0;veg;673136;673153;6578356;6578377;673144;6578368;0
LINJE;24;20.1;2.4;153.9;30.0;11.5;bygg+veg;670897;670905;6578964;6578979;670901;6578971;0
LINJE;203;87.9;4.7;152.3;29.5;10.5;veg;671123;671160;6578474;6578545;671141;6578511;0
LINJE;293;68.6;7.7;102.3;29.5;13.0;bygg+veg;669703;669763;6580802;6580818;669736;6580810;0
LINJE;117;31.7;7.8;79.1;29.5;7.0;bygg+veg;676133;676162;6580130;6580140;676147;6580136;0
LINJE;161;35.4;9.9;117.5;29.5;10.0;veg;672464;672493;6583966;6583983;672479;6583975;0
LINJE;262;49.8;8.9;175.6;29.5;8.5;bygg;677888;677898;6578418;6578462;677891;6578437;0
LINJE;53;19.7;4.5;52.1;29.5;0.0;veg;674606;674619;6585091;6585103;674612;6585097;0
LINJE;86;29.8;8.2;158.1;29.5;13.0;veg;672053;672067;6585139;6585163;672061;6585151;0
LINJE;83;26.7;4.7;174.0;29.5;13.0;bygg+veg;675882;675887;6579209;6579233;675885;6579220;0
LINJE;21;20.5;1.6;138.5;29.5;14.0;veg;670726;670737;6579270;6579282;670732;6579276;0
LINJE;221;47.2;13.5;114.3;29.0;6.5;veg;676780;676817;6575139;6575164;676798;6575149;0
LINJE;66;28.8;5.0;150.3;29.0;11.5;veg;670866;670881;6579006;6579030;670874;6579020;0
LINJE;51;38.7;2.3;146.0;29.0;7.5;veg;672168;672187;6580156;6580183;672177;6580170;0
LINJE;18;20.6;1.4;160.9;29.0;11.5;veg;675302;675307;6577926;6577941;675304;6577934;0
LINJE;311;54.2;10.1;36.6;28.5;9.5;bygg;667648;667681;6584358;6584401;667663;6584382;0
LINJE;112;36.6;6.0;50.8;28.5;10.5;bygg;672035;672062;6578688;6578711;672050;6578698;0
LINJE;21;21.5;1.6;134.1;28.5;0.0;veg;674424;674436;6584920;6584932;674430;6584926;0
LINJE;268;56.6;9.6;24.6;28.5;10.5;bygg;672223;672250;6578891;6578935;672235;6578910;0
LINJE;53;37.5;2.4;129.2;28.5;9.0;veg;670694;670718;6579984;6580005;670705;6579995;0
LINJE;45;38.6;1.7;128.5;28.5;6.5;veg;675157;675183;6584655;6584675;675171;6584665;0
LINJE;25;22.3;1.9;86.1;28.5;14.0;veg;675507;675524;6577156;6577158;675516;6577157;0
LINJE;21;21.1;1.9;133.5;28.5;0.0;veg;674372;674385;6584969;6584980;674378;6584974;0
LINJE;18;18.4;1.7;133.4;28.5;0.0;veg;674402;674413;6584943;6584952;674407;6584947;0
LINJE;59;41.0;2.1;159.4;28.0;11.5;veg;675253;675266;6578036;6578070;675260;6578053;0
LINJE;57;33.5;5.6;149.3;28.0;11.5;veg;675157;675174;6577942;6577967;675165;6577953;0
LINJE;42;18.6;4.4;155.0;28.0;10.5;veg;671184;671193;6578478;6578493;671188;6578485;0
LINJE;27;20.3;3.0;47.7;28.0;14.5;veg;669986;669999;6582567;6582578;669993;6582573;0
LINJE;53;21.9;5.9;176.2;28.0;11.5;veg;666285;666291;6579366;6579385;666287;6579374;0
LINJE;42;19.9;3.5;97.9;27.5;14.5;veg;676773;676790;6583505;6583509;676783;6583507;0
LINJE;21;20.5;1.6;127.8;27.5;6.5;veg;675103;675116;6584707;6584717;675110;6584712;0
LINJE;22;19.4;2.1;83.3;27.5;14.5;veg;676887;676903;6582517;6582519;676895;6582518;0
LINJE;32;24.6;3.6;142.6;27.5;7.5;veg;672153;672166;6580189;6580204;672159;6580196;0
LINJE;25;22.6;1.8;106.1;27.5;11.5;veg;673990;674008;6585157;6585162;673999;6585160;0
LINJE;294;55.8;11.5;42.8;27.0;7.5;bygg;666853;666892;6581009;6581047;666873;6581027;0
LINJE;36;20.0;2.4;106.7;27.0;12.0;veg;669935;669952;6578073;6578078;669943;6578076;0
LINJE;22;20.5;1.5;153.8;27.0;8.5;veg;670577;670585;6579480;6579495;670581;6579488;0
LINJE;48;32.6;3.0;5.6;26.5;9.5;bygg;669826;669830;6583963;6583989;669828;6583975;0
LINJE;36;22.6;2.7;136.4;26.5;12.0;veg;669242;669255;6576398;6576412;669249;6576405;0
LINJE;28;19.6;2.5;172.1;26.5;10.5;bygg;672252;672255;6578921;6578936;672254;6578928;0
LINJE;472;58.8;14.8;9.3;26.0;6.5;bygg;669659;669683;6577606;6577656;669668;6577631;0
LINJE;276;45.4;9.4;10.9;26.0;7.0;bygg;674809;674823;6575109;6575148;674816;6575128;1
LINJE;128;28.2;7.9;94.2;26.0;6.5;bygg;673800;673827;6576120;6576127;673815;6576124;0
LINJE;121;33.3;9.3;157.0;26.0;7.5;bygg;671744;671759;6577250;6577279;671751;6577264;0
LINJE;28;25.2;1.8;11.3;26.0;11.5;veg;667367;667371;6576367;6576388;667369;6576377;0
LINJE;247;44.5;8.2;128.9;25.5;6.5;bygg;673831;673864;6576090;6576118;673848;6576103;0
LINJE;80;32.5;4.7;72.0;25.5;9.0;bygg;674274;674299;6580201;6580211;674284;6580206;0
LINJE;323;126.7;14.5;115.5;25.0;6.0;bygg;671370;671463;6581760;6581808;671417;6581789;0
LINJE;101;45.1;8.4;148.0;24.5;7.0;bygg;675074;675097;6575989;6576026;675087;6576004;0
LINJE;144;40.0;6.3;162.8;24.5;6.0;bygg;670456;670470;6577119;6577151;670463;6577135;0
STUMP?;24;10.8;6.7;31.2;127.0;9.5;bygg;677851;677859;6581534;6581542;677855;6581537;0
STUMP?;11;7.8;3.1;54.2;127.0;9.5;bygg;677845;677850;6581540;6581544;677848;6581542;0
STUMP?;10;10.8;1.3;164.4;79.5;20.5;bygg;674956;674958;6578815;6578823;674957;6578819;0
STUMP?;14;6.1;3.6;29.9;76.0;20.5;bygg;672921;672924;6580916;6580921;672923;6580918;0
STUMP?;32;7.0;6.4;58.4;69.0;17.0;bygg+veg;672138;672144;6583069;6583074;672141;6583071;0
STUMP?;9;7.2;2.6;177.2;68.5;16.5;veg;674875;674877;6579791;6579796;674876;6579793;0
STUMP?;38;15.4;3.7;58.2;68.0;17.0;veg;674986;674997;6579696;6579704;674991;6579700;0
STUMP?;26;11.6;3.5;56.5;68.0;17.0;veg;674977;674984;6579690;6579697;674981;6579694;0
STUMP?;21;6.2;5.3;111.4;67.5;12.0;veg;676953;676958;6577521;6577525;676955;6577523;0
STUMP?;29;14.0;3.5;131.2;65.0;20.0;bygg;672803;672812;6582830;6582839;672808;6582834;0
STUMP?;38;7.1;6.9;45.5;61.0;7.0;bygg+veg;676101;676107;6580122;6580128;676104;6580125;0
STUMP?;9;5.4;2.5;48.9;61.0;22.5;veg;676383;676386;6582770;6582773;676385;6582771;0
STUMP?;26;10.1;4.7;59.2;61.0;19.5;bygg;676262;676269;6578808;6578814;676265;6578811;0
STUMP?;15;5.0;4.4;129.7;61.0;19.0;bygg;673683;673687;6579697;6579701;673685;6579699;0
STUMP?;9;4.7;3.2;66.0;60.0;12.0;veg;671828;671831;6582439;6582442;671829;6582440;0
STUMP?;19;6.0;4.7;0.0;59.5;21.5;veg;672368;672371;6578728;6578732;672370;6578730;0
STUMP?;12;9.0;1.9;93.6;58.5;21.5;veg;672548;672555;6582765;6582766;672551;6582765;0
STUMP?;20;5.6;4.9;3.9;56.5;17.0;veg;675834;675838;6584092;6584097;675836;6584094;0
STUMP?;13;5.4;3.6;120.0;56.5;7.5;bygg;666711;666715;6581243;6581246;666713;6581245;0
STUMP?;16;10.1;2.9;112.3;56.5;18.5;bygg;674367;674375;6580679;6580683;674371;6580681;0
STUMP?;12;8.0;2.2;55.7;56.0;8.5;veg;676127;676132;6580396;6580400;676129;6580398;0
STUMP?;11;7.1;2.7;115.9;55.5;20.0;veg;672538;672543;6582818;6582821;672540;6582819;0
STUMP?;12;7.5;2.4;103.7;52.5;19.5;bygg;677002;677008;6578622;6578624;677005;6578623;0
STUMP?;19;15.1;3.0;76.3;52.0;11.5;bygg+veg;670577;670588;6577274;6577278;670583;6577276;0
STUMP?;10;5.7;3.1;43.9;52.0;22.5;bygg;673295;673298;6581185;6581188;673296;6581187;0
STUMP?;11;4.6;3.2;15.1;52.0;8.5;veg;668041;668043;6575991;6575994;668042;6575993;0
STUMP?;24;14.8;3.0;58.0;52.0;11.5;veg;670573;670583;6577283;6577290;670578;6577287;0
STUMP?;16;10.8;3.5;64.6;52.0;11.5;veg;670558;670566;6577276;6577280;670562;6577278;0
STUMP?;24;11.6;3.9;62.5;51.5;11.5;bygg;670518;670526;6577251;6577256;670522;6577253;0
STUMP?;13;10.7;2.3;53.1;51.5;12.5;veg;666519;666526;6575047;6575052;666522;6575050;0
STUMP?;14;7.4;3.0;129.0;51.5;12.0;bygg;674602;674607;6582849;6582853;674604;6582851;0
STUMP?;23;9.6;4.2;148.9;51.5;19.5;veg;676999;677004;6578581;6578588;677002;6578584;0
STUMP?;24;16.3;2.8;40.5;51.0;22.5;bygg+veg;673283;673292;6581173;6581183;673288;6581178;0
STUMP?;19;14.8;2.1;119.3;51.0;20.0;bygg;672545;672555;6582811;6582817;672549;6582814;0
STUMP?;25;14.0;2.6;47.5;51.0;12.5;veg;666526;666535;6575054;6575062;666531;6575057;0
STUMP?;20;11.2;2.6;144.8;50.5;14.0;veg;667989;667995;6584217;6584225;667992;6584221;0
STUMP?;22;13.7;3.0;39.8;50.5;22.5;bygg+veg;673284;673292;6581184;6581193;673288;6581188;0
STUMP?;24;15.2;2.7;41.3;50.5;22.5;bygg+veg;673275;673284;6581173;6581183;673280;6581178;1
STUMP?;19;13.0;2.4;166.1;50.5;18.5;bygg;674545;674548;6580429;6580439;674546;6580434;0
STUMP?;11;4.6;4.0;64.1;50.5;9.0;veg;671085;671088;6576131;6576134;671086;6576133;0
STUMP?;27;17.3;2.3;39.6;50.0;20.5;bygg;673265;673274;6581159;6581170;673269;6581164;0
STUMP?;16;11.6;2.3;50.5;50.0;21.5;bygg;673276;673283;6581166;6581172;673279;6581169;1
STUMP?;11;7.7;3.6;20.2;49.5;20.0;veg;675332;675335;6577711;6577717;675334;6577714;0
STUMP?;12;4.3;4.1;153.4;49.5;10.0;veg;677313;677316;6578699;6578702;677315;6578701;0
STUMP?;19;5.7;4.6;141.5;49.5;12.5;veg;668643;668647;6577951;6577955;668645;6577953;0
STUMP?;15;7.8;3.0;34.0;48.0;19.5;bygg;676271;676275;6578816;6578821;676273;6578819;0
STUMP?;29;11.2;8.3;148.4;48.0;11.5;veg;675235;675243;6577833;6577843;675239;6577838;0
STUMP?;9;6.0;2.2;113.6;48.0;19.5;bygg+veg;676996;677000;6578623;6578625;676998;6578624;0
STUMP?;11;9.8;3.6;116.6;47.5;0.0;veg;674523;674529;6584846;6584850;674526;6584848;0
STUMP?;32;9.5;8.3;39.2;47.5;18.5;veg;675600;675607;6576677;6576684;675604;6576681;0
STUMP?;20;9.5;3.3;120.2;46.5;19.5;bygg;670789;670796;6585008;6585013;670792;6585010;0
STUMP?;13;9.4;3.2;47.9;46.0;12.5;veg;666567;666572;6575088;6575093;666569;6575091;0
STUMP?;11;5.2;3.2;55.0;46.0;17.5;bygg;676208;676211;6583133;6583136;676209;6583135;0
STUMP?;10;5.7;3.1;177.3;46.0;12.0;veg;677634;677636;6576368;6576372;677635;6576370;0
STUMP?;22;6.3;5.7;96.3;45.5;20.5;bygg;673001;673006;6582438;6582443;673004;6582440;0
STUMP?;34;10.0;5.2;137.4;45.5;20.0;bygg;675114;675121;6578273;6578280;675117;6578276;0
STUMP?;33;9.7;7.6;8.8;45.5;17.0;bygg;675168;675176;6579393;6579401;675171;6579397;0
STUMP?;14;4.4;4.4;90.0;45.5;13.5;bygg;675311;675315;6576755;6576758;675313;6576756;0
STUMP?;18;7.5;4.7;97.2;45.5;18.5;bygg;668967;668973;6583082;6583086;668971;6583084;0
STUMP?;23;6.9;4.8;139.8;45.0;16.5;veg;674980;674985;6582508;6582513;674982;6582511;0
STUMP?;12;7.1;3.6;177.0;45.0;9.5;veg;670155;670157;6583880;6583885;670156;6583882;0
STUMP?;23;8.8;4.5;93.1;45.0;17.5;bygg+veg;678764;678771;6579618;6579622;678768;6579621;0
STUMP?;31;10.3;6.8;124.7;44.5;17.0;bygg;675176;675185;6579411;6579418;675181;6579414;0
STUMP?;10;6.9;5.2;150.3;44.5;10.5;veg;671104;671108;6578607;6578612;671107;6578610;0
STUMP?;31;8.8;7.0;61.7;44.5;17.0;bygg;675181;675189;6579398;6579405;675185;6579401;0
STUMP?;23;10.5;3.2;67.9;44.5;17.5;bygg+veg;675248;675256;6580344;6580349;675252;6580347;0
STUMP?;23;6.2;5.3;130.7;44.0;8.5;bygg;674565;674570;6575012;6575017;674568;6575015;0
STUMP?;9;4.7;3.2;46.1;43.5;11.5;veg;671645;671648;6577810;6577813;671646;6577811;0
STUMP?;37;12.9;5.8;15.3;43.0;17.5;bygg+veg;678744;678751;6579611;6579622;678746;6579618;0
STUMP?;27;17.0;2.7;48.2;43.0;11.5;veg;666604;666615;6575123;6575132;666610;6575127;0
STUMP?;13;14.2;1.5;139.3;43.0;6.5;veg;675302;675309;6584551;6584559;675306;6584555;0
STUMP?;17;6.7;4.3;122.2;43.0;16.5;bygg;670531;670536;6583924;6583928;670533;6583925;0
STUMP?;24;7.0;5.2;70.9;42.5;16.5;veg;675097;675103;6582451;6582456;675101;6582454;0
STUMP?;9;4.3;3.1;168.0;42.5;13.0;veg;674179;674181;6576973;6576976;674180;6576974;0
STUMP?;22;17.0;1.9;140.2;42.5;4.0;veg;675407;675416;6584413;6584424;675412;6584419;0
STUMP?;10;6.8;3.4;95.9;42.5;11.5;veg;675252;675257;6577817;6577819;675255;6577818;0
STUMP?;12;5.1;3.3;91.9;42.0;11.0;bygg;670181;670185;6579555;6579557;670183;6579556;0
STUMP?;10;5.0;4.2;45.0;42.0;0.0;veg;674478;674482;6584874;6584878;674480;6584876;0
STUMP?;17;12.3;2.2;110.7;41.5;12.0;veg;677599;677608;6576391;6576395;677604;6576393;0
STUMP?;29;6.7;5.9;159.6;41.5;12.5;veg;676074;676079;6584136;6584142;676077;6584139;0
STUMP?;9;3.5;3.5;0.0;41.5;11.5;bygg;670316;670318;6577271;6577273;670317;6577272;0
STUMP?;8;9.3;1.5;134.2;41.0;2.25;veg;674540;674545;6584829;6584833;674542;6584831;1
STUMP?;22;8.1;6.5;156.0;40.5;11.5;veg;675296;675303;6577750;6577757;675299;6577753;0
STUMP?;17;7.7;5.6;112.2;40.5;10.5;veg;671151;671158;6578514;6578519;671154;6578517;0
STUMP?;16;7.5;5.0;179.8;40.5;10.5;veg;671137;671141;6578547;6578552;671139;6578550;0
STUMP?;18;9.2;2.9;166.8;40.0;9.5;bygg;677362;677365;6575920;6575927;677363;6575924;0
STUMP?;9;6.6;2.5;63.6;40.0;11.5;veg;670937;670942;6578930;6578932;670940;6578931;0
STUMP?;11;4.3;3.9;125.0;39.5;12.0;bygg;668920;668923;6576255;6576258;668921;6576256;0
STUMP?;10;6.2;2.6;161.2;39.5;11.5;veg;675283;675285;6577772;6577776;675284;6577774;0
STUMP?;27;11.5;5.6;114.7;39.5;11.5;veg;675310;675319;6577723;6577729;675315;6577726;0
STUMP?;17;8.3;5.0;104.8;39.5;10.5;veg;671085;671092;6578640;6578645;671088;6578643;0
STUMP?;20;18.0;1.9;62.6;39.5;9.5;veg;666978;666990;6575334;6575341;666984;6575338;0
STUMP?;21;10.2;3.3;159.8;39.5;9.5;veg;677364;677368;6575910;6575918;677366;6575914;0
STUMP?;9;9.2;1.7;59.5;39.5;9.5;veg;666700;666705;6575189;6575193;666703;6575191;0
STUMP?;9;4.0;3.3;172.4;39.0;12.5;veg;669877;669879;6577659;6577662;669878;6577660;0
STUMP?;23;11.3;4.5;138.3;39.0;11.5;veg;675261;675268;6577783;6577792;675265;6577788;0
STUMP?;26;9.4;5.6;94.1;39.0;11.5;veg;675322;675330;6577717;6577722;675326;6577719;1
STUMP?;14;12.5;1.8;62.4;39.0;9.5;veg;666707;666715;6575193;6575198;666711;6575195;0
STUMP?;9;6.0;2.4;153.3;39.0;11.5;veg;675261;675263;6577794;6577798;675262;6577796;0
STUMP?;8;5.5;2.9;131.9;38.5;10.0;veg;673305;673308;6575402;6575405;673307;6575403;0
STUMP?;9;4.9;3.0;14.0;38.5;9.5;veg;669978;669980;6583918;6583921;669979;6583919;0
STUMP?;30;17.3;5.2;2.4;38.5;11.5;veg;675251;675256;6577800;6577814;675254;6577807;0
STUMP?;25;8.5;4.6;10.6;38.5;12.0;bygg;674639;674643;6582837;6582844;674641;6582841;0
STUMP?;11;8.0;2.1;143.1;38.5;8.5;veg;670545;670549;6579455;6579460;670547;6579458;0
STUMP?;18;15.5;1.6;144.9;38.5;11.5;veg;675249;675256;6577830;6577841;675253;6577835;0
STUMP?;22;12.3;3.0;130.9;38.5;11.5;veg;674271;674280;6585068;6585074;674276;6585071;0
STUMP?;16;5.6;4.3;143.6;38.0;7.5;veg;673111;673115;6575265;6575269;673113;6575267;0
STUMP?;15;10.1;2.6;11.1;38.0;9.0;veg;666217;666219;6580018;6580026;666218;6580022;0
STUMP?;25;12.7;5.6;128.4;38.0;0.0;veg;674501;674511;6584848;6584856;674506;6584852;0
STUMP?;10;10.4;1.4;145.9;38.0;11.5;veg;675243;675247;6577843;6577850;675245;6577846;0
STUMP?;12;12.7;2.0;61.6;38.0;9.5;veg;666717;666725;6575198;6575203;666721;6575200;0
STUMP?;11;4.8;3.8;33.0;38.0;5.5;bygg;676738;676741;6580348;6580352;676739;6580350;0
STUMP?;13;8.0;4.0;161.9;37.5;11.5;veg;675244;675248;6577824;6577830;675246;6577827;0
STUMP?;8;3.7;3.3;90.0;37.5;10.5;veg;671809;671811;6579026;6579028;671810;6579027;0
STUMP?;11;7.9;3.2;37.9;37.5;10.5;veg;671170;671174;6578483;6578488;671172;6578485;0
STUMP?;19;13.4;2.5;47.4;37.0;8.0;bygg;671864;671872;6576435;6576443;671868;6576439;0
STUMP?;13;13.3;1.5;141.9;37.0;11.5;bygg;675267;675273;6577807;6577815;675270;6577811;0
STUMP?;23;15.7;2.1;103.9;36.5;11.5;veg;674227;674239;6585092;6585096;674233;6585094;0
STUMP?;14;13.4;2.2;62.1;36.5;9.5;veg;666744;666753;6575213;6575218;666748;6575215;0
STUMP?;14;8.5;3.2;157.6;36.5;11.5;bygg+veg;675262;675265;6577814;6577820;675264;6577817;0
STUMP?;10;11.2;1.6;57.0;36.5;9.5;veg;666732;666739;6575206;6575210;666735;6575208;0
STUMP?;15;16.7;1.6;63.2;36.0;8.0;veg;667227;667238;6575461;6575467;667233;6575464;0
STUMP?;11;10.5;2.0;57.1;36.0;9.5;veg;667009;667016;6575351;6575355;667013;6575353;0
STUMP?;40;8.8;6.3;6.7;35.5;0.0;veg;675011;675016;6583397;6583405;675014;6583400;0
STUMP?;14;13.3;1.7;64.9;35.5;9.5;veg;666783;666792;6575233;6575238;666788;6575236;0
STUMP?;12;12.5;1.4;133.6;35.5;0.0;veg;674491;674498;6584861;6584867;674494;6584864;0
STUMP?;15;12.4;2.3;62.1;35.5;9.5;veg;666764;666773;6575224;6575228;666768;6575226;0
STUMP?;8;10.0;1.5;64.5;35.5;9.5;veg;667020;667026;6575356;6575359;667023;6575358;0
STUMP?;29;7.9;5.5;40.4;35.0;10.0;veg;672613;672619;6583826;6583832;672616;6583829;0
STUMP?;15;16.2;1.7;65.1;35.0;8.0;veg;667213;667225;6575454;6575459;667219;6575457;0
klump;137;14.9;13.5;5.3;127.5;14.5;veg;676412;676425;6583510;6583524;676418;6583517;0
klump;49;15.8;9.2;120.7;127.0;9.5;bygg;677838;677851;6581529;6581539;677845;6581534;0
klump;907;49.8;25.6;47.8;125.5;21.5;bygg+veg;672506;672547;6582503;6582544;672527;6582523;0
klump;251;19.5;19.0;73.9;119.5;7.0;bygg;676167;676188;6580102;6580123;676177;6580112;0
klump;707;55.6;20.4;51.2;117.0;21.5;bygg;672442;672488;6582451;6582491;672466;6582473;0
klump;286;20.1;19.7;116.6;105.5;11.5;bygg+veg;676395;676415;6577565;6577587;676405;6577576;0
klump;1435;49.7;49.1;76.1;104.5;14.0;bygg+veg;675521;675571;6577623;6577679;675551;6577652;1
klump;174;16.4;15.6;55.7;104.5;23.0;bygg+veg;674129;674144;6580931;6580946;674137;6580938;0
klump;67;9.8;9.4;28.0;103.5;11.5;veg;676283;676291;6583493;6583502;676287;6583497;0
klump;295;20.9;20.2;65.2;103.0;21.0;bygg;673855;673875;6580473;6580493;673865;6580484;0
klump;70;11.5;7.9;154.3;101.5;20.0;bygg;675670;675678;6577901;6577911;675674;6577906;0
klump;44;8.7;7.8;5.7;97.5;7.0;bygg+veg;676211;676219;6580142;6580151;676216;6580146;0
klump;258;22.1;19.0;6.9;93.0;15.5;bygg+veg;677523;677544;6582419;6582445;677533;6582432;0
klump;784;48.2;34.5;92.8;92.5;21.5;bygg+veg;672805;672873;6578039;6578075;672843;6578056;0
klump;675;53.0;20.0;72.0;91.0;26.0;bygg+veg;670600;670650;6585317;6585343;670623;6585333;0
klump;651;46.6;22.4;4.9;88.5;15.0;bygg;671589;671611;6580442;6580483;671602;6580462;0
klump;52;10.7;9.2;168.3;88.5;7.0;bygg;676119;676129;6580131;6580143;676124;6580137;0
klump;535;36.6;20.4;28.0;88.0;21.5;bygg+veg;672773;672800;6578063;6578097;672786;6578081;0
klump;188;17.8;14.5;123.4;87.0;17.0;bygg;674752;674772;6580160;6580178;674762;6580169;0
klump;464;24.7;24.5;47.5;86.5;22.0;bygg;674694;674718;6579142;6579167;674706;6579154;0
klump;670;45.7;23.7;12.3;86.5;20.5;bygg;674916;674945;6578815;6578858;674931;6578835;0
klump;109;12.5;12.0;69.4;85.0;21.0;bygg;674287;674299;6581821;6581833;674293;6581827;0
klump;1678;63.8;63.6;58.2;83.0;18.5;bygg+veg;675368;675423;6576862;6576911;675396;6576886;0
klump;741;55.0;39.4;80.4;82.5;13.5;bygg+veg;671039;671111;6575260;6575305;671079;6575282;0
klump;967;51.4;25.6;163.1;82.5;20.0;bygg+veg;675312;675342;6578173;6578220;675326;6578196;1
klump;137;20.9;12.3;26.2;81.5;20.5;bygg;674952;674966;6578829;6578851;674959;6578841;0
klump;4462;152.4;119.3;109.1;80.0;6.0;bygg+veg;670292;670434;6577055;6577162;670360;6577109;1
klump;413;66.9;62.8;149.2;80.0;16.5;veg;674837;674910;6579823;6579900;674870;6579866;0
klump;59;10.6;10.3;157.6;80.0;10.0;veg;676974;676982;6578770;6578779;676978;6578774;0
klump;549;35.5;23.5;152.0;77.5;17.5;bygg;673316;673344;6583091;6583128;673330;6583109;0
klump;1284;72.9;25.5;0.5;77.5;18.5;bygg;675612;675639;6576760;6576842;675626;6576807;0
klump;70;10.1;9.4;20.6;77.5;19.5;veg;675950;675959;6581250;6581259;675955;6581255;0
klump;88;11.0;10.8;25.0;77.5;20.5;bygg+veg;672879;672889;6579335;6579345;672884;6579340;0
klump;461;33.1;20.9;118.8;77.0;22.5;bygg+veg;670914;670948;6581732;6581758;670931;6581744;0
klump;561;110.8;77.5;176.9;76.5;17.5;bygg+veg;675790;675870;6579304;6579399;675832;6579348;1
klump;517;36.1;20.4;31.7;76.5;19.5;bygg+veg;672716;672743;6578087;6578118;672729;6578104;0
klump;87;11.3;10.8;100.0;76.5;20.5;bygg+veg;672874;672885;6579353;6579363;672880;6579358;0
klump;241;21.6;18.2;28.6;76.0;15.5;bygg+veg;677507;677527;6582444;6582467;677517;6582457;0
klump;1097;89.8;43.0;22.2;75.5;17.0;bygg+veg;674910;674975;6579635;6579737;674937;6579667;1
klump;435;32.8;20.5;47.9;75.5;19.5;bygg;672657;672687;6578116;6578143;672672;6578130;0
klump;42;7.8;7.6;57.9;74.5;8.0;veg;669115;669121;6585019;6585026;669118;6585023;0
klump;674;55.6;23.0;151.9;73.5;15.5;bygg+veg;677478;677516;6582404;6582451;677495;6582428;0
klump;112;16.5;11.2;110.5;73.0;17.5;bygg+veg;678785;678797;6579611;6579623;678792;6579618;0
klump;78;10.4;9.9;152.8;72.0;18.0;bygg;674428;674437;6582369;6582378;674433;6582374;0
klump;170;19.5;11.8;154.4;71.0;23.0;bygg;674269;674283;6581225;6581243;674276;6581234;0
klump;215;23.6;13.9;111.2;69.0;21.5;bygg;674291;674314;6581240;6581257;674304;6581250;1
klump;47;17.7;3.6;87.7;69.0;16.5;veg;674933;674949;6579872;6579875;674941;6579873;0
klump;678;49.0;21.4;67.2;68.0;26.0;bygg+veg;670388;670433;6585213;6585244;670410;6585229;0
klump;713;54.3;19.4;59.8;67.5;25.0;bygg+veg;674299;674344;6581142;6581177;674322;6581159;1
klump;1559;150.6;17.8;152.4;67.5;19.5;bygg+veg;670770;670846;6585008;6585119;670809;6585066;0
klump;302;24.3;19.0;16.8;67.0;20.5;bygg;673135;673155;6580830;6580853;673145;6580841;0
klump;696;48.9;21.0;66.2;67.0;26.0;bygg+veg;670367;670413;6585259;6585290;670389;6585274;0
klump;676;51.5;18.5;64.0;67.0;21.0;bygg+veg;674254;674299;6581265;6581298;674275;6581283;0
klump;713;47.9;21.8;67.2;67.0;26.0;bygg+veg;670346;670390;6585305;6585335;670368;6585320;0
klump;529;54.3;19.1;65.7;66.5;21.0;bygg+veg;674239;674284;6581306;6581339;674262;6581325;0
klump;349;105.1;43.1;49.7;66.5;15.5;bygg+veg;669076;669152;6584058;6584129;669115;6584084;0
klump;338;22.1;21.0;97.6;65.5;21.5;bygg+veg;674366;674387;6581437;6581457;674377;6581447;0
klump;740;51.7;19.6;62.0;64.5;25.0;bygg+veg;674284;674329;6581185;6581218;674306;6581202;1
klump;1854;121.5;31.0;117.5;64.0;26.0;bygg+veg;670582;670683;6584973;6585039;670631;6585001;0
klump;185;18.0;17.2;173.1;63.0;20.0;bygg;675771;675787;6578893;6578910;675779;6578901;0
klump;1739;106.6;54.8;97.6;62.5;12.0;bygg+veg;672501;672595;6577507;6577575;672543;6577545;0
klump;149;15.1;13.5;154.4;62.5;17.0;bygg;674337;674351;6580201;6580215;674344;6580208;0
klump;1022;69.7;22.7;163.6;62.5;19.5;bygg+veg;670855;670889;6584858;6584919;670871;6584889;0
klump;6071;309.7;118.2;60.8;62.0;20.0;bygg+veg;672209;672473;6582740;6582932;672354;6582840;1
klump;330;22.5;20.0;77.0;62.0;21.5;bygg;674357;674378;6581479;6581498;674368;6581488;0
klump;190;23.5;13.5;128.9;62.0;18.0;bygg;672963;672983;6581580;6581600;672974;6581592;0
klump;290;21.3;18.8;152.8;61.5;18.5;bygg;674655;674675;6580337;6580357;674665;6580347;0
klump;818;69.0;21.0;0.3;61.0;23.0;bygg+veg;677007;677026;6583006;6583067;677017;6583037;0
klump;886;67.0;30.6;158.9;60.5;6.0;bygg;671297;671334;6581766;6581823;671313;6581793;0
klump;601;41.3;20.7;10.3;60.5;18.5;bygg+veg;674111;674134;6582943;6582982;674123;6582962;0
klump;337;37.3;14.5;172.4;60.5;16.5;bygg;671189;671204;6581800;6581832;671196;6581816;0
klump;524;33.2;24.0;89.5;60.0;12.5;bygg+veg;673723;673753;6579052;6579077;673739;6579065;0
klump;650;75.7;23.7;151.0;59.0;23.0;bygg;673840;673883;6581056;6581112;673860;6581085;0
klump;693;35.1;31.6;69.1;58.5;9.0;bygg+veg;668649;668688;6582992;6583029;668668;6583011;1
klump;348;69.4;32.6;2.3;58.5;21.5;bygg+veg;674727;674758;6581360;6581433;674741;6581397;0
klump;691;54.4;19.5;176.5;58.0;12.0;bygg+veg;677536;677554;6576583;6576631;677545;6576607;0
klump;1203;76.3;23.0;1.4;58.0;15.0;bygg+veg;671685;671706;6580412;6580482;671696;6580447;0
klump;775;45.6;29.6;77.9;58.0;21.5;bygg+veg;672367;672414;6582732;6582767;672389;6582751;0
klump;569;32.5;25.7;15.9;58.0;16.5;bygg+veg;670271;670299;6584169;6584203;670285;6584184;0
klump;489;31.5;24.9;63.8;58.0;13.0;bygg+veg;669772;669802;6580783;6580809;669787;6580797;0
klump;970;55.6;34.6;150.8;56.5;23.0;bygg;674042;674086;6580902;6580952;674065;6580928;0
klump;78;12.2;10.2;33.0;56.5;13.5;bygg;677435;677445;6579286;6579297;677440;6579292;0
klump;616;49.0;23.4;13.2;56.0;16.5;bygg;670668;670690;6583859;6583903;670680;6583880;0
klump;170;30.5;21.9;70.1;56.0;18.5;bygg+veg;674420;674454;6580680;6580707;674438;6580694;0
klump;555;42.5;20.8;170.8;56.0;17.5;bygg;673807;673828;6578620;6578659;673817;6578640;0
klump;594;56.0;16.7;51.8;55.5;12.0;bygg+veg;671687;671733;6575147;6575188;671712;6575169;0
klump;878;45.9;30.3;55.1;55.0;21.5;bygg+veg;672725;672771;6582676;6582718;672748;6582697;1
klump;588;27.8;27.7;97.7;54.5;17.0;bygg+veg;675320;675347;6582417;6582444;675334;6582430;1
klump;403;84.2;36.1;38.1;54.5;14.0;bygg+veg;675689;675753;6577546;6577618;675717;6577579;0
klump;659;60.7;17.1;21.0;54.5;19.5;bygg;676252;676283;6581449;6581503;676268;6581477;0
klump;1155;99.6;19.5;87.4;54.5;18.0;bygg+veg;671835;671923;6580285;6580307;671879;6580296;0
klump;439;30.8;22.0;5.1;54.5;11.5;bygg+veg;678878;678898;6578319;6578346;678888;6578333;0
klump;177;37.9;27.4;75.6;54.5;18.5;bygg+veg;674524;674568;6580449;6580483;674543;6580466;0
klump;210;60.6;21.9;88.9;54.5;17.0;veg;675125;675183;6579565;6579595;675161;6579579;0
klump;48;8.6;7.6;36.7;54.0;20.5;bygg;673007;673014;6580867;6580874;673010;6580871;0
klump;450;38.1;19.0;32.8;53.5;12.0;bygg+veg;672667;672695;6577637;6577670;672682;6577653;1
klump;2023;70.5;50.3;65.0;53.5;23.0;bygg+veg;673772;673850;6580760;6580824;673810;6580792;1
klump;794;60.4;20.2;114.4;53.5;19.5;bygg;670700;670759;6585026;6585055;670727;6585039;1
klump;1037;86.5;22.1;60.4;53.5;23.0;bygg;673798;673867;6580733;6580782;673831;6580759;1
klump;688;43.5;25.1;65.7;53.0;16.5;bygg+veg;668421;668463;6583941;6583975;668442;6583959;0
klump;465;37.6;19.0;41.9;53.0;12.0;bygg+veg;672602;672633;6577574;6577606;672618;6577589;0
klump;493;28.9;26.7;122.5;53.0;15.5;bygg+veg;671648;671680;6581119;6581150;671664;6581135;0
klump;451;37.9;18.9;41.6;53.0;12.0;bygg;672635;672665;6577606;6577639;672651;6577622;0
klump;388;32.3;19.8;105.5;52.5;17.5;bygg+veg;676797;676831;6577734;6577757;676815;6577745;0
klump;363;28.0;19.7;165.4;52.5;21.5;bygg+veg;672490;672513;6582636;6582666;672501;6582651;0
klump;1449;97.0;27.5;88.5;52.0;26.0;bygg+veg;670437;670534;6585314;6585343;670483;6585332;0
klump;514;28.4;26.9;4.4;52.0;15.5;bygg+veg;671633;671664;6581173;6581204;671649;6581188;0
klump;490;37.1;19.9;18.2;52.0;12.0;bygg+veg;669416;669440;6581042;6581076;669428;6581059;0
klump;388;31.2;22.6;54.0;52.0;17.5;bygg+veg;667414;667440;6584549;6584574;667425;6584562;0
klump;641;47.1;20.6;32.8;51.5;14.5;bygg+veg;669008;669042;6584526;6584566;669026;6584546;0
klump;680;38.5;27.0;43.3;51.5;20.0;bygg;671424;671461;6581405;6581443;671442;6581424;0
klump;380;29.9;19.2;12.4;51.5;20.5;bygg+veg;672007;672027;6581325;6581352;672017;6581339;0
klump;287;23.1;19.7;139.2;51.5;21.5;bygg+veg;672435;672458;6582737;6582760;672446;6582748;0
klump;443;31.0;22.1;17.8;51.0;19.5;bygg+veg;673524;673550;6582184;6582215;673537;6582201;0
klump;490;31.8;23.8;6.1;51.0;8.5;bygg+veg;677936;677958;6578453;6578482;677947;6578468;0
klump;350;86.4;39.2;174.5;51.0;13.0;bygg+veg;673987;674036;6576734;6576818;674005;6576769;0
klump;43;9.7;7.0;174.8;51.0;16.5;bygg+veg;674877;674882;6579708;6579716;674880;6579712;1
klump;344;27.1;19.7;162.9;50.5;21.5;bygg+veg;672524;672546;6582577;6582605;672535;6582591;0
klump;1446;103.1;19.7;29.4;50.5;21.5;bygg+veg;672872;672929;6577978;6578062;672901;6578018;0
klump;386;25.9;23.9;20.6;50.5;13.5;bygg+veg;670831;670857;6576939;6576967;670845;6576953;0
klump;670;38.2;26.8;41.8;50.5;20.0;bygg;671460;671497;6581372;6581410;671479;6581391;0
klump;1221;77.6;26.3;35.3;50.0;15.5;bygg+veg;669115;669168;6584043;6584107;669141;6584075;0
klump;691;88.1;27.0;62.2;50.0;17.0;bygg+veg;672129;672202;6583003;6583050;672172;6583029;0
klump;873;58.0;22.2;107.5;50.0;17.5;bygg;676182;676234;6583097;6583129;676210;6583113;0
klump;367;25.9;21.6;176.2;50.0;15.0;bygg+veg;671668;671692;6578264;6578291;671680;6578277;0
klump;1662;115.7;28.4;88.6;49.5;17.5;bygg+veg;678743;678838;6579576;6579604;678791;6579589;0
klump;2195;104.5;33.1;57.6;49.5;20.0;bygg+veg;672416;672504;6582762;6582832;672459;6582797;1
klump;691;35.3;31.0;130.6;49.5;18.5;bygg+veg;668711;668748;6582937;6582973;668729;6582955;0
klump;637;38.1;24.6;57.9;49.5;20.5;bygg;671795;671832;6581339;6581370;671814;6581354;0
klump;640;46.4;20.8;32.7;49.5;14.5;bygg+veg;669015;669048;6584485;6584526;669031;6584506;0
klump;133;32.2;17.4;139.9;49.5;0.0;veg;674515;674544;6584817;6584844;674530;6584833;1
klump;1597;121.3;19.5;17.2;49.0;12.0;bygg+veg;671201;671247;6584268;6584373;671224;6584319;1
klump;849;38.6;29.8;123.1;49.0;18.5;bygg+veg;675698;675735;6576886;6576915;675716;6576901;0
klump;393;34.9;17.7;108.5;49.0;18.0;bygg+veg;677727;677758;6578486;6578508;677743;6578497;0
klump;208;18.7;17.5;171.5;49.0;15.5;bygg;673503;673522;6585092;6585110;673513;6585100;0
klump;1677;101.4;39.4;55.9;49.0;16.5;bygg+veg;670352;670435;6584181;6584248;670395;6584213;0
klump;364;36.0;15.7;115.1;49.0;17.5;bygg;676727;676762;6577716;6577738;676744;6577727;0
klump;550;72.6;35.6;36.6;49.0;22.0;bygg;669234;669281;6583280;6583334;669258;6583305;1
klump;155;14.8;14.2;171.5;49.0;10.5;bygg;674822;674835;6582804;6582819;674828;6582812;0
klump;105;12.2;11.4;141.8;49.0;17.0;bygg+veg;674519;674529;6579585;6579596;674524;6579590;0
klump;82;12.3;11.8;84.3;49.0;21.0;bygg;672550;672563;6581468;6581481;672556;6581474;0
klump;150;20.7;12.2;95.4;49.0;17.0;bygg+veg;674356;674377;6579761;6579773;674369;6579767;0
klump;375;30.0;19.0;178.3;48.5;11.5;bygg+veg;667172;667188;6581353;6581379;667180;6581366;0
klump;308;24.6;19.3;165.1;48.5;21.5;bygg+veg;672660;672682;6582692;6582717;672671;6582705;0
klump;973;43.7;40.2;129.3;48.5;21.5;veg;672580;672627;6578662;6578710;672604;6578687;1
klump;211;25.2;15.2;160.8;48.5;20.5;bygg+veg;673208;673227;6579201;6579224;673217;6579212;0
klump;91;14.6;10.8;104.9;48.5;21.5;bygg;672662;672677;6582565;6582577;672668;6582571;0
klump;44;8.0;7.3;85.6;48.5;17.0;bygg;674706;674714;6579668;6579675;674710;6579671;0
klump;523;44.0;19.3;35.7;48.0;20.0;bygg+veg;671497;671530;6581255;6581293;671513;6581274;0
klump;335;27.1;19.3;165.2;48.0;21.5;bygg+veg;672506;672528;6582652;6582681;672517;6582666;0
klump;116;27.1;21.4;136.2;48.0;11.5;veg;674245;674272;6585076;6585099;674261;6585088;0
klump;586;38.5;23.8;18.1;48.0;12.0;bygg+veg;671396;671421;6578818;6578852;671409;6578835;0
klump;2140;114.2;30.3;169.8;47.5;25.0;bygg;674477;674519;6580985;6581087;674502;6581044;0
klump;282;21.8;19.8;130.5;47.5;15.5;bygg+veg;671521;671544;6581233;6581258;671531;6581245;1
klump;1679;107.9;31.7;58.3;47.5;20.0;bygg+veg;672504;672591;6582818;6582885;672548;6582851;0
klump;499;27.9;26.9;13.9;47.5;15.5;bygg+veg;671606;671636;6581198;6581229;671621;6581214;0
klump;1305;115.0;29.5;95.1;47.5;10.0;bygg+veg;676924;677027;6578981;6579018;676972;6579001;0
klump;619;45.7;21.4;43.7;47.5;15.5;bygg+veg;671544;671581;6581212;6581250;671562;6581231;1
klump;434;28.5;24.4;5.5;47.5;22.0;bygg+veg;669766;669788;6583670;6583696;669777;6583683;0
klump;233;129.3;16.5;134.3;47.5;6.5;veg;675210;675299;6584548;6584634;675257;6584595;0
klump;57;9.4;9.0;80.0;47.5;17.0;bygg;674365;674374;6579791;6579799;674370;6579795;0
klump;47;14.2;6.5;16.9;47.5;15.5;veg;673443;673451;6585311;6585323;673447;6585316;0
klump;824;77.4;26.2;96.1;47.0;19.5;bygg+veg;670764;670838;6584897;6584930;670801;6584914;0
klump;2585;353.5;29.6;155.1;47.0;10.5;bygg+veg;671347;671494;6582538;6582790;671431;6582668;1
klump;783;72.6;18.0;82.1;47.0;20.0;bygg+veg;672645;672706;6583141;6583163;672678;6583151;0
klump;825;104.2;17.6;82.5;47.0;25.5;bygg+veg;673469;673560;6578583;6578611;673513;6578600;0
klump;73;10.3;9.7;66.4;47.0;21.5;bygg;675048;675059;6580931;6580941;675054;6580936;0
klump;45;17.1;3.7;5.5;47.0;17.0;veg;674760;674764;6579916;6579930;674762;6579923;0
klump;20;5.4;4.9;153.4;47.0;25.0;bygg;674668;674672;6580871;6580875;674670;6580873;0
klump;941;78.1;25.1;10.7;46.5;26.0;bygg+veg;670704;670736;6584946;6585015;670716;6584982;1
klump;1503;120.8;19.5;17.3;46.5;14.5;bygg+veg;670980;671026;6584339;6584442;671003;6584390;0
klump;320;25.7;19.2;162.2;46.5;21.5;bygg+veg;672602;672625;6582645;6582673;672613;6582659;0
klump;1005;85.2;19.2;25.7;46.5;15.5;bygg+veg;677384;677428;6577798;6577869;677406;6577832;0
klump;725;58.3;22.1;120.1;46.5;26.0;bygg;670598;670646;6585027;6585068;670623;6585050;0
klump;440;31.1;21.9;1.1;46.5;11.5;bygg+veg;678823;678843;6578320;6578347;678833;6578333;0
klump;627;33.1;26.3;66.9;46.5;25.0;bygg;674596;674626;6581219;6581247;674612;6581232;0
klump;443;46.4;15.7;170.8;46.5;16.5;bygg;670524;670542;6583943;6583986;670532;6583966;0
klump;53;16.6;14.0;167.9;46.5;11.5;veg;675301;675314;6577733;6577750;675306;6577741;0
klump;1707;122.3;19.6;17.4;46.0;12.0;bygg+veg;671049;671096;6584173;6584277;671073;6584225;0
klump;78;16.0;8.8;139.9;46.0;21.0;bygg;672614;672628;6581625;6581638;672620;6581631;0
klump;1626;119.7;19.2;17.4;46.0;10.0;bygg+veg;671281;671326;6584244;6584348;671303;6584295;1
klump;840;85.1;41.9;94.7;46.0;17.0;bygg+veg;672158;672239;6582868;6582912;672205;6582890;0
klump;1619;122.1;19.8;17.3;46.0;10.0;bygg+veg;671351;671396;6584079;6584183;671374;6584132;0
klump;60;17.7;6.4;62.7;46.0;8.0;veg;667239;667253;6575467;6575477;667247;6575472;0
klump;226;22.8;15.8;96.4;46.0;9.0;bygg+veg;672000;672022;6576883;6576900;672011;6576893;0
klump;1535;122.8;19.7;17.4;45.5;14.5;bygg+veg;671059;671105;6584313;6584417;671082;6584365;1
klump;1280;111.6;17.0;126.4;45.5;14.0;bygg+veg;675577;675658;6577575;6577645;675618;6577610;0
klump;1455;112.8;66.5;57.8;45.5;14.5;bygg;671079;671173;6584646;6584722;671118;6584683;0
klump;1722;122.4;19.6;17.5;45.5;12.0;bygg+veg;671129;671175;6584148;6584252;671152;6584200;0
klump;3776;222.1;56.4;98.0;45.5;17.5;bygg+veg;673745;673964;6578427;6578515;673864;6578469;1
klump;529;32.1;25.8;175.9;45.5;9.5;bygg+veg;669782;669806;6583906;6583934;669794;6583919;0
klump;591;38.7;23.3;163.2;45.5;12.0;bygg+veg;671415;671439;6578883;6578917;671427;6578900;0
klump;1193;68.3;28.7;25.4;45.5;20.5;bygg;672066;672106;6581091;6581152;672086;6581122;0
klump;547;31.4;25.6;8.5;45.5;9.5;bygg+veg;669698;669723;6583891;6583920;669710;6583905;0
klump;166;16.0;15.5;81.1;45.5;18.5;bygg+veg;669066;669082;6582965;6582979;669074;6582972;0
klump;157;24.8;11.8;35.7;45.5;21.0;bygg+veg;672650;672669;6581612;6581633;672661;6581621;0
klump;342;26.8;19.9;110.4;45.5;22.5;bygg+veg;671163;671189;6581540;6581562;671176;6581551;0
klump;284;24.8;23.9;124.2;45.5;19.5;bygg;675212;675234;6581421;6581442;675223;6581431;0
klump;1666;120.1;19.6;17.4;45.0;10.0;bygg+veg;671272;671317;6584104;6584208;671295;6584157;0
klump;531;49.4;17.2;57.0;45.0;25.0;bygg;674439;674480;6581117;6581148;674462;6581133;0
klump;455;32.7;22.2;19.4;45.0;18.0;bygg+veg;677600;677626;6578473;6578504;677613;6578489;0
klump;37;8.0;6.7;22.3;45.0;21.0;bygg;674042;674048;6581675;6581682;674045;6581678;0
klump;48;17.6;4.3;108.6;45.0;19.5;bygg;676248;676262;6581437;6581444;676255;6581440;0
klump;3328;132.3;51.7;142.7;44.5;16.5;bygg+veg;669048;669156;6583753;6583862;669102;6583801;1
klump;233;24.9;16.5;63.8;44.5;17.0;bygg;671951;671977;6578189;6578209;671966;6578199;0
klump;563;49.2;19.2;87.8;44.5;17.5;bygg+veg;678622;678668;6579582;6579600;678643;6579592;0
klump;533;37.3;21.3;173.9;44.5;14.5;bygg+veg;678188;678209;6583401;6583434;678199;6583417;0
klump;272;26.8;15.2;174.4;44.5;17.5;bygg+veg;678702;678715;6579485;6579509;678708;6579497;0
klump;9;4.6;3.4;167.3;44.5;21.5;bygg;672743;672745;6582626;6582629;672744;6582627;0
klump;2306;111.2;110.3;55.2;44.0;17.0;bygg+veg;672000;672111;6582778;6582889;672056;6582838;1
klump;1150;94.4;24.1;24.8;44.0;21.0;bygg+veg;676345;676394;6583044;6583130;676368;6583091;1
klump;324;82.9;63.4;96.4;44.0;17.0;bygg+veg;675597;675654;6583788;6583841;675627;6583820;1
klump;420;29.7;24.2;3.2;44.0;22.0;bygg+veg;669940;669964;6583487;6583516;669952;6583501;0
klump;278;70.6;56.3;67.5;44.0;18.5;bygg+veg;674453;674522;6580419;6580474;674482;6580436;0
klump;532;29.8;25.5;10.8;44.0;13.0;bygg+veg;673901;673926;6576710;6576738;673914;6576724;0
klump;61;9.6;9.3;58.6;44.0;21.0;bygg;672604;672613;6581455;6581464;672608;6581459;0
klump;19;7.7;5.1;21.0;44.0;21.0;bygg;672617;672622;6581640;6581646;672620;6581643;0
klump;15;7.1;4.6;160.9;44.0;20.0;bygg;675044;675048;6578253;6578258;675046;6578256;0
klump;112;13.0;12.5;119.5;43.5;18.0;bygg;673003;673014;6581321;6581333;673008;6581327;0
klump;390;25.4;23.9;22.6;43.5;13.0;bygg+veg;673846;673869;6576728;6576752;673857;6576740;0
klump;496;51.2;16.9;70.8;43.5;18.5;bygg;671405;671447;6584513;6584540;671425;6584526;0
klump;380;26.8;21.7;139.7;43.5;17.0;bygg+veg;672049;672075;6578346;6578373;672062;6578360;0
klump;296;25.1;21.7;179.1;43.5;11.0;bygg+veg;668598;668620;6575438;6575460;668609;6575450;0
klump;594;32.9;24.9;83.5;43.5;21.5;bygg;674592;674622;6581249;6581274;674607;6581261;0
klump;2029;63.4;62.6;133.1;43.5;17.0;bygg+veg;675681;675738;6583874;6583931;675709;6583902;0
klump;83;11.8;10.4;103.1;43.5;25.0;bygg;674628;674639;6581238;6581247;674633;6581243;0
klump;423;28.1;23.4;11.6;43.5;13.0;bygg+veg;673860;673884;6576685;6576711;673872;6576698;0
klump;425;29.3;24.2;29.4;43.5;14.5;bygg+veg;677039;677068;6582548;6582578;677054;6582562;0
klump;210;25.2;13.9;157.0;43.5;21.5;bygg+veg;672551;672568;6582691;6582715;672558;6582703;0
klump;25;17.8;3.6;99.8;43.5;25.5;bygg;673764;673779;6578446;6578451;673770;6578448;0
klump;56;12.9;7.4;155.2;43.5;17.5;bygg+veg;678774;678781;6579611;6579622;678777;6579617;0
klump;20;5.5;4.9;49.5;43.5;21.5;bygg;675112;675116;6581127;6581131;675114;6581129;0
klump;503;47.6;16.9;165.9;43.0;21.5;bygg;674409;674433;6581268;6581312;674420;6581287;0
klump;406;26.4;23.6;18.1;43.0;12.0;bygg+veg;673671;673694;6576802;6576827;673682;6576815;0
klump;471;35.0;20.7;6.5;43.0;18.0;bygg+veg;677847;677867;6578496;6578527;677857;6578511;0
klump;114;18.6;13.1;171.6;43.0;17.5;bygg;678712;678725;6579633;6579652;678719;6579640;0
klump;534;41.8;17.4;7.0;43.0;7.0;bygg+veg;675084;675102;6575232;6575270;675093;6575252;0
klump;583;46.1;20.9;169.2;43.0;12.0;bygg;669929;669952;6576979;6577019;669941;6576999;0
klump;404;38.7;16.0;71.5;43.0;9.5;bygg+veg;671816;671851;6584378;6584399;671833;6584389;0
klump;130;15.6;12.7;59.4;43.0;15.0;bygg+veg;676956;676971;6579226;6579240;676965;6579233;0
klump;152;26.4;11.0;169.7;43.0;21.5;bygg+veg;672589;672601;6582625;6582654;672595;6582640;0
klump;10384;276.8;252.4;111.6;42.5;10.0;bygg+veg;675563;675773;6576422;6576652;675666;6576542;1
klump;1438;93.1;23.1;164.4;42.5;7.0;bygg;674926;674962;6575086;6575166;674943;6575127;1
klump;481;31.1;23.7;14.5;42.5;22.0;bygg+veg;669930;669955;6583552;6583582;669942;6583567;0
klump;980;75.4;19.7;178.4;42.5;20.0;bygg;671274;671293;6581426;6581496;671284;6581462;0
klump;305;28.0;15.6;10.2;42.5;17.0;bygg+veg;674959;674976;6579637;6579664;674968;6579652;0
klump;528;37.8;21.7;173.9;42.5;14.5;bygg+veg;678318;678340;6583420;6583453;678329;6583436;0
klump;426;28.0;23.3;10.8;42.5;12.0;bygg+veg;673493;673516;6576868;6576894;673504;6576881;0
klump;870;60.2;23.6;38.9;42.5;14.0;bygg+veg;667639;667687;6584273;6584323;667665;6584299;1
klump;1154;111.5;16.9;101.3;42.5;17.0;bygg;674982;675086;6579622;6579655;675025;6579640;0
klump;581;38.3;23.3;19.4;42.5;12.0;bygg+veg;671338;671363;6578835;6578869;671350;6578852;0
klump;462;27.9;26.9;134.7;42.5;11.5;bygg+veg;677443;677470;6575833;6575861;677457;6575847;0
klump;65;20.1;8.2;47.6;42.5;19.5;bygg;673305;673318;6582149;6582162;673313;6582154;0
klump;70;12.2;9.6;148.8;42.5;18.0;bygg;674443;674454;6582385;6582396;674449;6582391;0
klump;198;24.8;15.9;12.2;42.5;21.5;bygg;672393;672411;6582536;6582564;672404;6582552;0
klump;386;30.4;20.3;166.2;42.5;14.5;bygg+veg;670826;670846;6584380;6584408;670837;6584394;0
klump;276;24.9;17.2;170.1;42.5;21.5;bygg+veg;672586;672606;6582722;6582749;672596;6582735;0
klump;21;16.6;1.9;148.4;42.5;22.5;bygg;673640;673648;6581022;6581033;673644;6581027;0
klump;419;28.1;23.7;12.3;42.5;12.0;bygg+veg;673686;673709;6576763;6576789;673697;6576776;0
klump;65;21.4;8.3;49.3;42.5;19.5;bygg;673300;673315;6582153;6582167;673306;6582162;0
klump;84;11.6;9.4;155.7;42.5;21.5;bygg;674578;674587;6581719;6581730;674582;6581724;0
klump;58;17.0;7.4;34.2;42.5;25.5;bygg;673646;673656;6578542;6578554;673652;6578547;0
klump;113;13.1;12.5;100.3;42.5;18.0;bygg+veg;673036;673048;6581314;6581326;673042;6581320;0
klump;16;5.8;4.2;2.9;42.5;25.0;bygg;674517;674520;6581004;6581009;674518;6581007;0
klump;10;3.9;3.8;116.6;42.5;22.5;bygg;676019;676022;6580810;6580813;676021;6580812;0
klump;1473;79.4;54.6;129.2;42.0;17.5;bygg;673973;674051;6578440;6578505;674009;6578461;0
klump;458;33.3;21.5;19.6;42.0;18.0;bygg+veg;677653;677678;6578500;6578532;677666;6578516;0
klump;338;32.4;20.7;6.6;42.0;17.5;bygg;678582;678607;6579614;6579642;678591;6579630;0
klump;458;34.9;23.9;42.8;42.0;10.0;bygg+veg;677011;677042;6579172;6579205;677026;6579191;1
klump;537;41.7;17.4;113.7;42.0;15.5;bygg+veg;677302;677340;6578126;6578150;677322;6578137;0
klump;1757;62.8;52.6;171.1;42.0;17.0;bygg+veg;671108;671153;6582826;6582890;671130;6582852;0
klump;184;19.1;14.9;0.1;42.0;17.5;bygg;673884;673897;6578436;6578453;673890;6578445;0
klump;692;35.9;28.7;123.0;42.0;16.5;bygg+veg;668615;668652;6584103;6584138;668634;6584121;0
klump;388;30.7;19.9;29.9;42.0;16.5;bygg+veg;668597;668623;6584078;6584108;668610;6584093;0
klump;253;22.6;18.7;169.0;42.0;21.5;bygg+veg;672607;672628;6582744;6582768;672618;6582756;0
klump;21;12.0;4.6;147.8;42.0;22.5;bygg;675972;675978;6580839;6580848;675975;6580845;0
klump;135;24.1;7.8;57.0;42.0;25.0;bygg;674351;674370;6580915;6580930;674360;6580922;0
klump;408;40.5;16.5;165.9;42.0;18.0;bygg;677662;677681;6578285;6578322;677671;6578304;0
klump;491;35.7;21.1;5.3;42.0;8.5;bygg+veg;677902;677922;6578516;6578548;677912;6578532;0
klump;21;10.3;4.5;143.8;42.0;22.5;bygg;676040;676046;6580737;6580745;676043;6580740;0
klump;21;8.0;4.3;68.2;42.0;18.5;veg;675656;675663;6576867;6576871;675659;6576869;0
klump;1417;87.1;31.2;68.2;41.5;17.5;bygg;674232;674317;6578662;6578713;674270;6578684;1
klump;417;28.3;22.7;14.3;41.5;12.0;bygg+veg;673731;673753;6576782;6576808;673741;6576795;0
klump;1215;52.2;51.8;12.1;41.5;19.5;bygg+veg;676959;677006;6578333;6578379;676982;6578356;0
klump;98;12.0;11.0;135.0;41.5;25.0;bygg;674432;674442;6581224;6581234;674437;6581229;0
klump;436;30.4;24.0;13.3;41.5;22.0;bygg+veg;670035;670060;6583611;6583640;670048;6583626;0
klump;979;106.5;54.1;74.0;41.5;11.5;bygg;676255;676337;6583340;6583394;676303;6583356;0
klump;551;49.0;17.5;170.5;41.5;12.0;bygg;674577;674598;6583037;6583081;674587;6583059;0
klump;245;25.5;18.0;102.9;41.5;20.0;bygg;671323;671347;6581454;6581472;671334;6581461;0
klump;223;22.1;16.6;31.2;41.5;21.5;bygg;672370;672391;6582510;6582534;672381;6582524;0
klump;19;7.1;4.6;84.0;41.5;21.0;bygg;672835;672841;6581875;6581879;672838;6581877;0
klump;87;14.7;9.1;124.5;41.5;25.0;bygg;674645;674656;6581232;6581243;674651;6581238;0
klump;53;21.7;9.0;105.9;41.5;25.0;bygg;674448;674465;6581079;6581089;674459;6581086;0
klump;9;6.6;3.3;157.0;41.5;25.0;bygg;674440;674443;6581126;6581131;674442;6581129;0
klump;8;4.0;3.0;124.7;41.5;19.5;veg;675970;675973;6581273;6581275;675972;6581274;0
klump;359;25.8;22.2;167.7;41.0;11.5;bygg+veg;671469;671493;6578159;6578186;671481;6578172;1
klump;216;25.8;14.4;176.7;41.0;21.5;bygg;672546;672562;6582592;6582619;672554;6582605;0
klump;542;40.7;20.3;41.8;41.0;20.0;bygg;671485;671517;6581464;6581497;671501;6581481;0
klump;439;30.3;23.8;10.8;41.0;22.0;bygg+veg;669908;669931;6583676;6583706;669919;6583691;0
klump;482;32.6;22.4;85.2;41.0;18.5;bygg+veg;674205;674240;6583054;6583078;674226;6583065;0
klump;409;31.6;26.5;5.2;41.0;21.5;bygg;674630;674663;6581248;6581279;674650;6581267;0
klump;535;38.0;21.7;176.7;41.0;14.5;bygg+veg;678378;678399;6583385;6583418;678389;6583401;0
klump;971;72.7;21.0;124.6;41.0;17.0;bygg+veg;671957;672022;6582898;6582944;671990;6582921;0
klump;246;34.0;13.7;59.6;41.0;21.5;bygg;674451;674476;6581281;6581303;674465;6581289;0
klump;731;71.4;16.1;86.2;41.0;12.5;bygg;672516;672577;6583321;6583338;672547;6583330;0
klump;26;6.9;5.1;61.0;41.0;21.5;bygg;673476;673482;6581597;6581602;673479;6581599;0
klump;470;26.7;23.8;0.5;41.0;12.0;bygg+veg;678015;678036;6577980;6578004;678025;6577993;0
klump;434;31.7;23.2;157.8;41.0;15.5;bygg+veg;669210;669238;6584086;6584120;669224;6584101;0
klump;413;28.2;22.9;5.7;41.0;11.5;bygg+veg;673216;673239;6576899;6576925;673227;6576913;0
klump;144;19.9;11.5;122.1;41.0;17.0;bygg;675092;675109;6579615;6579631;675100;6579624;0
klump;186;27.2;13.6;96.1;41.0;21.5;bygg;674450;674474;6581307;6581322;674465;6581315;0
klump;493;37.3;21.7;173.3;41.0;14.5;bygg+veg;678247;678268;6583366;6583398;678258;6583382;0
klump;369;38.6;13.2;173.7;41.0;17.5;bygg+veg;675919;675934;6582939;6582976;675927;6582957;0
klump;342;24.8;21.6;164.9;41.0;15.0;bygg;671509;671532;6578180;6578206;671521;6578193;0
klump;188;24.0;12.9;88.1;41.0;19.0;bygg;673487;673511;6580723;6580737;673500;6580731;1
klump;9;5.1;3.3;73.6;41.0;20.0;bygg;675096;675099;6578212;6578214;675098;6578213;0
klump;12;5.3;3.7;21.8;41.0;19.5;bygg;676005;676008;6579024;6579028;676007;6579026;0
klump;11;5.2;3.2;35.0;41.0;20.5;bygg;672042;672045;6580840;6580844;672043;6580842;0
klump;10;4.5;3.3;42.3;41.0;19.0;bygg;673443;673446;6580649;6580652;673445;6580651;0
klump;439;30.4;22.9;6.6;40.5;22.0;bygg+veg;670043;670066;6583672;6583701;670055;6583687;0
klump;239;23.8;17.2;177.6;40.5;17.0;bygg+veg;671984;672004;6578227;6578253;671993;6578239;0
klump;9;4.1;3.0;110.3;40.5;22.5;bygg;676005;676008;6580780;6580782;676006;6580781;0
klump;228;27.5;14.0;179.7;40.5;18.0;bygg+veg;670386;670399;6582392;6582418;670392;6582404;0
klump;413;28.0;23.3;11.0;40.5;12.0;bygg+veg;673551;673575;6576693;6576719;673563;6576706;0
klump;559;38.4;22.1;177.5;40.5;14.5;bygg+veg;678370;678392;6583289;6583326;678381;6583307;1
klump;536;37.4;21.8;174.7;40.5;14.5;bygg+veg;678260;678281;6583455;6583489;678271;6583472;0
klump;440;28.7;24.4;2.5;40.5;12.0;bygg+veg;678063;678085;6578013;6578038;678074;6578026;0
klump;345;31.9;20.0;22.2;40.5;22.0;bygg+veg;669923;669946;6583613;6583643;669933;6583629;0
klump;322;24.4;21.0;9.0;40.5;10.5;bygg+veg;668618;668638;6575742;6575763;668628;6575753;0
klump;510;50.6;15.7;29.3;40.5;18.5;bygg;669135;669166;6583137;6583179;669151;6583158;0
klump;429;30.4;24.0;10.3;40.5;22.0;bygg+veg;670030;670055;6583546;6583575;670043;6583561;0
klump;12;8.9;2.2;15.7;40.5;18.5;bygg;675531;675533;6576818;6576825;675532;6576822;0
klump;350;28.4;16.8;146.7;40.5;23.0;bygg+veg;674020;674043;6580907;6580933;674032;6580920;0
klump;428;27.8;26.7;110.7;40.5;14.5;bygg+veg;669064;669094;6584507;6584536;669079;6584522;0
klump;379;26.7;22.2;147.0;40.5;17.0;bygg+veg;672024;672050;6578309;6578337;672037;6578323;0
klump;213;19.7;16.8;115.4;40.5;21.0;bygg;674181;674201;6581658;6581676;674191;6581666;0
klump;502;49.1;24.2;104.9;40.5;15.5;bygg+veg;669079;669124;6584075;6584105;669102;6584091;0
klump;134;17.1;10.9;86.2;40.5;21.5;bygg;674624;674639;6581253;6581263;674631;6581258;0
klump;345;33.0;25.2;8.3;40.5;22.0;bygg+veg;670030;670053;6583480;6583509;670042;6583495;0
klump;160;14.7;14.3;41.4;40.5;5.5;bygg;676822;676836;6580618;6580632;676829;6580625;0
klump;21;10.0;3.1;149.0;40.5;20.0;bygg;675122;675127;6578276;6578283;675125;6578280;0
klump;56;11.8;9.2;150.7;40.5;18.0;bygg;674427;674437;6582381;6582391;674432;6582386;0
klump;16;5.9;4.2;67.4;40.5;21.0;bygg;673732;673736;6579755;6579759;673734;6579757;0
klump;8;3.7;2.9;135.0;40.5;21.5;bygg;674739;674741;6581554;6581556;674740;6581555;0
klump;8;3.7;2.9;135.0;40.5;22.5;bygg;676010;676012;6580803;6580805;676011;6580804;0
klump;405;26.7;21.7;10.1;40.0;10.5;bygg+veg;673903;673924;6576542;6576567;673914;6576555;0
klump;440;27.7;21.8;13.5;40.0;10.5;bygg;674030;674052;6576618;6576644;674041;6576631;1
klump;713;93.5;23.4;49.5;40.0;10.0;bygg+veg;676950;677016;6579043;6579103;676986;6579062;0
klump;526;37.4;21.8;175.6;40.0;14.5;veg;678312;678333;6583325;6583358;678322;6583341;0
klump;349;26.1;21.5;167.8;40.0;15.0;bygg+veg;671588;671612;6578222;6578249;671600;6578235;0
klump;433;27.6;22.0;12.6;40.0;10.5;bygg+veg;674045;674066;6576578;6576604;674056;6576591;0
klump;412;27.8;26.0;153.6;40.0;14.5;bygg+veg;669061;669090;6584462;6584491;669076;6584476;0
klump;388;44.6;14.4;62.6;40.0;12.0;bygg+veg;669030;669068;6576417;6576444;669048;6576430;0
klump;400;28.2;23.1;11.4;40.0;11.5;bygg+veg;673244;673267;6576931;6576957;673255;6576944;0
klump;414;27.8;23.3;3.6;40.0;12.0;bygg+veg;673538;673561;6576733;6576760;673549;6576747;0
klump;305;20.7;19.4;57.1;40.0;13.0;bygg;675858;675877;6579312;6579331;675868;6579321;0
klump;157;21.1;15.1;136.6;40.0;22.0;bygg;674334;674354;6578697;6578716;674346;6578705;0
klump;386;27.3;22.2;15.0;40.0;10.5;bygg+veg;673888;673910;6576582;6576608;673899;6576595;0
klump;192;42.4;17.7;16.5;40.0;20.5;bygg;671841;671864;6581174;6581208;671856;6581191;0
klump;230;30.2;14.9;90.2;40.0;21.5;bygg;674628;674655;6581368;6581384;674645;6581376;0
klump;179;23.1;15.0;128.5;40.0;12.0;bygg;671276;671295;6579098;6579118;671285;6579108;0
klump;89;18.4;15.6;115.3;40.0;20.5;bygg+veg;671847;671861;6581142;6581159;671856;6581152;0
klump;236;18.9;16.7;69.0;40.0;17.0;bygg;675805;675824;6584138;6584155;675815;6584146;0
klump;24;14.9;3.9;42.4;40.0;21.5;bygg;672474;672483;6582614;6582624;672478;6582619;0
klump;76;10.5;10.0;106.8;40.0;17.0;veg;675004;675013;6579497;6579506;675009;6579502;0
klump;144;25.4;9.9;163.0;40.0;20.0;bygg+veg;672769;672782;6582778;6582801;672776;6582790;1
klump;14;7.1;2.7;76.3;40.0;21.5;bygg;674627;674633;6581267;6581269;674630;6581268;0
klump;12;4.6;4.0;45.0;40.0;22.5;bygg;675997;676000;6580794;6580797;675998;6580795;0
klump;37;17.3;3.8;140.4;40.0;20.0;veg;675331;675340;6577718;6577731;675336;6577724;0
klump;19;8.3;3.9;127.7;40.0;20.5;bygg;672814;672820;6582675;6582681;672817;6582678;0
klump;12;5.4;3.3;71.5;40.0;22.5;bygg;676018;676022;6580788;6580791;676020;6580789;0
klump;301;32.0;14.8;155.7;39.5;19.5;bygg;670727;670749;6585172;6585202;670737;6585186;0
klump;424;28.2;24.9;119.7;39.5;20.0;bygg+veg;672525;672555;6582773;6582802;672541;6582787;1
klump;1146;55.3;48.9;170.4;39.5;12.0;bygg+veg;669130;669182;6575174;6575233;669154;6575202;0
klump;416;28.2;23.3;13.3;39.5;12.0;bygg+veg;673376;673400;6576768;6576794;673388;6576781;0
klump;474;55.5;19.1;163.0;39.5;20.0;bygg;671271;671302;6581366;6581426;671281;6581401;0
klump;418;28.1;23.5;17.7;39.5;12.0;bygg+veg;673506;673530;6576828;6576853;673518;6576841;0
klump;8;4.0;3.0;55.3;39.5;18.5;veg;675342;675345;6576806;6576808;675344;6576807;0
klump;137;25.2;12.4;150.1;39.5;21.5;bygg+veg;672534;672550;6582677;6582700;672542;6582687;0
klump;380;26.6;22.2;14.5;39.5;12.0;bygg+veg;673713;673734;6576659;6576685;673724;6576672;0
klump;412;27.9;23.0;17.7;39.5;12.0;bygg+veg;673362;673386;6576809;6576835;673374;6576822;0
klump;79;21.1;9.0;31.7;39.5;20.0;bygg;671281;671296;6581499;6581514;671289;6581505;0
klump;35;11.1;5.8;21.6;39.5;20.5;bygg;672147;672153;6581587;6581597;672150;6581592;0
klump;36;12.2;7.3;143.6;39.5;20.0;veg;675330;675339;6577693;6577704;675335;6577699;0
klump;92;26.9;18.8;111.2;39.5;21.5;bygg;675193;675213;6581086;6581104;675202;6581094;0
klump;10;10.1;1.8;41.6;39.5;21.5;bygg;672393;672398;6582529;6582535;672395;6582532;0
klump;12;6.7;2.7;87.6;39.5;16.5;veg;674871;674876;6579859;6579861;674874;6579860;0
klump;10;7.2;3.0;102.2;39.5;20.0;veg;675353;675358;6577699;6577701;675356;6577700;0
klump;24;8.8;6.5;61.8;39.5;20.0;veg;675338;675345;6577703;6577709;675341;6577706;0
klump;8;6.1;2.0;157.1;39.5;22.5;bygg;673663;673665;6580988;6580992;673664;6580990;0
klump;8;7.0;2.1;147.8;39.5;22.5;bygg;673671;673674;6580973;6580977;673673;6580976;0
klump;8;4.8;2.2;125.4;39.5;20.0;veg;675348;675351;6577708;6577710;675349;6577709;0
klump;9;5.9;2.7;107.9;39.5;20.0;veg;675350;675354;6577704;6577706;675352;6577705;0
klump;360;29.7;18.6;79.7;39.0;17.0;bygg+veg;670829;670857;6583069;6583087;670843;6583078;0
klump;1108;54.2;35.0;19.2;39.0;10.5;bygg;672035;672079;6578970;6579024;672056;6578995;0
klump;132;21.4;10.2;120.3;39.0;4.0;veg;673248;673266;6578422;6578437;673257;6578430;0
klump;92;20.1;7.4;146.8;39.0;8.5;bygg;677305;677318;6584231;6584247;677311;6584239;0
klump;306;27.3;18.0;147.3;39.0;21.5;bygg;672455;672479;6582746;6582770;672467;6582758;0
klump;228;37.9;10.9;61.1;39.0;21.0;bygg;674284;674315;6580716;6580735;674301;6580726;1
klump;228;26.4;13.6;52.3;39.0;18.5;bygg+veg;668918;668941;6583104;6583125;668930;6583115;0
klump;302;22.5;22.1;16.3;39.0;11.5;bygg+veg;678473;678492;6578551;6578572;678483;6578562;0
klump;180;29.5;25.6;176.4;39.0;11.5;veg;675176;675202;6577909;6577942;675189;6577925;0
klump;42;15.8;4.4;8.8;39.0;22.5;bygg;673310;673315;6580821;6580834;673313;6580827;0
klump;13;6.6;3.3;30.4;39.0;19.5;bygg;676101;676104;6579001;6579006;676103;6579003;0
klump;383;26.4;22.6;7.2;39.0;11.5;bygg+veg;678659;678680;6578732;6578756;678669;6578744;0
klump;116;13.8;11.6;161.5;39.0;20.0;bygg+veg;675046;675058;6578268;6578281;675053;6578274;0
klump;48;11.9;7.5;8.2;39.0;21.0;bygg;674259;674267;6582033;6582043;674262;6582039;0
klump;16;9.1;2.7;29.4;39.0;17.0;bygg;675167;675171;6579407;6579414;675169;6579410;0
klump;14;5.1;3.9;147.2;39.0;22.5;bygg;673640;673644;6581059;6581063;673642;6581061;0
klump;50;15.2;7.6;173.2;39.0;9.0;veg;666216;666224;6580028;6580043;666220;6580039;0
klump;414;27.1;23.1;6.4;39.0;13.5;bygg+veg;671000;671023;6575366;6575393;671012;6575380;0
klump;63;13.3;7.1;151.4;39.0;21.5;bygg;672628;672637;6582672;6582685;672632;6582678;0
klump;13;6.4;3.0;5.0;39.0;22.0;bygg;674307;674309;6578690;6578695;674308;6578692;0
klump;13;9.8;2.2;156.8;39.0;22.5;bygg;673667;673670;6580979;6580986;673669;6580983;0
klump;13;6.0;3.1;129.4;39.0;21.0;bygg;676487;676491;6583077;6583080;676489;6583079;0
klump;10;5.3;2.8;94.1;39.0;21.0;bygg;674280;674284;6580381;6580383;674282;6580382;0
klump;12;10.1;2.4;86.5;39.0;21.5;bygg;674492;674499;6581495;6581497;674495;6581496;0
klump;9;5.6;2.1;58.3;39.0;16.5;veg;674942;674946;6579807;6579809;674944;6579808;0
klump;9;4.9;4.0;9.7;39.0;22.0;bygg;674317;674320;6578696;6578700;674319;6578698;0
klump;9;7.7;2.9;73.6;39.0;22.0;bygg;674315;674320;6578690;6578692;674318;6578691;0
klump;692;58.4;19.7;95.1;38.5;17.5;bygg+veg;673792;673846;6578537;6578559;673816;6578549;0
klump;186;27.9;11.8;21.6;38.5;15.5;bygg;668910;668927;6584054;6584079;668918;6584067;0
klump;1580;78.9;41.6;35.4;38.5;0.0;veg;674807;674865;6585113;6585183;674835;6585151;1
klump;46;18.7;5.6;105.6;38.5;19.0;bygg;673694;673711;6579699;6579706;673702;6579702;0
klump;1406;61.4;41.1;162.9;38.5;15.5;bygg+veg;677532;677576;6578038;6578092;677553;6578063;0
klump;257;29.1;23.5;158.2;38.5;19.5;bygg+veg;677299;677324;6578666;6578691;677314;6578680;1
klump;17;9.2;6.7;162.9;38.5;23.0;bygg;674082;674088;6580831;6580838;674085;6580834;0
klump;306;24.7;17.5;22.1;38.5;11.5;bygg+veg;671097;671116;6578875;6578898;671107;6578887;0
klump;241;31.7;11.6;89.1;38.5;18.0;bygg;677779;677806;6578484;6578494;677792;6578489;0
klump;108;15.7;10.2;113.8;38.5;4.0;veg;673264;673279;6578454;6578467;673271;6578461;0
klump;189;34.3;10.5;128.4;38.5;17.0;bygg;671952;671979;6582851;6582874;671967;6582863;0
klump;63;19.5;10.6;165.5;38.5;21.5;bygg;675231;675243;6581070;6581087;675236;6581077;0
klump;82;19.1;7.2;44.7;38.5;22.5;bygg+veg;671207;671222;6581438;6581452;671215;6581445;0
klump;8;4.7;3.0;90.0;38.5;18.5;bygg;674727;674730;6580522;6580524;674729;6580523;0
klump;8;6.1;2.8;124.7;38.5;22.5;bygg;671202;671206;6581446;6581449;671204;6581447;0
klump;10;5.4;2.7;90.5;38.5;21.5;bygg;673447;673451;6581652;6581654;673449;6581653;0
klump;13;9.8;2.7;141.7;38.5;20.0;veg;675345;675350;6577687;6577693;675347;6577690;0
klump;24;7.9;5.2;150.8;38.5;21.5;bygg;673432;673438;6581719;6581725;673435;6581722;0
klump;26;8.0;6.2;159.4;38.5;19.0;bygg;676751;676757;6579023;6579030;676754;6579027;0
klump;10;6.6;2.1;153.6;38.5;21.5;bygg;672652;672654;6582691;6582696;672653;6582693;0
klump;1005;57.0;26.6;150.2;38.0;12.5;bygg;676988;677029;6582054;6582104;677010;6582082;0
klump;454;28.3;23.0;1.0;38.0;12.0;bygg+veg;677882;677904;6578017;6578042;677894;6578030;1
klump;243;23.0;22.3;132.6;38.0;11.0;bygg+veg;669023;669048;6575806;6575828;669036;6575820;0
klump;330;24.3;21.8;113.3;38.0;13.5;bygg+veg;671073;671098;6577094;6577119;671085;6577106;0
klump;345;25.1;23.6;95.2;38.0;8.0;bygg+veg;669101;669125;6584912;6584937;669114;6584924;0
klump;454;48.1;16.7;138.9;38.0;14.5;bygg+veg;670787;670823;6584418;6584454;670804;6584435;0
klump;356;26.2;22.3;137.6;38.0;17.0;bygg+veg;672000;672025;6578273;6578300;672013;6578286;0
klump;151;21.3;15.4;13.0;38.0;17.0;bygg+veg;670989;671003;6583545;6583565;670996;6583554;0
klump;134;15.7;13.8;28.1;38.0;20.5;bygg+veg;671880;671894;6581124;6581138;671888;6581131;0
klump;138;23.4;10.3;54.6;38.0;15.5;bygg;677470;677489;6582390;6582406;677480;6582398;0
klump;251;44.4;13.5;156.2;38.0;17.0;bygg+veg;671038;671057;6583564;6583603;671046;6583583;0
klump;85;11.8;9.5;177.4;38.0;9.0;bygg;675370;675379;6580449;6580460;675375;6580454;0
klump;18;7.5;3.7;123.1;38.0;19.5;bygg;673827;673832;6578997;6579001;673830;6578999;0
klump;21;16.3;3.6;152.1;38.0;20.0;veg;675340;675347;6577679;6577690;675343;6577685;0
klump;9;4.3;3.1;102.0;38.0;21.0;bygg;672747;672750;6582053;6582055;672749;6582054;0
klump;15;4.8;4.2;45.0;38.0;21.0;bygg;674063;674066;6581301;6581304;674064;6581303;0
klump;16;5.1;4.4;62.5;38.0;25.0;veg;674359;674363;6581096;6581100;674361;6581098;0
klump;786;68.6;18.0;154.9;37.5;17.0;bygg+veg;670704;670740;6583157;6583216;670722;6583187;1
klump;412;28.6;22.3;35.0;37.5;15.5;bygg+veg;671693;671721;6580900;6580929;671707;6580915;0
klump;765;45.7;27.0;128.8;37.5;10.5;bygg+veg;673836;673878;6576150;6576188;673857;6576169;0
klump;396;29.0;23.0;136.0;37.5;15.5;bygg+veg;671656;671681;6581227;6581258;671667;6581240;1
klump;125;14.3;13.8;117.0;37.5;20.0;bygg;671538;671553;6581257;6581272;671546;6581264;0
klump;253;28.0;16.3;135.6;37.5;13.0;bygg+veg;678333;678359;6579521;6579543;678348;6579532;0
klump;1193;46.6;46.0;105.0;37.5;14.5;bygg+veg;676502;676549;6583465;6583509;676526;6583487;0
klump;210;31.8;11.1;100.8;37.5;12.5;bygg;673777;673810;6579007;6579021;673790;6579014;1
klump;371;26.0;23.3;5.1;37.5;9.5;bygg;672724;672749;6576117;6576145;672736;6576132;1
klump;152;24.2;15.1;92.3;37.5;18.0;bygg;670674;670699;6582339;6582353;670684;6582346;0
klump;471;27.3;25.7;9.5;37.5;12.0;bygg+veg;678033;678055;6578067;6578090;678044;6578078;0
klump;196;29.1;11.7;176.0;37.5;18.0;bygg+veg;670349;670361;6582440;6582467;670354;6582451;0
klump;76;13.2;9.8;116.0;37.5;16.5;bygg;675064;675076;6582639;6582650;675070;6582644;0
klump;87;21.4;7.9;7.3;37.5;7.0;veg;666731;666740;6579218;6579236;666736;6579228;0
klump;74;13.2;9.6;124.3;37.5;16.5;bygg;675159;675171;6582580;6582591;675165;6582586;0
klump;9;6.4;3.0;28.2;37.5;21.5;bygg;672387;672390;6582537;6582541;672388;6582539;0
klump;133;27.8;9.7;69.5;37.5;14.5;bygg+veg;676685;676708;6583742;6583758;676697;6583750;0
klump;440;37.5;23.5;65.8;37.5;12.5;bygg+veg;673740;673774;6579002;6579031;673754;6579018;0
klump;329;31.7;16.4;12.5;37.5;9.5;bygg+veg;667643;667663;6584591;6584622;667652;6584608;1
klump;106;14.3;13.2;111.9;37.5;21.0;bygg;674158;674171;6580673;6580686;674165;6580679;0
klump;27;6.5;5.5;19.7;37.5;19.5;bygg+veg;673998;674003;6579201;6579206;674000;6579204;0
klump;18;12.5;2.2;99.9;37.5;16.5;veg;674858;674868;6579820;6579822;674862;6579821;0
klump;50;28.4;10.2;168.8;37.5;11.5;veg;675188;675198;6577887;6577910;675193;6577901;0
klump;25;14.4;3.1;65.8;37.5;19.5;bygg;674120;674131;6578813;6578819;674125;6578816;0
klump;128;20.8;11.2;97.7;37.5;19.5;bygg+veg;669824;669844;6582822;6582834;669834;6582827;0
klump;35;12.1;4.9;81.8;37.5;21.5;bygg;673666;673678;6581273;6581278;673672;6581275;0
klump;13;4.9;3.8;164.6;37.5;20.0;bygg;675825;675828;6581598;6581602;675826;6581600;0
klump;11;6.9;3.3;133.8;37.5;20.0;bygg;670731;670735;6582376;6582380;670732;6582378;0
klump;11;6.4;3.9;107.3;37.5;21.0;bygg;673895;673899;6580696;6580699;673897;6580698;0
klump;15;6.7;4.3;156.2;37.5;22.5;veg;671221;671225;6581451;6581456;671223;6581454;0
klump;13;13.7;1.4;126.8;37.5;15.5;veg;673427;673436;6585321;6585327;673431;6585324;0
klump;9;4.6;3.4;46.4;37.5;18.0;bygg;672846;672849;6581734;6581737;672848;6581735;0
klump;1109;95.1;18.7;159.6;37.0;14.0;bygg+veg;670676;670718;6583008;6583089;670697;6583049;0
klump;81;13.8;8.2;163.2;37.0;20.0;bygg;675084;675093;6578230;6578242;675088;6578236;0
klump;900;81.3;27.5;23.0;37.0;13.0;veg;672107;672150;6584173;6584242;672131;6584203;0
klump;1033;97.5;33.3;130.5;37.0;15.5;bygg;668843;668919;6584033;6584106;668877;6584064;0
klump;336;25.7;23.6;89.0;37.0;8.0;bygg+veg;669148;669172;6584901;6584927;669161;6584914;0
klump;203;24.5;15.2;114.5;37.0;13.0;bygg;678302;678326;6579517;6579534;678316;6579525;0
klump;428;28.5;25.4;49.0;37.0;11.5;bygg+veg;678493;678522;6578697;6578725;678510;6578711;0
klump;36;13.5;4.7;136.8;37.0;16.5;bygg;668224;668232;6584165;6584175;668228;6584170;0
klump;183;27.3;10.7;60.1;37.0;16.5;bygg;668389;668413;6584152;6584169;668401;6584160;0
klump;31;7.0;6.0;156.5;37.0;17.0;bygg;675640;675645;6582766;6582772;675643;6582769;0
klump;217;30.3;13.6;4.9;37.0;18.0;bygg+veg;670311;670325;6582487;6582511;670317;6582499;0
klump;88;19.2;8.2;103.9;37.0;20.5;bygg;671857;671876;6580850;6580860;671867;6580855;0
klump;47;15.2;4.5;64.6;37.0;20.0;bygg;672450;672462;6583148;6583156;672455;6583152;0
klump;63;21.4;9.3;80.1;37.0;16.5;veg;674840;674860;6579821;6579829;674850;6579825;0
klump;23;7.9;4.6;16.5;37.0;17.5;bygg;678694;678698;6579630;6579636;678696;6579633;0
klump;73;13.9;8.8;82.0;37.0;17.0;bygg;674944;674958;6579593;6579601;674949;6579597;0
klump;9;5.8;3.7;133.0;37.0;20.5;bygg;671946;671949;6581622;6581626;671947;6581624;0
klump;14;9.0;2.4;96.2;37.0;17.0;veg;675114;675121;6579582;6579584;675117;6579583;0
klump;13;8.4;2.4;152.9;37.0;21.0;bygg;674223;674226;6581593;6581599;674225;6581596;0
klump;9;10.0;1.5;110.1;37.0;15.5;veg;673453;673460;6585309;6585311;673456;6585310;0
klump;10;4.3;3.2;90.0;37.0;17.0;bygg;674760;674763;6580056;6580058;674762;6580057;0
klump;12;4.6;3.8;79.7;37.0;17.5;bygg;674972;674975;6580291;6580294;674973;6580293;0
klump;20;5.3;5.1;135.0;37.0;17.0;bygg;674375;674379;6580133;6580137;674377;6580135;0
klump;10;5.7;2.9;139.3;37.0;16.5;veg;674929;674932;6579812;6579815;674930;6579813;0
klump;9;5.8;2.6;166.7;37.0;18.5;bygg;671737;671739;6584423;6584427;671738;6584425;0
klump;26;9.7;7.6;1.9;37.0;14.5;bygg;676572;676578;6583433;6583440;676575;6583437;0
klump;15;10.7;2.0;42.6;37.0;20.0;bygg;671310;671316;6581376;6581382;671313;6581378;0
klump;651;75.3;17.7;178.0;36.5;8.5;bygg;675886;675906;6580624;6580701;675896;6580671;0
klump;334;25.3;21.9;5.0;36.5;14.5;bygg+veg;676895;676915;6582625;6582648;676904;6582636;0
klump;348;25.5;24.7;86.0;36.5;8.0;bygg+veg;669119;669144;6584850;6584876;669132;6584863;0
klump;132;29.2;8.7;115.3;36.5;16.5;bygg;668524;668549;6584075;6584091;668537;6584084;0
klump;178;18.6;13.3;37.1;36.5;17.5;bygg;676108;676125;6582851;6582866;676117;6582858;0
klump;447;28.2;26.7;67.0;36.5;15.5;bygg+veg;669239;669267;6584880;6584909;669254;6584894;0
klump;380;48.2;15.6;37.6;36.5;16.5;bygg+veg;668468;668505;6584042;6584088;668488;6584067;0
klump;55;9.1;8.5;70.8;36.5;0.0;veg;674781;674789;6584031;6584039;674785;6584034;0
klump;174;25.3;12.7;28.9;36.5;13.0;bygg+veg;676454;676472;6581350;6581372;676463;6581359;0
klump;16;5.8;4.3;14.4;36.5;19.0;bygg;676795;676798;6579002;6579006;676796;6579004;0
klump;368;25.6;22.0;171.7;36.5;15.0;bygg+veg;671628;671652;6578243;6578270;671640;6578256;0
klump;29;7.1;6.1;169.0;36.5;15.5;bygg;673588;673593;6585047;6585053;673590;6585050;0
klump;249;28.5;15.6;145.9;36.5;13.0;bygg+veg;678364;678389;6579531;6579554;678379;6579543;0
klump;247;25.4;15.9;140.5;36.5;13.0;bygg+veg;668222;668241;6583773;6583794;668231;6583785;0
klump;29;8.8;5.4;57.8;36.5;16.5;veg;676083;676091;6578197;6578203;676087;6578200;0
klump;248;25.4;18.9;110.4;36.5;15.5;bygg;669195;669218;6584891;6584912;669207;6584902;0
klump;88;15.1;8.8;71.3;36.5;8.5;bygg;676025;676041;6580727;6580735;676031;6580732;0
klump;8;5.7;2.4;47.1;36.5;19.0;veg;673536;673539;6579225;6579228;673538;6579226;0
klump;65;10.2;9.0;42.2;36.5;12.5;veg;672492;672502;6583764;6583772;672497;6583768;0
klump;12;8.4;3.2;108.2;36.5;18.0;bygg;672797;672804;6581746;6581749;672801;6581748;0
klump;21;9.3;4.8;114.5;36.5;17.5;bygg;678574;678582;6579592;6579597;678578;6579595;0
klump;16;10.4;4.5;101.0;36.5;20.0;bygg;671304;671312;6581360;6581364;671308;6581362;0
klump;35;9.3;6.5;146.4;36.5;20.0;bygg;672370;672377;6582949;6582957;672374;6582953;0
klump;13;9.9;3.2;96.6;36.5;19.5;bygg;673945;673953;6578962;6578965;673948;6578963;0
klump;17;16.6;2.1;52.3;36.5;16.5;bygg;668233;668243;6584162;6584169;668238;6584165;0
klump;368;29.2;22.0;12.8;36.0;11.5;bygg+veg;678502;678524;6575088;6575116;678512;6575102;1
klump;427;29.2;19.5;134.8;36.0;12.5;bygg+veg;675989;676015;6584202;6584226;676002;6584213;0
klump;123;21.4;10.9;7.8;36.0;15.5;bygg;669222;669233;6584833;6584854;669227;6584842;0
klump;16;5.1;4.3;106.7;36.0;20.0;bygg;675255;675259;6578672;6578675;675257;6578673;0
klump;20;7.3;4.6;106.8;36.0;18.5;bygg;671673;671678;6584429;6584433;671675;6584430;0
klump;160;19.8;14.3;61.3;36.0;16.5;bygg;668787;668803;6583519;6583534;668795;6583526;0
klump;44;8.4;7.0;45.7;36.0;0.0;veg;674725;674732;6583897;6583904;674728;6583900;0
klump;855;74.3;18.7;12.1;36.0;12.0;bygg;669642;669670;6580722;6580786;669656;6580755;1
klump;91;11.6;10.9;27.9;36.0;5.0;veg;672922;672932;6585203;6585213;672927;6585208;0
klump;256;72.5;26.5;161.8;36.0;17.5;bygg+veg;674811;674843;6580437;6580500;674828;6580466;1
klump;181;26.1;15.2;35.7;36.0;10.0;veg;672643;672661;6583820;6583842;672650;6583831;0
klump;336;23.2;22.5;120.2;36.0;15.0;bygg+veg;671462;671487;6578376;6578400;671474;6578388;0
klump;385;23.9;23.5;114.4;36.0;11.0;bygg+veg;671242;671269;6575987;6576014;671255;6576000;0
klump;28;9.4;4.9;95.3;36.0;17.5;bygg;678677;678685;6579600;6579604;678681;6579602;0
klump;286;23.8;18.7;87.1;36.0;11.0;veg;669013;669035;6575674;6575691;669024;6575683;0
klump;118;18.8;9.3;93.9;36.0;10.0;veg;674719;674735;6583717;6583727;674727;6583722;0
klump;46;15.0;5.8;8.0;36.0;11.5;veg;673980;673986;6585163;6585175;673983;6585169;0
klump;334;29.8;20.0;110.7;36.0;15.0;bygg;671572;671598;6580413;6580436;671586;6580427;0
klump;49;16.4;7.4;95.7;36.0;17.0;bygg;674973;674989;6579590;6579598;674981;6579594;0
klump;9;6.6;3.5;78.0;36.0;20.0;bygg;670838;670843;6582514;6582517;670841;6582515;0
klump;32;6.9;6.1;108.6;36.0;20.0;bygg;675694;675700;6577797;6577802;675697;6577799;0
klump;114;17.2;11.3;164.8;36.0;16.5;bygg;676259;676271;6578215;6578230;676265;6578223;0
klump;28;6.5;6.2;163.1;36.0;20.0;bygg;675683;675688;6577791;6577796;675685;6577794;0
klump;45;11.4;6.3;1.7;36.0;9.0;veg;666236;666242;6580036;6580047;666239;6580043;0
klump;31;11.7;3.8;16.2;36.0;15.5;veg;673740;673745;6585231;6585241;673743;6585236;0
klump;38;14.3;4.4;111.0;36.0;19.5;bygg;673823;673835;6579002;6579009;673829;6579005;0
klump;12;12.1;1.4;159.9;36.0;11.5;veg;675295;675298;6577852;6577861;675296;6577857;0
klump;11;4.5;3.6;90.0;36.0;19.0;bygg;676713;676716;6579004;6579006;676714;6579005;0
klump;14;12.4;2.1;66.2;36.0;16.5;bygg;668512;668520;6584078;6584083;668516;6584080;0
klump;13;5.1;3.9;154.7;36.0;16.5;bygg;674914;674917;6579985;6579989;674915;6579987;0
klump;10;4.3;3.2;90.0;36.0;18.5;bygg;668755;668758;6582919;6582921;668756;6582920;0
klump;13;9.9;2.9;6.1;36.0;17.5;bygg;673842;673844;6578538;6578545;673843;6578541;0
klump;20;5.4;4.9;63.4;36.0;17.0;bygg;674416;674420;6580141;6580145;674418;6580143;0
klump;29;8.1;6.8;136.3;36.0;14.5;bygg;668922;668928;6584369;6584376;668925;6584373;0
klump;9;7.8;1.8;151.8;36.0;20.0;bygg;672513;672516;6582920;6582925;672515;6582922;0
klump;4214;119.4;83.4;28.4;35.5;0.0;veg;674635;674750;6583899;6584023;674697;6583956;0
klump;2031;96.2;55.1;61.4;35.5;0.0;veg;674687;674772;6585085;6585165;674729;6585132;0
klump;382;67.6;18.0;133.1;35.5;7.5;veg;671967;672015;6576007;6576056;671991;6576030;0
klump;604;51.3;18.0;72.2;35.5;9.0;bygg+veg;671455;671500;6576430;6576457;671476;6576444;0
klump;140;21.4;10.0;6.4;35.5;0.0;veg;674467;674477;6585277;6585298;674472;6585289;0
klump;368;41.5;14.7;169.5;35.5;18.5;bygg;671396;671414;6584534;6584574;671405;6584555;0
klump;54;9.7;7.9;8.2;35.5;10.0;veg;672382;672389;6584108;6584118;672386;6584113;0
klump;49;15.8;5.1;101.5;35.5;17.5;veg;675484;675499;6579496;6579502;675492;6579499;0
klump;76;14.1;7.6;25.2;35.5;0.0;veg;675064;675073;6583382;6583394;675068;6583389;0
klump;34;9.1;5.0;0.0;35.5;17.5;bygg;673982;673987;6578432;6578439;673984;6578435;0
klump;24;11.8;5.4;162.9;35.5;11.5;veg;675287;675292;6577919;6577928;675289;6577923;0
klump;140;16.3;13.3;117.2;35.5;12.5;veg;672516;672530;6583753;6583767;672523;6583760;0
klump;78;11.2;10.8;58.7;35.5;15.5;bygg;673525;673535;6585042;6585052;673530;6585047;0
klump;65;12.1;9.0;109.6;35.5;10.0;veg;671303;671313;6584026;6584035;671308;6584030;0
klump;123;25.1;10.2;124.4;35.5;10.0;veg;672569;672587;6584054;6584070;672578;6584062;0
klump;46;14.6;11.9;153.0;35.5;20.0;bygg;672520;672531;6582929;6582943;672525;6582935;0
klump;54;14.4;6.1;162.2;35.5;17.0;bygg;671043;671050;6583602;6583614;671047;6583609;0
klump;10;8.1;2.3;145.4;35.5;11.5;veg;675224;675228;6577862;6577867;675226;6577865;0
klump;13;12.5;2.4;13.1;35.5;17.0;bygg+veg;671038;671041;6583605;6583613;671039;6583609;0
klump;106;20.1;9.2;126.1;35.5;0.0;veg;674504;674519;6583863;6583877;674512;6583871;0
klump;32;8.0;7.0;137.6;35.5;21.5;veg;672543;672550;6578705;6578712;672546;6578708;0
klump;8;7.7;2.0;130.3;35.5;20.0;bygg;671364;671368;6581432;6581436;671366;6581434;0
klump;47;15.2;7.9;65.4;35.5;18.0;bygg+veg;670572;670584;6582285;6582295;670577;6582290;0
klump;14;8.7;5.0;68.4;35.5;11.5;veg;675243;675249;6578049;6578054;675246;6578052;0
klump;13;8.1;3.1;165.6;35.5;14.0;veg;675431;675433;6577374;6577380;675432;6577377;0
klump;11;10.6;1.6;40.5;35.5;20.5;veg;670746;670751;6579942;6579948;670749;6579945;0
klump;9;7.8;2.2;61.0;35.5;20.0;bygg;672515;672520;6582942;6582945;672518;6582943;0
klump;570;53.1;17.9;44.4;35.0;15.5;bygg;671623;671666;6581055;6581095;671643;6581075;0
klump;280;27.6;15.3;168.5;35.0;14.0;bygg;675598;675615;6577282;6577307;675606;6577294;0
klump;1082;95.6;18.5;163.3;35.0;14.0;bygg;670604;670640;6582981;6583064;670622;6583022;0
klump;140;19.1;15.3;111.6;35.0;0.0;veg;674483;674501;6583893;6583909;674492;6583899;0
klump;1062;94.9;18.2;155.1;35.0;17.0;bygg+veg;670747;670793;6583042;6583122;670771;6583083;0
klump;1123;93.1;19.4;172.7;35.0;14.0;bygg+veg;670530;670554;6582963;6583045;670542;6583004;0
klump;158;21.8;10.5;29.2;35.0;0.0;veg;674502;674516;6585290;6585308;674510;6585298;0
klump;269;22.5;19.1;30.2;35.0;12.5;bygg+veg;670142;670161;6577182;6577204;670152;6577193;0
klump;103;15.8;11.5;66.8;35.0;16.5;bygg+veg;668826;668840;6583541;6583552;668833;6583546;0
klump;26;9.4;6.5;120.8;35.0;10.5;veg;671092;671099;6578612;6578619;671096;6578616;0
klump;417;26.1;24.8;113.0;35.0;11.0;bygg+veg;668314;668342;6575362;6575390;668327;6575375;0
klump;211;24.7;17.0;136.4;35.0;18.0;veg;672233;672255;6580598;6580618;672244;6580608;0
klump;124;22.1;8.9;164.9;35.0;0.0;veg;674666;674676;6584159;6584178;674672;6584169;0
klump;385;29.9;20.4;89.3;35.0;12.0;bygg+veg;668921;668948;6575517;6575536;668935;6575527;0
klump;374;24.6;20.8;78.6;35.0;12.5;bygg+veg;674476;674503;6577464;6577488;674489;6577476;0
klump;331;27.7;17.0;12.3;35.0;12.5;bygg+veg;674693;674713;6577318;6577343;674703;6577331;0
klump;146;27.9;13.3;127.7;35.0;6.5;veg;676739;676761;6575185;6575205;676749;6575193;0
klump;12;10.3;1.9;162.4;35.0;11.5;veg;675321;675324;6577882;6577889;675323;6577886;0
klump;423;26.3;25.5;141.9;35.0;11.0;bygg+veg;668277;668305;6575384;6575412;668291;6575398;0
klump;18;11.7;3.7;144.2;35.0;10.5;veg;671085;671092;6578610;6578617;671088;6578613;0
klump;20;6.4;5.1;61.1;35.0;18.0;bygg;677757;677762;6578245;6578250;677760;6578248;0
klump;179;19.8;13.0;15.0;35.0;15.0;bygg+veg;675161;675175;6577329;6577348;675167;6577340;0
klump;69;16.4;12.0;81.8;35.0;4.5;veg;674779;674798;6584587;6584598;674788;6584592;0
klump;71;12.3;8.7;84.6;35.0;0.0;veg;674707;674718;6584090;6584098;674712;6584094;0
klump;12;7.0;2.5;157.7;35.0;18.5;bygg;669023;669026;6583254;6583259;669024;6583257;0
klump;67;17.9;11.0;53.7;35.0;17.0;bygg;674894;674907;6579658;6579673;674900;6579663;0
klump;259;24.3;18.6;92.8;35.0;14.5;bygg;677018;677044;6582585;6582605;677031;6582594;0
klump;76;21.1;7.3;128.4;35.0;0.0;veg;674729;674743;6584090;6584103;674737;6584096;0
klump;81;16.6;7.8;23.0;35.0;17.5;bygg;676152;676162;6582935;6582950;676158;6582942;0
klump;75;31.8;12.8;46.9;35.0;6.5;veg;675034;675059;6584744;6584765;675051;6584756;0
klump;12;4.7;4.6;135.0;35.0;18.5;bygg;668744;668748;6582932;6582936;668746;6582934;0
klump;182;21.1;13.1;7.1;35.0;15.0;bygg+veg;675202;675216;6577343;6577364;675208;6577356;0
klump;71;12.3;8.2;45.2;35.0;6.0;veg;674907;674917;6583866;6583876;674912;6583871;0
klump;10;4.1;3.3;90.0;35.0;10.5;bygg;671958;671961;6578995;6578997;671960;6578996;0
klump;10;9.5;1.7;152.2;35.0;19.5;bygg;677300;677303;6578670;6578676;677301;6578673;0
klump;19;8.5;4.7;9.5;35.0;18.0;bygg;670444;670448;6582666;6582673;670446;6582670;0
klump;8;7.2;1.6;118.2;35.0;21.0;veg;676485;676489;6583090;6583093;676487;6583092;0
klump;16;5.0;4.3;14.9;35.0;17.5;bygg;674973;674976;6580265;6580269;674975;6580267;0
klump;9;6.6;2.0;161.6;35.0;11.5;veg;675292;675294;6577863;6577868;675293;6577866;0
klump;10;9.9;1.7;130.0;35.0;15.5;veg;673408;673414;6585338;6585342;673411;6585340;0
klump;269;23.5;18.3;94.7;34.5;12.5;veg;673650;673673;6579008;6579028;673662;6579018;0
klump;263;24.0;18.2;168.3;34.5;10.5;bygg+veg;672109;672127;6578686;6578711;672118;6578696;1
klump;604;37.2;28.0;2.1;34.5;12.5;veg;672669;672699;6583584;6583620;672685;6583603;0
klump;248;35.0;13.3;84.0;34.5;17.5;bygg;678617;678654;6579638;6579652;678630;6579646;0
klump;81;23.9;7.6;42.3;34.5;18.0;bygg+veg;670632;670646;6582310;6582328;670640;6582318;0
klump;372;29.6;19.0;148.7;34.5;13.5;bygg+veg;675217;675237;6577087;6577113;675227;6577100;0
klump;635;47.5;29.2;27.0;34.5;14.5;bygg;676710;676746;6583567;6583615;676727;6583596;0
klump;73;12.9;9.9;154.2;34.5;0.0;veg;674641;674651;6584015;6584026;674646;6584020;0
klump;367;44.4;23.4;140.3;34.5;3.0;veg;678107;678137;6581637;6581675;678126;6581658;0
klump;409;31.2;20.9;143.0;34.5;12.0;bygg+veg;669600;669627;6576595;6576623;669613;6576609;0
klump;647;42.4;26.6;167.8;34.5;11.5;bygg+veg;678720;678752;6578605;6578643;678738;6578622;0
klump;334;26.0;21.3;0.2;34.5;15.0;bygg+veg;671549;671573;6578201;6578228;671561;6578214;0
klump;72;14.0;8.9;170.9;34.5;15.5;bygg;671700;671708;6581172;6581185;671704;6581177;0
klump;315;39.9;21.5;16.5;34.5;0.0;veg;674482;674508;6585265;6585303;674495;6585282;0
klump;1202;74.2;36.6;63.9;34.5;11.5;veg;677905;677976;6580245;6580302;677936;6580277;0
klump;277;27.6;14.7;167.4;34.5;14.0;bygg;675686;675704;6577298;6577323;675695;6577311;0
klump;1076;84.7;28.7;85.0;34.5;11.0;veg;674179;674266;6583587;6583622;674217;6583605;0
klump;194;39.3;11.8;138.5;34.5;7.0;veg;666677;666702;6579254;6579283;666689;6579268;0
klump;404;29.1;21.3;14.0;34.5;7.0;bygg+veg;670139;670160;6584960;6584988;670150;6584974;0
klump;466;33.9;25.4;73.3;34.5;0.0;veg;674771;674802;6585113;6585141;674788;6585125;0
klump;35;10.2;5.0;49.6;34.5;7.0;veg;666714;666722;6579239;6579245;666718;6579242;0
klump;94;15.8;10.0;64.7;34.5;12.5;veg;672503;672518;6583768;6583779;672510;6583773;0
klump;72;14.4;7.4;178.4;34.5;13.0;veg;672084;672092;6584274;6584287;672088;6584280;0
klump;358;22.9;22.0;38.3;34.5;13.0;bygg+veg;674107;674132;6576781;6576806;674119;6576793;0
klump;205;27.5;11.9;93.5;34.5;17.5;bygg;678676;678703;6579640;6579653;678691;6579648;0
klump;302;34.8;15.3;34.4;34.5;15.5;bygg;671594;671619;6581110;6581141;671607;6581124;0
klump;11;10.8;1.5;127.9;34.5;6.5;veg;675236;675242;6584621;6584626;675239;6584623;0
klump;120;15.6;13.7;128.9;34.5;0.0;veg;675033;675048;6583380;6583395;675040;6583387;0
klump;75;17.3;9.2;158.7;34.5;18.5;bygg;671723;671735;6584446;6584461;671729;6584454;0
klump;230;21.1;17.8;11.0;34.5;12.5;bygg;667614;667630;6583986;6584005;667621;6583996;0
klump;193;37.8;11.5;151.7;34.5;15.0;bygg;676986;677009;6579215;6579247;676997;6579232;0
klump;100;19.2;8.5;25.6;34.5;17.5;bygg;667607;667618;6584625;6584642;667613;6584634;0
klump;92;15.4;9.7;0.3;34.5;17.5;bygg;676023;676033;6582786;6582799;676028;6582792;0
klump;83;11.5;9.7;68.5;34.5;10.0;veg;672265;672275;6584217;6584226;672270;6584221;0
klump;150;24.3;16.5;160.8;34.5;0.0;veg;674701;674719;6584112;6584136;674709;6584123;0
klump;136;19.5;9.3;141.4;34.5;18.5;bygg;675442;675457;6576760;6576777;675450;6576768;0
klump;47;11.7;7.2;18.0;34.5;17.0;bygg;670726;670733;6582905;6582914;670729;6582910;0
klump;97;17.4;12.7;127.8;34.5;11.5;bygg;669372;669387;6576678;6576695;669379;6576685;0
klump;100;20.6;7.1;171.1;34.5;11.0;veg;674148;674156;6583606;6583624;674152;6583615;0
klump;8;4.8;4.1;106.1;34.5;7.5;veg;672180;672183;6580184;6580187;672181;6580185;0
klump;24;9.9;4.7;125.5;34.5;21.5;veg;673696;673704;6581263;6581269;673700;6581266;0
klump;8;5.7;2.6;30.6;34.5;20.5;veg;670755;670757;6579952;6579956;670756;6579954;0
klump;31;6.6;6.2;103.6;34.5;0.0;veg;674661;674667;6584147;6584152;674664;6584149;0
klump;57;13.6;6.7;9.2;34.5;12.5;bygg;674662;674669;6577356;6577368;674666;6577363;0
klump;49;20.3;7.4;141.9;34.5;16.5;bygg+veg;668997;669011;6583296;6583310;669006;6583304;0
klump;28;9.3;5.1;103.7;34.5;17.0;bygg;675007;675016;6579586;6579591;675011;6579589;0
klump;8;6.0;2.0;95.2;34.5;18.5;veg;675659;675663;6576648;6576649;675661;6576648;0
klump;15;6.8;4.2;20.1;34.5;22.0;veg;669339;669343;6583610;6583615;669341;6583612;0
klump;13;4.9;4.4;149.3;34.5;15.5;bygg;673661;673664;6585001;6585004;673662;6585003;0
klump;328;23.2;22.5;117.4;34.0;15.0;bygg+veg;671509;671534;6578301;6578325;671521;6578313;0
klump;149;25.6;8.5;156.9;34.0;10.0;veg;674767;674781;6583740;6583763;674774;6583750;0
klump;343;25.0;21.6;2.9;34.0;11.0;bygg+veg;668692;668712;6575627;6575649;668702;6575639;0
klump;142;24.1;8.8;118.1;34.0;10.0;bygg;676928;676948;6579045;6579058;676939;6579051;0
klump;864;74.3;36.6;105.7;34.0;9.0;bygg+veg;668607;668671;6582955;6583003;668641;6582981;0
klump;333;27.8;18.5;144.5;34.0;12.0;bygg+veg;669628;669651;6576556;6576581;669640;6576568;0
klump;112;23.5;8.2;139.9;34.0;4.5;veg;676668;676684;6575072;6575089;676675;6575081;0
klump;1507;139.8;43.2;71.7;34.0;13.5;bygg;678115;678216;6578957;6579020;678173;6578980;0
klump;325;24.5;21.1;3.5;34.0;12.0;bygg+veg;668718;668737;6575592;6575614;668728;6575603;0
klump;379;39.6;23.3;115.1;34.0;9.5;veg;672045;672079;6584334;6584366;672062;6584349;0
klump;985;46.8;37.8;85.7;34.0;0.0;veg;674646;674691;6585108;6585148;674668;6585130;0
klump;119;23.3;9.2;8.5;34.0;18.0;bygg+veg;670323;670332;6582554;6582577;670327;6582565;0
klump;10;6.9;2.9;94.2;34.0;18.5;bygg;675482;675487;6576714;6576716;675485;6576715;0
klump;15;4.7;4.6;108.4;34.0;7.0;veg;666710;666714;6579244;6579248;666712;6579246;0
klump;53;9.1;8.1;135.3;34.0;10.0;veg;672485;672493;6584088;6584096;672489;6584092;0
klump;121;17.2;11.8;0.8;34.0;14.5;bygg+veg;676899;676910;6582712;6582728;676905;6582721;0
klump;420;41.7;22.8;128.3;34.0;13.0;veg;672072;672105;6584276;6584311;672089;6584297;0
klump;50;9.2;7.3;150.4;34.0;0.0;veg;674721;674728;6583994;6584002;674725;6583998;0
klump;112;23.4;8.8;5.1;34.0;18.0;bygg+veg;670366;670375;6582666;6582686;670370;6582676;0
klump;137;24.1;9.9;3.7;34.0;18.0;bygg+veg;670344;670354;6582607;6582630;670349;6582619;0
klump;77;18.2;6.4;87.6;34.0;6.0;veg;676967;676983;6575000;6575006;676975;6575002;0
klump;40;12.4;5.3;32.3;34.0;0.0;veg;674690;674697;6584138;6584147;674694;6584143;0
klump;48;8.9;8.0;160.8;34.0;17.0;veg;675528;675536;6583904;6583912;675533;6583908;0
klump;296;27.7;15.2;166.5;34.0;14.0;bygg;675731;675748;6577307;6577332;675740;6577319;0
klump;329;23.8;22.5;126.8;34.0;15.0;bygg+veg;671486;671511;6578337;6578361;671498;6578350;0
klump;152;17.1;12.9;8.7;34.0;9.0;veg;670693;670707;6580190;6580207;670700;6580199;0
klump;398;59.1;22.0;21.3;34.0;6.0;veg;674868;674901;6583874;6583925;674886;6583899;0
klump;19;5.3;4.8;173.7;34.0;6.0;veg;674957;674961;6583825;6583829;674959;6583827;0
klump;103;14.2;12.1;45.0;34.0;15.5;bygg;671710;671723;6581171;6581183;671716;6581177;0
klump;31;9.5;5.5;141.3;34.0;18.5;veg;668948;668954;6583089;6583096;668950;6583092;0
klump;20;6.6;4.5;80.2;34.0;17.5;bygg;678584;678589;6579594;6579597;678587;6579595;0
klump;9;4.0;3.4;63.4;34.0;11.5;bygg;678281;678284;6580268;6580271;678282;6580270;0
klump;53;12.6;6.1;113.3;34.0;8.0;veg;677151;677162;6575523;6575530;677156;6575526;0
klump;57;9.8;8.0;3.2;34.0;6.0;veg;677035;677043;6575002;6575011;677039;6575007;0
klump;11;6.7;2.1;176.9;34.0;17.0;bygg;675632;675633;6583899;6583904;675632;6583901;0
klump;37;17.9;3.1;20.3;34.0;9.5;veg;677280;677286;6575862;6575876;677283;6575869;0
klump;248;31.5;13.6;162.7;34.0;14.0;bygg;670336;670354;6582908;6582934;670347;6582922;0
klump;103;13.3;11.0;128.0;34.0;3.0;veg;678121;678134;6581672;6581684;678128;6581678;0
klump;23;6.2;5.1;16.4;34.0;0.0;veg;674568;674572;6584060;6584065;674570;6584063;0
klump;41;11.2;5.5;144.2;34.0;18.5;bygg;675525;675533;6576654;6576663;675530;6576658;0
klump;20;15.5;2.7;143.5;34.0;18.5;bygg+veg;674796;674803;6580514;6580525;674799;6580520;0
klump;42;8.0;7.2;85.1;34.0;0.0;veg;674888;674895;6585176;6585183;674891;6585179;0
klump;109;17.8;10.7;159.1;34.0;9.5;veg;672080;672093;6584324;6584341;672086;6584332;0
klump;64;11.1;9.3;134.7;34.0;17.0;bygg;672151;672161;6582785;6582795;672157;6582790;0
klump;47;9.7;6.5;2.1;34.0;17.0;bygg;674879;674885;6579668;6579676;674882;6579672;0
klump;16;12.6;3.6;147.3;34.0;18.5;bygg+veg;674786;674792;6580529;6580538;674788;6580534;0
klump;9;5.6;2.8;143.7;34.0;18.0;bygg;672848;672851;6581727;6581731;672850;6581729;0
klump;78;13.4;8.2;134.8;34.0;6.0;veg;677038;677048;6575069;6575079;677043;6575074;0
klump;24;14.7;2.6;145.2;34.0;18.5;bygg;674778;674785;6580537;6580547;674781;6580542;0
klump;16;12.8;2.7;161.9;34.0;20.0;veg;675687;675690;6577791;6577801;675689;6577797;0
klump;15;6.3;3.8;10.0;34.0;0.0;veg;674712;674715;6584078;6584083;674714;6584081;0
klump;8;8.9;1.3;18.0;34.0;9.0;veg;666228;666230;6580058;6580064;666229;6580061;0
klump;12;12.7;2.4;7.4;34.0;18.0;bygg+veg;670485;670488;6582661;6582670;670486;6582666;0
klump;35;8.3;6.2;12.5;34.0;7.0;veg;666703;666709;6579248;6579255;666706;6579251;0
klump;14;7.0;3.3;147.7;34.0;11.5;veg;675293;675297;6577906;6577910;675295;6577908;0
klump;9;5.9;2.2;70.5;34.0;20.0;veg;675338;675342;6577784;6577786;675340;6577785;0
klump;9;4.5;2.8;174.0;34.0;11.0;veg;668124;668126;6580570;6580573;668125;6580571;0
klump;10;9.1;1.6;154.7;34.0;11.5;veg;675199;675202;6577879;6577885;675201;6577882;0
klump;11;7.5;3.3;177.1;34.0;11.5;veg;675213;675216;6577871;6577876;675214;6577874;0
klump;206;22.6;19.3;57.3;33.5;10.0;veg;674776;674795;6583758;6583779;674787;6583768;0
klump;301;24.5;21.6;54.0;33.5;12.0;bygg+veg;673722;673743;6577542;6577564;673732;6577554;0
klump;56;9.9;9.6;98.0;33.5;14.0;bygg+veg;675545;675554;6577152;6577159;675550;6577156;0
klump;56;17.3;4.6;6.8;33.5;15.0;bygg;675230;675234;6577285;6577300;675232;6577292;0
klump;573;39.2;25.2;17.5;33.5;11.5;bygg+veg;667457;667486;6581415;6581449;667471;6581431;0
klump;588;43.0;30.4;117.4;33.5;6.0;veg;674854;674896;6583846;6583883;674874;6583861;0
klump;346;23.6;22.8;118.6;33.5;11.5;bygg+veg;678431;678452;6578580;6578600;678441;6578590;0
klump;96;15.6;13.9;80.8;33.5;10.0;veg;672515;672530;6584101;6584113;672523;6584108;0
klump;22;12.5;2.7;134.0;33.5;0.0;veg;674307;674315;6585034;6585041;674311;6585038;0
klump;571;70.1;16.3;14.6;33.5;10.5;bygg;667093;667118;6576330;6576393;667106;6576364;0
klump;98;15.4;12.3;123.5;33.5;14.0;bygg;670412;670429;6578908;6578923;670419;6578914;0
klump;39;7.3;7.1;171.9;33.5;6.0;veg;674869;674876;6583964;6583971;674873;6583967;0
klump;53;9.1;7.9;174.9;33.5;8.0;veg;676888;676895;6575141;6575150;676892;6575145;0
klump;568;55.3;29.6;64.5;33.5;5.5;veg;678317;678365;6580899;6580939;678339;6580920;0
klump;205;33.4;10.7;133.8;33.5;0.0;veg;675291;675315;6583348;6583373;675302;6583363;0
klump;259;28.3;16.8;171.6;33.5;12.5;veg;672661;672679;6583644;6583673;672670;6583660;0
klump;257;24.4;17.2;126.2;33.5;10.0;bygg+veg;677510;677534;6584669;6584691;677522;6584680;0
klump;124;22.3;9.3;127.0;33.5;9.0;veg;673939;673956;6584018;6584032;673949;6584025;0
klump;310;29.5;20.4;110.9;33.5;0.0;veg;674610;674637;6585274;6585298;674623;6585288;0
klump;68;15.0;7.2;44.8;33.5;9.0;veg;673928;673939;6584026;6584037;673933;6584032;0
klump;242;27.7;21.1;22.7;33.5;12.0;veg;677779;677802;6576626;6576652;677790;6576638;1
klump;32;16.2;3.2;99.1;33.5;17.5;bygg;673797;673810;6578515;6578518;673804;6578517;0
klump;78;14.0;8.6;65.2;33.5;7.0;veg;666706;666718;6579219;6579229;666711;6579225;0
klump;71;13.3;7.2;105.0;33.5;6.0;veg;674811;674822;6583863;6583871;674816;6583867;1
klump;67;11.0;9.8;14.8;33.5;15.5;bygg;673490;673500;6585146;6585158;673495;6585152;0
klump;32;12.4;4.4;96.2;33.5;7.0;veg;666736;666746;6579200;6579204;666740;6579201;0
klump;29;9.7;4.6;133.8;33.5;6.0;veg;674841;674848;6583876;6583883;674845;6583880;0
klump;226;28.4;14.5;174.9;33.5;14.5;bygg+veg;676939;676954;6582587;6582610;676946;6582599;0
klump;260;28.0;14.1;166.9;33.5;14.0;bygg;675640;675658;6577290;6577315;675649;6577303;0
klump;61;13.3;8.8;4.5;33.5;10.0;veg;672481;672491;6583989;6584003;672485;6583996;0
klump;134;22.8;14.1;75.8;33.5;0.0;veg;674506;674526;6585268;6585282;674517;6585275;0
klump;16;8.6;4.0;97.6;33.5;18.5;veg;674215;674222;6583049;6583052;674219;6583050;0
klump;28;8.4;5.5;69.7;33.5;0.0;veg;674889;674897;6585168;6585173;674894;6585170;0
klump;91;17.9;11.9;27.0;33.5;10.0;veg;672527;672540;6584031;6584047;672532;6584039;0
klump;22;14.7;2.1;10.8;33.5;20.5;veg;671938;671941;6581099;6581111;671939;6581105;0
klump;161;19.7;11.8;39.5;33.5;8.5;bygg;675869;675888;6580607;6580624;675880;6580615;0
klump;11;14.2;1.3;159.4;33.5;11.5;veg;675311;675314;6577871;6577881;675312;6577876;0
klump;41;11.2;6.0;156.2;33.5;10.0;veg;672331;672338;6584079;6584089;672334;6584085;0
klump;51;9.7;7.6;170.7;33.5;6.5;veg;676641;676648;6575192;6575201;676645;6575197;0
klump;24;6.2;5.4;84.1;33.5;6.0;veg;674823;674828;6583891;6583895;674826;6583893;0
klump;13;10.4;1.7;138.4;33.5;4.0;veg;675400;675405;6584426;6584432;675403;6584429;0
klump;10;9.7;2.0;70.0;33.5;11.5;veg;675228;675234;6578092;6578095;675231;6578094;0
klump;60;12.9;7.4;171.5;33.5;17.5;bygg+veg;670229;670236;6583463;6583475;670233;6583468;0
klump;12;8.7;2.5;151.6;33.5;11.5;veg;675201;675205;6577882;6577888;675203;6577885;0
klump;24;17.8;2.0;159.4;33.5;11.5;veg;675309;675314;6577908;6577922;675312;6577915;0
klump;10;9.3;1.9;62.1;33.5;8.0;veg;667191;667197;6575443;6575446;667194;6575444;0
klump;33;9.4;5.9;149.6;33.5;11.0;veg;674155;674162;6583597;6583605;674159;6583601;0
klump;28;6.6;5.8;124.7;33.5;0.0;veg;674740;674745;6583899;6583904;674742;6583901;0
klump;22;15.8;2.6;66.8;33.5;9.0;veg;671587;671598;6576318;6576324;671593;6576321;0
klump;19;5.5;4.7;114.7;33.5;0.0;veg;674503;674508;6583904;6583908;674506;6583906;0
klump;20;9.2;3.7;159.9;33.5;17.0;bygg;674656;674660;6579726;6579734;674658;6579730;0
klump;16;6.4;4.6;161.0;33.5;17.0;bygg;671132;671136;6582896;6582901;671135;6582898;0
klump;18;13.1;2.5;161.3;33.5;11.5;veg;675292;675295;6577882;6577893;675294;6577887;0
klump;30;7.4;5.5;74.2;33.5;0.0;veg;674521;674527;6585338;6585343;674524;6585341;0
klump;11;6.3;2.9;12.2;33.5;14.0;bygg;670606;670608;6578996;6579000;670607;6578998;0
klump;11;7.2;5.0;133.5;33.5;0.0;veg;674490;674495;6584879;6584884;674492;6584881;0
klump;9;5.1;3.2;158.6;33.5;18.0;bygg;677707;677710;6578437;6578440;677708;6578439;0
klump;11;6.5;2.9;61.4;33.5;9.0;veg;671600;671605;6576324;6576327;671603;6576325;0
klump;8;6.0;2.0;95.2;33.5;7.5;veg;672164;672168;6580207;6580208;672166;6580207;0
klump;45;16.0;6.0;171.9;33.0;17.5;bygg+veg;670230;670235;6583448;6583461;670232;6583454;0
klump;105;17.8;9.0;32.6;33.0;0.0;veg;674666;674678;6584003;6584019;674672;6584010;0
klump;1706;82.7;39.6;115.4;33.0;7.0;bygg;667031;667102;6584483;6584537;667065;6584513;0
klump;290;25.1;18.7;106.4;33.0;10.0;bygg+veg;677495;677519;6584633;6584652;677506;6584642;0
klump;88;13.0;10.6;116.1;33.0;11.5;bygg;675938;675949;6576769;6576779;675943;6576775;0
klump;682;75.0;16.6;12.9;33.0;10.5;bygg;666811;666836;6576567;6576631;666823;6576599;0
klump;380;39.8;26.2;131.3;33.0;3.0;veg;678105;678137;6581692;6581726;678122;6581711;0
klump;71;21.5;7.1;84.1;33.0;0.0;veg;674653;674670;6584016;6584023;674661;6584020;0
klump;1153;88.4;31.8;145.4;33.0;4.0;veg;675709;675772;6584745;6584818;675740;6584786;0
klump;455;31.8;22.1;105.3;33.0;10.0;bygg+veg;677486;677515;6584591;6584613;677500;6584602;0
klump;39;8.5;7.5;35.8;33.0;6.5;veg;676477;676484;6575525;6575533;676481;6575529;0
klump;186;21.8;16.0;27.2;33.0;3.0;veg;678108;678126;6581628;6581649;678117;6581638;0
klump;215;37.2;15.2;135.0;33.0;10.0;veg;672271;672298;6584256;6584282;672286;6584269;0
klump;300;40.1;13.7;174.3;33.0;10.0;veg;672746;672761;6583833;6583870;672754;6583852;0
klump;71;15.6;6.7;61.6;33.0;11.0;veg;674166;674179;6583599;6583608;674173;6583603;0
klump;40;11.6;5.1;168.1;33.0;11.0;veg;674116;674121;6583623;6583634;674119;6583628;0
klump;1003;85.3;32.7;146.0;33.0;0.0;veg;674640;674704;6585269;6585340;674672;6585304;0
klump;150;28.4;9.1;35.1;33.0;0.0;veg;674650;674669;6583934;6583956;674660;6583945;0
klump;14;14.6;2.1;158.9;33.0;11.5;veg;675286;675291;6577895;6577905;675289;6577900;0
klump;13;8.9;2.2;66.8;33.0;8.0;veg;667181;667188;6575438;6575441;667185;6575439;0
klump;284;22.2;20.2;71.7;33.0;8.5;bygg+veg;678386;678406;6578560;6578578;678395;6578569;1
klump;809;58.4;50.9;106.4;33.0;0.0;veg;674517;674582;6585292;6585343;674549;6585311;0
klump;68;15.8;6.4;9.0;33.0;0.0;veg;674557;674564;6583889;6583903;674561;6583896;0
klump;45;16.5;4.2;137.2;33.0;11.5;bygg;676447;676458;6576280;6576292;676452;6576286;0
klump;181;18.1;16.0;109.6;33.0;0.0;veg;674809;674828;6583758;6583774;674819;6583766;1
klump;14;5.0;4.5;63.0;33.0;18.0;veg;670649;670653;6580841;6580845;670651;6580843;0
klump;226;23.8;19.1;176.3;33.0;8.0;bygg;669166;669183;6584841;6584866;669176;6584853;0
klump;39;7.8;6.7;148.3;33.0;10.0;veg;674605;674612;6583455;6583462;674608;6583458;0
klump;65;14.4;10.2;174.6;33.0;10.0;veg;672457;672466;6584000;6584013;672462;6584007;0
klump;407;25.8;24.5;66.4;33.0;7.0;bygg+veg;669305;669331;6575607;6575634;669318;6575620;1
klump;90;21.3;6.9;105.4;33.0;7.5;bygg;672082;672101;6577583;6577592;672093;6577588;0
klump;394;70.5;17.1;89.9;33.0;12.0;veg;677720;677785;6576613;6576635;677753;6576623;0
klump;64;15.1;7.6;133.8;33.0;6.5;veg;676713;676724;6575196;6575208;676719;6575201;0
klump;27;6.5;5.9;169.8;33.0;10.0;veg;674449;674454;6583680;6583686;674451;6583683;0
klump;217;19.7;15.4;83.7;33.0;12.5;bygg;674637;674657;6577298;6577314;674648;6577306;0
klump;68;23.3;9.8;160.5;33.0;10.5;veg;671072;671083;6578620;6578642;671079;6578634;0
klump;197;24.3;15.9;128.9;33.0;10.0;veg;672448;672469;6584100;6584120;672457;6584109;0
klump;42;7.9;7.3;52.8;33.0;10.0;veg;672478;672485;6584112;6584119;672481;6584116;0
klump;392;31.1;23.0;16.9;33.0;4.5;veg;672544;672567;6584741;6584770;672557;6584755;0
klump;41;9.9;6.5;89.4;33.0;0.0;veg;674999;675008;6583457;6583463;675004;6583460;0
klump;41;7.6;7.2;28.1;33.0;0.0;veg;674714;674720;6584133;6584139;674717;6584136;0
klump;145;22.3;11.7;32.2;33.0;10.0;veg;672388;672403;6584122;6584140;672395;6584132;0
klump;64;12.8;8.8;128.7;33.0;0.0;veg;674525;674536;6585053;6585063;674529;6585058;0
klump;150;22.6;12.1;112.8;33.0;11.0;veg;674127;674148;6583616;6583631;674137;6583625;0
klump;305;33.8;14.0;15.7;33.0;11.5;bygg+veg;671081;671100;6578909;6578940;671090;6578926;0
klump;40;7.6;7.1;11.6;33.0;10.0;veg;674494;674500;6583673;6583680;674497;6583676;0
klump;33;8.1;6.0;64.5;33.0;10.0;veg;674526;674533;6583804;6583810;674529;6583807;1
klump;31;7.5;5.8;96.9;33.0;0.0;veg;674346;674353;6583862;6583867;674350;6583864;0
klump;48;17.9;9.2;86.9;33.0;11.5;veg;675170;675186;6577931;6577940;675177;6577935;0
klump;22;6.1;4.9;27.9;33.0;10.0;veg;674505;674510;6583420;6583425;674508;6583422;0
klump;96;22.6;8.6;43.4;33.0;0.0;veg;674827;674843;6583752;6583767;674836;6583760;0
klump;96;16.9;13.6;136.4;33.0;7.5;veg;678051;678065;6581890;6581906;678058;6581895;0
klump;84;14.0;9.0;60.5;33.0;6.0;veg;676933;676945;6575071;6575081;676939;6575076;0
klump;145;20.1;11.5;123.2;33.0;15.5;bygg;677787;677807;6582616;6582630;677797;6582623;0
klump;37;7.4;6.8;32.3;33.0;0.0;veg;674886;674892;6585159;6585165;674889;6585162;0
klump;55;11.7;6.9;89.6;33.0;0.0;veg;674506;674516;6585322;6585328;674510;6585325;0
klump;18;5.8;4.3;140.0;33.0;10.0;veg;672414;672418;6584047;6584051;672416;6584049;0
klump;50;15.2;8.5;159.2;33.0;10.0;veg;674353;674363;6583569;6583581;674358;6583576;0
klump;14;5.4;3.6;51.2;33.0;6.0;veg;674880;674884;6583809;6583812;674882;6583810;0
klump;63;12.1;8.7;37.7;33.0;11.0;veg;674170;674179;6583612;6583622;674174;6583617;0
klump;36;7.6;6.8;90.0;33.0;10.0;veg;672474;672481;6584017;6584024;672478;6584020;0
klump;73;15.6;9.9;177.9;33.0;6.0;veg;674909;674919;6583880;6583892;674915;6583887;0
klump;10;11.0;1.2;92.3;33.0;18.0;veg;670327;670335;6582549;6582550;670331;6582550;0
klump;37;7.8;6.9;10.5;33.0;7.0;veg;666712;666719;6579200;6579208;666716;6579204;0
klump;36;16.6;7.0;110.2;33.0;11.5;bygg+veg;678827;678840;6575045;6575053;678834;6575049;0
klump;55;12.1;7.0;178.9;33.0;10.0;veg;672470;672476;6583952;6583962;672473;6583957;0
klump;53;9.9;7.6;57.8;33.0;10.0;veg;672363;672372;6584125;6584133;672368;6584129;0
klump;27;6.3;5.7;46.3;33.0;0.0;veg;674609;674614;6584004;6584009;674611;6584006;0
klump;18;7.1;5.5;117.5;33.0;17.5;bygg+veg;670231;670236;6583441;6583446;670233;6583444;0
klump;9;4.4;3.0;145.4;33.0;13.5;bygg;677474;677477;6579302;6579305;677475;6579303;0
klump;16;5.4;4.1;89.1;33.0;0.0;veg;674957;674962;6583589;6583592;674959;6583591;0
klump;11;5.7;3.7;178.2;33.0;15.0;bygg;671355;671358;6580473;6580478;671357;6580476;0
klump;240;19.7;19.0;174.6;32.5;13.0;bygg;678043;678062;6579365;6579386;678052;6579375;0
klump;238;19.8;19.4;89.6;32.5;13.0;bygg;678076;678095;6579387;6579407;678086;6579397;0
klump;170;17.8;13.4;14.2;32.5;12.5;bygg;674752;674766;6577173;6577189;674759;6577182;0
klump;507;37.3;29.9;82.0;32.5;9.0;veg;674123;674161;6584046;6584077;674142;6584061;0
klump;58;13.6;7.1;121.7;32.5;10.0;veg;674345;674356;6583595;6583604;674350;6583599;0
klump;122;23.0;8.6;86.4;32.5;11.5;bygg;673820;673840;6577655;6577663;673829;6577660;0
klump;59;11.6;7.2;163.9;32.5;10.0;veg;672314;672321;6584116;6584127;672318;6584122;0
klump;1452;66.5;49.8;69.0;32.5;9.0;veg;674077;674145;6583987;6584043;674112;6584016;0
klump;278;31.7;15.9;101.2;32.5;4.5;veg;672508;672539;6584320;6584337;672522;6584328;0
klump;1388;92.6;45.6;91.1;32.5;4.5;veg;672411;672507;6584311;6584366;672461;6584337;1
klump;408;41.7;16.1;59.8;32.5;8.0;bygg;677645;677682;6584837;6584862;677665;6584849;0
klump;136;16.4;14.3;173.9;32.5;10.0;veg;674705;674719;6583708;6583724;674711;6583716;0
klump;138;18.2;11.5;36.4;32.5;4.5;veg;672487;672502;6584683;6584700;672494;6584691;0
klump;695;65.3;22.5;142.3;32.5;12.5;veg;672616;672658;6583663;6583716;672639;6583689;0
klump;57;10.7;8.3;10.1;32.5;13.5;bygg;675185;675193;6577070;6577080;675189;6577076;0
klump;288;24.1;20.1;4.2;32.5;12.0;bygg+veg;668842;668860;6575444;6575465;668851;6575454;0
klump;322;26.7;23.0;31.1;32.5;12.0;bygg;673756;673778;6577577;6577602;673768;6577590;0
klump;412;27.3;23.7;118.9;32.5;11.5;bygg+veg;666977;667006;6585308;6585334;666991;6585321;0
klump;66;14.0;6.9;72.8;32.5;0.0;veg;674941;674953;6583530;6583537;674947;6583534;0
klump;248;20.1;19.2;1.4;32.5;13.0;bygg;678110;678129;6579408;6579429;678119;6579418;0
klump;269;32.3;13.4;158.1;32.5;12.0;bygg;671528;671546;6575314;6575344;671536;6575328;0
klump;48;8.5;7.9;13.7;32.5;0.0;veg;674813;674820;6583796;6583804;674816;6583800;1
klump;175;26.1;15.0;172.0;32.5;9.0;veg;674008;674025;6583981;6584006;674017;6583995;0
klump;27;8.2;5.5;61.8;32.5;16.5;bygg+veg;669188;669195;6584360;6584365;669191;6584363;0
klump;201;18.8;15.4;129.7;32.5;11.5;bygg+veg;675981;675998;6576759;6576774;675990;6576767;0
klump;28;6.4;5.8;84.2;32.5;0.0;veg;674550;674556;6583899;6583904;674553;6583902;0
klump;29;8.2;5.7;148.0;32.5;8.0;veg;677132;677138;6575553;6575559;677135;6575556;0
klump;17;7.1;5.0;31.5;32.5;17.5;veg;673453;673458;6582987;6582992;673456;6582989;0
klump;106;16.8;9.7;126.1;32.5;0.0;veg;674516;674531;6585283;6585295;674523;6585289;0
klump;113;19.1;11.6;105.4;32.5;13.0;bygg+veg;678340;678360;6579370;6579383;678349;6579377;0
klump;282;26.1;19.0;17.6;32.5;12.0;bygg+veg;668852;668871;6575500;6575522;668861;6575512;0
klump;38;7.8;6.8;140.0;32.5;6.0;veg;677004;677011;6575098;6575105;677008;6575101;1
klump;223;32.3;10.5;162.5;32.5;12.0;bygg;674631;674646;6583077;6583105;674641;6583092;0
klump;73;14.0;10.7;122.0;32.5;6.0;veg;674859;674872;6583833;6583844;674866;6583839;0
klump;48;9.2;8.0;123.2;32.5;11.0;veg;674159;674168;6583606;6583614;674164;6583610;0
klump;244;18.9;17.5;164.8;32.5;7.0;bygg+veg;666944;666961;6584199;6584217;666953;6584208;0
klump;30;6.7;6.4;141.3;32.5;4.5;veg;675799;675805;6575042;6575048;675801;6575045;0
klump;65;11.7;7.8;113.6;32.5;6.5;veg;676769;676780;6575185;6575194;676774;6575190;0
klump;85;13.1;8.8;165.2;32.5;10.0;veg;672455;672463;6584126;6584138;672459;6584132;0
klump;444;32.7;21.3;151.2;32.5;11.5;bygg+veg;669604;669631;6576645;6576675;669617;6576660;0
klump;45;7.9;7.6;60.5;32.5;10.0;veg;674440;674447;6583675;6583682;674443;6583678;0
klump;172;22.6;17.3;35.0;32.5;12.0;bygg+veg;668957;668977;6576383;6576402;668968;6576394;0
klump;271;22.4;17.5;14.4;32.5;12.5;bygg+veg;674701;674720;6577176;6577196;674711;6577186;0
klump;60;11.6;11.0;44.2;32.5;14.5;bygg;676735;676748;6583581;6583591;676742;6583586;0
klump;90;18.2;8.4;173.1;32.5;0.0;veg;674636;674644;6585142;6585161;674640;6585152;0
klump;41;9.5;6.4;107.6;32.5;11.0;veg;674182;674191;6583588;6583595;674186;6583591;0
klump;18;5.5;4.3;38.5;32.5;0.0;veg;674544;674548;6584043;6584047;674546;6584045;0
klump;45;9.1;7.8;10.7;32.5;3.0;veg;678091;678099;6581664;6581673;678095;6581668;0
klump;40;11.8;6.8;10.7;32.5;19.0;veg;673732;673739;6580662;6580673;673736;6580668;0
klump;91;15.4;9.8;79.2;32.5;15.0;bygg;670410;670425;6584630;6584640;670417;6584636;0
klump;34;7.2;6.5;112.6;32.5;0.0;veg;674420;674426;6584032;6584038;674423;6584035;0
klump;54;13.8;6.7;78.6;32.5;0.0;veg;674609;674621;6583984;6583991;674615;6583988;0
klump;22;7.1;4.5;38.3;32.5;0.0;veg;674610;674615;6584178;6584183;674613;6584180;0
klump;57;11.6;6.6;174.5;32.5;0.0;veg;674445;674451;6584019;6584031;674448;6584025;0
klump;50;12.2;5.9;79.6;32.5;0.0;veg;674701;674713;6585107;6585113;674707;6585110;0
klump;55;11.3;9.0;45.8;32.5;9.0;veg;673924;673934;6584034;6584044;673928;6584039;0
klump;36;11.3;5.1;136.8;32.5;0.0;veg;674960;674968;6583552;6583560;674964;6583556;0
klump;21;5.9;5.1;152.3;32.5;9.5;veg;672058;672062;6584444;6584449;672060;6584447;0
klump;21;11.9;4.3;162.2;32.5;12.0;bygg;669728;669733;6577058;6577067;669731;6577064;0
klump;31;7.4;6.3;114.3;32.5;10.0;veg;672493;672499;6584095;6584101;672496;6584098;0
klump;29;8.1;5.6;124.4;32.5;0.0;veg;674791;674797;6583868;6583874;674794;6583871;0
klump;9;6.0;2.4;116.7;32.5;11.5;veg;674221;674225;6585096;6585098;674223;6585097;0
klump;22;16.7;1.8;92.7;32.5;18.5;veg;675669;675683;6576649;6576650;675675;6576649;0
klump;10;8.1;2.2;49.7;32.5;20.0;veg;672321;672326;6583094;6583098;672323;6583096;0
klump;9;4.9;2.9;0.0;32.5;15.0;bygg;671439;671441;6580469;6580473;671440;6580471;0
klump;11;5.6;3.2;121.4;32.5;14.0;bygg;668089;668093;6584089;6584092;668091;6584091;0
klump;8;8.2;1.9;84.5;32.5;18.0;veg;670316;670322;6582513;6582514;670319;6582513;0
klump;902;84.0;23.5;81.4;32.0;13.5;veg;677999;678081;6578701;6578732;678040;6578716;0
klump;795;68.2;34.6;114.8;32.0;9.0;veg;673914;673984;6583949;6584000;673949;6583976;0
klump;609;60.9;16.2;10.5;32.0;11.5;bygg+veg;667287;667310;6576341;6576397;667298;6576368;0
klump;194;26.9;13.9;49.0;32.0;14.5;veg;676634;676655;6583492;6583513;676643;6583504;0
klump;246;22.9;18.1;175.7;32.0;9.0;bygg+veg;673897;673916;6583821;6583844;673907;6583831;0
klump;576;53.3;19.2;106.8;32.0;12.5;veg;672533;672578;6583731;6583760;672557;6583748;0
klump;212;22.0;19.9;94.6;32.0;12.0;bygg+veg;668979;669001;6576340;6576360;668989;6576350;0
klump;370;29.8;21.7;24.8;32.0;11.5;bygg;673790;673811;6577615;6577642;673801;6577628;1
klump;141;26.0;10.1;94.9;32.0;8.0;veg;676957;676980;6575101;6575112;676969;6575106;1
klump;201;24.4;14.1;171.0;32.0;12.0;bygg;670144;670158;6577844;6577865;670151;6577854;0
klump;217;22.8;16.7;29.4;32.0;15.5;bygg;669314;669332;6584299;6584319;669322;6584310;0
klump;260;20.6;20.5;169.7;32.0;11.0;bygg+veg;671410;671433;6575805;6575828;671422;6575816;0
klump;34;7.5;6.4;146.4;32.0;12.0;veg;677773;677779;6576647;6576654;677776;6576651;0
klump;387;44.6;22.9;178.2;32.0;8.0;veg;677129;677152;6575476;6575517;677141;6575498;0
klump;30;10.0;4.8;168.0;32.0;12.5;veg;672507;672512;6583757;6583765;672510;6583761;0
klump;458;42.9;25.2;38.2;32.0;8.0;veg;676886;676921;6575096;6575129;676903;6575112;1
klump;54;14.3;7.2;72.5;32.0;0.0;veg;674533;674545;6585078;6585087;674539;6585083;0
klump;381;46.5;17.3;64.0;32.0;9.0;bygg;671338;671381;6576328;6576357;671358;6576345;0
klump;271;35.5;21.4;161.2;32.0;0.0;veg;674752;674774;6585086;6585119;674763;6585099;0
klump;68;10.3;8.9;30.2;32.0;0.0;veg;674819;674827;6583775;6583785;674823;6583781;0
klump;415;28.1;22.9;85.7;32.0;11.5;bygg+veg;666990;667015;6585270;6585290;667002;6585280;0
klump;251;22.5;17.3;144.7;32.0;11.5;bygg+veg;675959;675978;6576964;6576984;675969;6576973;0
klump;272;39.2;18.7;19.4;32.0;3.0;veg;678110;678132;6581728;6581761;678121;6581742;1
klump;71;20.2;6.1;10.9;32.0;18.5;veg;671672;671680;6584441;6584458;671676;6584450;0
klump;26;6.8;5.8;44.3;32.0;7.0;veg;666739;666745;6579208;6579214;666743;6579211;0
klump;150;23.7;12.5;147.2;32.0;9.0;veg;673979;673995;6584011;6584031;673987;6584022;0
klump;32;6.9;6.3;135.8;32.0;9.0;veg;674267;674273;6583898;6583904;674270;6583901;0
klump;126;20.4;11.5;170.5;32.0;0.0;veg;674694;674707;6585064;6585084;674701;6585074;0
klump;345;27.0;21.0;60.1;32.0;11.5;bygg;666999;667022;6585235;6585255;667011;6585244;0
klump;124;20.0;11.3;58.2;32.0;13.5;bygg;671034;671053;6576980;6576995;671044;6576988;0
klump;414;34.9;26.7;125.5;32.0;0.0;veg;674530;674564;6585119;6585149;674547;6585133;0
klump;29;6.9;6.2;161.5;32.0;0.0;veg;674553;674559;6584029;6584035;674555;6584032;0
klump;133;15.8;11.5;176.7;32.0;0.0;veg;674521;674533;6585141;6585156;674526;6585148;0
klump;91;18.0;8.1;175.3;32.0;6.0;veg;674869;674878;6583809;6583824;674874;6583817;0
klump;85;14.7;8.4;145.9;32.0;12.5;bygg;674600;674610;6577319;6577332;674605;6577325;0
klump;110;18.1;14.2;162.4;32.0;0.0;veg;674729;674742;6585082;6585100;674735;6585091;0
klump;129;20.8;11.5;78.8;32.0;0.0;veg;674832;674850;6585110;6585123;674842;6585116;0
klump;99;13.7;10.2;41.6;32.0;12.5;bygg;674766;674778;6577218;6577229;674773;6577223;0
klump;61;10.5;8.0;176.7;32.0;10.0;veg;674677;674684;6583705;6583714;674680;6583709;0
klump;52;19.2;6.4;143.6;32.0;8.5;veg;670712;670724;6579268;6579282;670718;6579275;1
klump;130;21.8;13.3;150.1;32.0;0.0;veg;674501;674518;6584139;6584159;674508;6584149;0
klump;152;21.8;11.0;46.5;32.0;6.0;veg;674848;674865;6583969;6583986;674858;6583977;0
klump;118;19.2;10.6;16.1;32.0;0.0;veg;674559;674571;6583867;6583886;674565;6583877;0
klump;141;23.0;10.7;117.9;32.0;4.5;veg;676676;676697;6575090;6575104;676685;6575098;1
klump;326;24.3;18.4;148.8;32.0;12.0;bygg+veg;674445;674468;6583079;6583103;674457;6583091;0
klump;66;15.6;7.7;59.4;32.0;10.0;veg;672484;672497;6583930;6583940;672490;6583935;0
klump;90;17.9;9.2;11.9;32.0;0.0;veg;674688;674698;6585261;6585278;674694;6585268;0
klump;77;11.6;9.7;170.8;32.0;12.5;bygg;674674;674683;6577217;6577228;674678;6577222;0
klump;90;16.0;8.8;47.3;32.0;11.5;bygg;675841;675854;6576640;6576651;675848;6576645;0
klump;205;21.7;17.5;131.3;32.0;10.0;veg;672409;672429;6584064;6584082;672421;6584074;0
klump;147;17.7;12.3;131.8;32.0;0.0;veg;674790;674807;6584018;6584034;674799;6584027;0
klump;108;15.3;11.7;121.6;32.0;4.0;veg;675728;675741;6584822;6584836;675735;6584829;1
klump;38;8.0;6.7;20.6;32.0;6.0;veg;676991;676997;6575092;6575100;676994;6575096;0
klump;28;11.5;3.4;151.9;32.0;6.5;veg;674889;674894;6584653;6584662;674892;6584658;0
klump;24;6.4;5.2;133.5;32.0;4.0;veg;675731;675735;6584770;6584775;675733;6584772;0
klump;64;13.2;9.1;126.2;32.0;0.0;veg;674339;674350;6583867;6583877;674344;6583872;0
klump;29;7.5;5.8;37.5;32.0;10.5;veg;670873;670879;6578517;6578524;670876;6578520;0
klump;21;8.5;3.9;27.0;32.0;14.5;bygg;669030;669034;6584435;6584441;669032;6584438;0
klump;44;13.1;6.1;126.9;32.0;0.0;veg;674545;674556;6585109;6585117;674551;6585113;0
klump;29;7.6;5.8;114.6;32.0;12.5;veg;668469;668476;6577919;6577924;668472;6577922;0
klump;126;17.8;14.0;139.6;32.0;3.0;veg;678085;678100;6581624;6581640;678092;6581632;0
klump;158;19.6;16.6;119.2;32.0;9.5;bygg+veg;669696;669714;6583969;6583986;669704;6583978;0
klump;17;8.3;3.3;55.1;32.0;0.0;veg;674727;674733;6584090;6584094;674730;6584092;0
klump;41;9.4;7.1;65.6;32.0;0.0;veg;674650;674657;6583953;6583961;674653;6583957;0
klump;24;6.4;5.5;15.6;32.0;10.0;veg;674302;674307;6583560;6583565;674304;6583562;1
klump;44;8.6;7.1;82.5;32.0;12.0;veg;677783;677791;6576600;6576607;677787;6576604;0
klump;54;9.4;8.9;64.1;32.0;11.0;veg;674173;674182;6583566;6583574;674177;6583570;0
klump;29;10.1;4.1;179.3;32.0;0.0;veg;674564;674568;6583934;6583942;674566;6583938;0
klump;40;8.1;7.7;105.0;32.0;6.0;veg;677189;677197;6575012;6575019;677193;6575015;0
klump;59;9.5;8.7;128.7;32.0;10.0;veg;674429;674438;6583702;6583711;674434;6583706;0
klump;38;7.7;6.9;18.7;32.0;6.0;veg;677045;677051;6575040;6575047;677048;6575044;0
klump;26;6.5;5.5;14.4;32.0;0.0;veg;674333;674338;6583865;6583871;674336;6583868;0
klump;16;5.8;4.8;47.8;32.0;7.0;veg;666688;666693;6579251;6579256;666690;6579253;0
klump;13;13.1;1.4;18.6;32.0;9.0;veg;666245;666248;6580059;6580069;666246;6580064;0
klump;32;7.1;6.1;7.0;32.0;0.0;veg;674963;674968;6583581;6583587;674966;6583584;0
klump;18;5.6;4.5;79.6;32.0;10.0;veg;674514;674518;6583412;6583416;674516;6583414;0
klump;15;5.0;4.7;29.5;32.0;14.5;bygg;676732;676736;6583571;6583575;676734;6583573;0
klump;9;7.2;2.5;146.2;32.0;11.5;veg;675196;675199;6577892;6577896;675198;6577894;0
klump;58;12.4;6.8;86.4;32.0;9.0;veg;674001;674012;6583990;6583996;674006;6583993;0
klump;16;6.2;5.1;146.8;32.0;15.5;bygg;677298;677302;6578171;6578175;677300;6578173;0
klump;16;5.0;4.6;8.6;32.0;6.0;veg;674830;674834;6583882;6583886;674832;6583884;0
klump;10;8.4;2.2;170.8;32.0;15.0;bygg;675250;675252;6577362;6577368;675251;6577366;0
klump;29;7.4;5.6;38.4;32.0;10.0;veg;674746;674752;6583753;6583759;674749;6583757;0
klump;18;8.0;3.6;154.2;32.0;18.5;veg;674388;674393;6580612;6580618;674390;6580615;0
klump;21;6.6;5.5;152.6;32.0;8.5;veg;666478;666483;6580695;6580700;666480;6580698;0
klump;9;5.6;2.1;31.7;32.0;16.5;veg;668526;668528;6584093;6584097;668527;6584095;0
klump;213;30.3;13.3;154.0;31.5;0.0;veg;674802;674821;6583891;6583920;674813;6583907;1
klump;114;24.1;11.9;104.6;31.5;6.0;veg;674859;674881;6583909;6583923;674871;6583915;0
klump;94;20.7;10.3;144.0;31.5;6.0;veg;674815;674831;6583931;6583948;674825;6583940;1
klump;307;25.7;20.4;7.0;31.5;11.0;bygg+veg;668666;668685;6575663;6575686;668675;6575675;1
klump;146;20.3;14.8;140.5;31.5;6.5;veg;676773;676791;6575101;6575121;676782;6575112;1
klump;75;16.1;7.8;99.1;31.5;10.0;veg;672348;672364;6584117;6584126;672355;6584122;0
klump;649;61.8;17.4;34.1;31.5;9.5;bygg+veg;667685;667726;6584320;6584369;667707;6584345;0
klump;105;20.8;10.3;18.4;31.5;0.0;veg;674855;674867;6585098;6585116;674862;6585106;0
klump;393;48.7;18.7;166.4;31.5;11.5;veg;675898;675921;6583324;6583367;675910;6583347;0
klump;83;18.7;10.8;152.2;31.5;8.5;veg;670694;670706;6579255;6579271;670700;6579265;0
klump;132;24.3;10.3;68.1;31.5;13.0;veg;672134;672155;6584171;6584187;672143;6584180;0
klump;213;23.5;18.7;82.6;31.5;14.0;veg;668084;668106;6584130;6584149;668095;6584140;0
klump;47;11.4;7.3;114.7;31.5;0.0;veg;674757;674767;6585279;6585287;674761;6585282;0
klump;218;31.7;12.5;173.3;31.5;14.5;bygg+veg;676979;676992;6582548;6582574;676986;6582561;0
klump;8;6.9;1.5;137.9;31.5;4.0;veg;675362;675365;6584472;6584476;675364;6584474;0
klump;104;24.5;10.1;146.7;31.5;4.0;veg;675750;675764;6584782;6584802;675756;6584791;0
klump;129;16.3;14.2;41.8;31.5;11.5;veg;673126;673141;6577565;6577582;673134;6577574;0
klump;483;52.4;26.0;147.8;31.5;8.5;veg;677375;677412;6580863;6580905;677395;6580885;1
klump;23;6.8;4.8;24.2;31.5;0.0;veg;675064;675069;6583376;6583382;675067;6583379;0
klump;299;25.6;23.3;85.8;31.5;10.0;veg;674749;674774;6583498;6583521;674761;6583508;0
klump;219;36.5;11.8;115.8;31.5;6.0;veg;677052;677080;6575035;6575056;677066;6575046;0
klump;318;26.0;19.8;1.0;31.5;12.0;bygg+veg;668814;668832;6575484;6575506;668823;6575495;0
klump;268;27.1;14.9;154.2;31.5;11.5;bygg+veg;675912;675930;6576987;6577011;675922;6576999;0
klump;347;51.1;15.7;175.8;31.5;6.5;veg;675077;675096;6584349;6584394;675088;6584371;0
klump;145;18.7;13.0;81.1;31.5;13.0;veg;674256;674272;6584592;6584605;674264;6584599;0
klump;377;33.9;24.6;141.2;31.5;8.5;veg;677376;677406;6580823;6580856;677392;6580841;0
klump;46;11.4;5.9;130.1;31.5;0.0;veg;674354;674363;6585285;6585293;674358;6585289;0
klump;842;59.5;23.6;164.5;31.5;9.5;bygg+veg;671768;671801;6584419;6584473;671785;6584446;0
klump;218;29.4;16.8;80.6;31.5;10.0;veg;672707;672732;6583927;6583947;672721;6583936;0
klump;474;42.7;16.4;86.3;31.5;8.5;bygg;672096;672133;6578018;6578034;672115;6578026;0
klump;92;16.8;10.5;53.1;31.5;9.0;veg;673866;673879;6584057;6584069;673873;6584063;0
klump;144;19.1;14.1;8.0;31.5;13.0;veg;671746;671760;6583886;6583906;671754;6583895;0
klump;313;24.5;20.6;173.7;31.5;10.5;bygg+veg;668643;668663;6575702;6575724;668653;6575713;0
klump;320;36.9;19.4;13.0;31.5;8.0;veg;677924;677945;6580179;6580213;677935;6580194;0
klump;731;64.6;21.0;84.6;31.5;8.5;veg;677612;677673;6580816;6580842;677641;6580828;0
klump;12;8.5;2.4;148.1;31.5;11.5;veg;670927;670931;6578931;6578936;670929;6578933;0
klump;19;6.6;4.0;80.7;31.5;6.0;veg;674842;674848;6583866;6583869;674845;6583868;0
klump;57;12.8;6.7;164.6;31.5;0.0;veg;674663;674669;6584101;6584113;674666;6584108;0
klump;184;31.2;14.9;60.3;31.5;8.0;veg;677079;677107;6575558;6575578;677093;6575566;0
klump;69;27.2;8.1;11.3;31.5;0.0;veg;674779;674789;6583860;6583882;674784;6583872;0
klump;60;12.0;9.4;61.1;31.5;11.5;bygg;667264;667275;6576276;6576286;667268;6576281;0
klump;59;14.1;10.1;93.4;31.5;0.0;veg;674771;674783;6583991;6584002;674776;6583996;0
klump;125;16.3;13.1;75.3;31.5;13.0;veg;674267;674282;6584583;6584596;674276;6584590;0
klump;207;19.6;18.5;32.0;31.5;11.0;bygg;671442;671463;6575854;6575875;671453;6575864;0
klump;127;29.3;10.5;57.9;31.5;0.0;veg;674574;674598;6585173;6585191;674588;6585183;0
klump;40;7.7;7.2;38.1;31.5;0.0;veg;674958;674965;6583539;6583546;674962;6583542;0
klump;43;8.7;7.2;165.0;31.5;13.5;bygg;675858;675865;6576592;6576599;675862;6576595;0
klump;80;19.9;12.4;102.5;31.5;6.0;veg;676941;676960;6575017;6575030;676951;6575023;0
klump;176;31.6;11.1;127.3;31.5;0.0;veg;674647;674673;6585274;6585294;674660;6585284;0
klump;224;36.5;13.9;22.5;31.5;9.0;veg;674142;674161;6584078;6584111;674152;6584096;0
klump;76;12.4;9.7;65.6;31.5;14.5;veg;676384;676396;6583794;6583805;676389;6583800;0
klump;192;19.2;16.1;146.7;31.5;4.5;veg;672589;672607;6584719;6584739;672598;6584729;0
klump;226;27.2;12.9;154.8;31.5;12.5;veg;673683;673700;6578950;6578976;673691;6578963;0
klump;75;14.1;9.1;10.7;31.5;11.5;veg;674869;674877;6578155;6578167;674873;6578160;0
klump;8;6.8;1.9;54.3;31.5;7.5;veg;672196;672200;6580181;6580184;672198;6580183;0
klump;13;6.5;3.6;9.5;31.5;7.0;veg;666679;666682;6579246;6579251;666681;6579249;0
klump;61;15.3;8.0;104.2;31.5;12.0;veg;677794;677806;6576588;6576597;677800;6576592;0
klump;32;6.9;6.1;71.4;31.5;0.0;veg;674575;674581;6585338;6585343;674578;6585340;0
klump;183;30.3;10.8;134.1;31.5;5.5;veg;678363;678387;6580881;6580904;678373;6580893;0
klump;32;10.0;5.5;54.9;31.5;15.5;bygg;671581;671589;6581160;6581166;671585;6581163;0
klump;53;10.3;7.2;177.6;31.5;10.0;veg;672269;672276;6584256;6584266;672272;6584261;0
klump;13;5.9;3.9;136.7;31.5;0.0;veg;674747;674751;6583855;6583859;674749;6583857;0
klump;52;10.7;9.2;35.1;31.5;11.5;bygg+veg;667227;667237;6576266;6576276;667231;6576272;0
klump;234;21.5;14.7;165.0;31.5;12.0;bygg;674680;674697;6583128;6583148;674689;6583138;0
klump;122;22.5;13.1;22.2;31.5;0.0;veg;674722;674739;6585047;6585066;674731;6585057;0
klump;191;20.9;18.5;179.0;31.5;9.0;veg;674152;674172;6584071;6584093;674164;6584083;0
klump;143;16.2;15.3;171.7;31.5;11.5;bygg;672925;672939;6577108;6577122;672932;6577115;0
klump;75;16.5;7.8;166.7;31.5;0.0;veg;674314;674322;6584011;6584027;674318;6584018;0
klump;43;9.0;6.8;176.4;31.5;10.0;veg;674778;674784;6583779;6583788;674781;6583783;0
klump;15;6.2;3.9;149.0;31.5;15.0;bygg;675109;675113;6577167;6577172;675111;6577170;0
klump;18;5.2;4.8;173.0;31.5;9.0;veg;668845;668849;6577960;6577964;668847;6577962;0
klump;26;9.2;4.6;170.2;31.5;13.0;bygg;673959;673963;6584428;6584436;673961;6584432;0
klump;292;31.4;20.6;72.3;31.5;11.5;veg;677961;677993;6580416;6580440;677977;6580430;0
klump;10;4.9;2.9;139.1;31.5;0.0;veg;674460;674463;6584013;6584016;674461;6584015;0
klump;92;29.9;11.4;62.1;31.5;14.5;bygg+veg;669974;670001;6582529;6582546;669989;6582536;0
klump;26;6.4;5.5;67.5;31.5;10.0;veg;672507;672513;6584090;6584095;672510;6584093;0
klump;85;15.5;9.4;143.3;31.5;0.0;veg;674747;674759;6585048;6585061;674753;6585055;0
klump;8;4.6;3.6;36.4;31.5;15.0;bygg;671566;671569;6580425;6580428;671568;6580427;0
klump;10;8.6;1.6;141.8;31.5;11.5;bygg;676494;676498;6576236;6576241;676496;6576238;0
klump;51;8.8;8.0;120.5;31.5;10.0;veg;674721;674729;6583728;6583735;674725;6583732;0
klump;9;10.0;1.5;44.2;31.5;15.5;bygg;669254;669259;6583884;6583889;669256;6583887;0
klump;61;17.3;5.8;172.5;31.5;6.0;veg;674883;674890;6583813;6583827;674887;6583821;0
klump;153;20.0;14.4;58.2;31.5;6.0;veg;676985;677004;6575000;6575016;676995;6575006;0
klump;41;8.5;8.2;31.6;31.5;7.0;veg;666695;666704;6579204;6579211;666699;6579207;0
klump;59;13.8;7.1;108.2;31.5;5.5;veg;678346;678358;6580891;6580899;678352;6580895;0
klump;64;13.7;6.9;85.6;31.5;0.0;veg;674700;674712;6584142;6584149;674706;6584145;0
klump;55;12.4;7.1;28.9;31.5;10.0;veg;672357;672366;6584087;6584097;672361;6584091;0
klump;32;7.0;6.2;68.0;31.5;10.0;veg;672384;672390;6584090;6584096;672387;6584093;0
klump;9;4.5;2.8;84.0;31.5;17.5;veg;678665;678668;6579584;6579586;678666;6579585;0
klump;12;9.5;2.1;140.4;31.5;4.0;veg;675348;675353;6584486;6584492;675350;6584489;0
klump;44;9.1;6.8;177.9;31.5;10.0;veg;674688;674694;6583725;6583733;674691;6583729;0
klump;73;10.7;9.7;9.9;31.5;12.5;bygg;674670;674679;6577267;6577277;674673;6577272;0
klump;29;10.4;4.2;179.4;31.5;6.0;veg;674904;674908;6583949;6583957;674906;6583953;0
klump;43;14.5;5.6;153.4;31.5;9.5;veg;677143;677151;6575639;6575650;677147;6575644;0
klump;46;14.1;6.1;25.2;31.5;0.0;veg;674620;674629;6583814;6583826;674624;6583820;0
klump;27;8.3;6.2;166.8;31.5;15.5;bygg;669636;669642;6584040;6584047;669639;6584044;0
klump;60;12.9;7.6;64.6;31.5;5.0;veg;672909;672922;6585182;6585190;672915;6585186;0
klump;76;16.5;9.0;154.8;31.5;10.0;veg;674317;674327;6583561;6583575;674321;6583568;0
klump;35;7.3;6.4;110.7;31.5;0.0;veg;675072;675079;6583499;6583504;675076;6583501;0
klump;59;13.5;7.0;22.6;31.5;5.5;veg;678377;678385;6580909;6580921;678381;6580914;0
klump;34;7.8;6.3;146.7;31.5;0.0;veg;674737;674743;6583857;6583864;674740;6583860;0
klump;79;13.1;8.4;173.8;31.5;12.5;bygg;674808;674815;6577302;6577315;674812;6577308;0
klump;38;12.7;6.0;48.2;31.5;3.0;veg;678092;678101;6581652;6581660;678097;6581656;0
klump;19;5.8;4.7;166.7;31.5;10.0;veg;672405;672409;6584108;6584113;672407;6584111;0
klump;17;5.5;4.4;29.0;31.5;7.5;veg;669606;669610;6579966;6579970;669608;6579968;0
klump;14;5.5;4.6;129.6;31.5;15.0;bygg;671588;671592;6580401;6580405;671590;6580403;0
klump;31;7.5;6.2;113.3;31.5;9.0;veg;674242;674249;6583910;6583916;674246;6583913;0
klump;28;7.6;5.8;47.9;31.5;10.0;veg;672469;672475;6584024;6584031;672472;6584027;0
klump;29;7.9;6.5;14.6;31.5;8.0;veg;677094;677100;6575583;6575591;677096;6575587;0
klump;30;7.1;5.7;4.5;31.5;0.0;veg;675269;675274;6583372;6583378;675272;6583375;0
klump;21;10.3;3.3;140.1;31.5;16.5;veg;668746;668752;6583753;6583760;668749;6583757;0
klump;17;6.0;4.0;109.1;31.5;12.5;bygg;674618;674622;6577368;6577371;674620;6577369;0
klump;28;8.8;4.7;131.9;31.5;10.0;veg;672503;672509;6584167;6584173;672506;6584170;0
klump;13;5.5;4.3;131.7;31.5;7.5;veg;678085;678089;6581880;6581884;678087;6581882;0
klump;19;5.3;4.9;142.6;31.5;10.0;veg;674531;674535;6583474;6583478;674533;6583476;0
klump;28;6.9;5.6;17.4;31.5;6.0;veg;674853;674858;6583913;6583919;674855;6583916;0
klump;9;5.9;2.8;109.8;31.5;10.5;veg;670036;670040;6580156;6580158;670037;6580157;0
klump;11;5.9;3.7;151.6;31.5;8.5;veg;670543;670547;6579450;6579454;670545;6579452;0
klump;16;6.4;4.2;6.2;31.5;16.5;veg;670094;670097;6584621;6584626;670096;6584624;0
klump;8;7.7;1.8;149.2;31.5;10.5;veg;671147;671150;6578561;6578566;671149;6578564;0
klump;14;5.1;3.8;155.0;31.5;6.0;veg;677017;677020;6575008;6575012;677019;6575010;0
klump;16;7.4;4.2;0.4;31.5;15.0;bygg;671587;671590;6580370;6580376;671589;6580373;0
klump;8;4.5;3.0;26.0;31.5;4.0;veg;673093;673095;6578280;6578283;673094;6578281;0
klump;16;15.4;1.8;132.4;31.5;0.0;veg;674328;674337;6585014;6585022;674333;6585018;0
klump;15;5.1;4.2;177.5;31.5;0.0;veg;674533;674536;6585336;6585340;674534;6585338;0
klump;21;7.1;5.6;85.1;31.5;15.5;bygg;669320;669326;6584096;6584100;669323;6584098;0
klump;11;4.9;3.5;25.0;31.5;16.5;veg;668558;668561;6584066;6584070;668560;6584068;0
klump;13;7.8;3.2;73.4;31.5;18.0;veg;670589;670594;6582298;6582301;670592;6582299;0
klump;16;8.2;4.8;163.1;31.5;17.5;veg;671890;671894;6579247;6579253;671892;6579250;0
klump;12;8.9;2.0;28.8;31.5;4.0;veg;673046;673050;6578196;6578202;673048;6578199;0
klump;8;4.4;3.1;21.3;31.5;6.0;veg;674837;674839;6583879;6583882;674838;6583881;0
klump;8;6.2;2.5;102.8;31.5;15.0;bygg;674847;674851;6577273;6577275;674849;6577274;0
klump;12;11.2;1.6;140.0;31.5;4.0;veg;675338;675344;6584497;6584503;675341;6584500;0
klump;8;6.2;2.5;162.6;31.5;11.5;veg;670926;670928;6578964;6578968;670927;6578966;0
klump;631;57.8;18.6;10.9;31.0;8.5;bygg+veg;669655;669678;6577818;6577868;669666;6577843;0
klump;217;29.6;17.0;147.5;31.0;4.5;veg;672651;672672;6584640;6584666;672662;6584654;0
klump;39;10.6;5.8;62.5;31.0;6.0;veg;674848;674856;6583853;6583860;674852;6583856;0
klump;8;5.6;2.1;2.4;31.0;15.0;bygg;674896;674897;6577284;6577288;674896;6577286;0
klump;123;19.8;9.6;164.9;31.0;0.0;veg;674727;674739;6583918;6583937;674733;6583927;0
klump;34;7.1;6.5;37.3;31.0;0.0;veg;674496;674502;6583907;6583914;674499;6583910;0
klump;300;46.5;21.9;83.0;31.0;9.0;veg;673914;673955;6583999;6584025;673936;6584012;0
klump;400;36.3;23.7;155.6;31.0;12.0;veg;677787;677814;6576645;6576681;677801;6576663;0
klump;435;35.3;31.4;25.2;31.0;6.5;veg;672767;672801;6583861;6583897;672781;6583879;1
klump;175;25.8;15.9;145.7;31.0;4.5;veg;676686;676705;6575061;6575082;676695;6575071;0
klump;245;24.9;17.2;115.4;31.0;6.0;veg;673971;673992;6575554;6575574;673981;6575562;0
klump;707;113.4;24.7;37.2;31.0;13.5;bygg;677798;677865;6579200;6579287;677820;6579246;0
klump;43;7.9;7.4;170.5;31.0;4.5;veg;675787;675794;6575015;6575023;675790;6575019;0
klump;296;29.9;18.2;140.9;31.0;12.5;veg;672587;672613;6583706;6583734;672601;6583719;0
klump;170;20.0;15.7;17.5;31.0;0.0;veg;674872;674889;6583779;6583799;674880;6583789;0
klump;216;33.0;14.1;0.7;31.0;4.5;veg;672720;672734;6584531;6584563;672728;6584546;0
klump;201;33.6;12.6;9.6;31.0;11.5;bygg+veg;667474;667490;6576566;6576595;667483;6576582;0
klump;635;58.2;18.5;10.5;31.0;8.5;bygg+veg;669301;669326;6577753;6577804;669313;6577778;0
klump;280;24.4;19.2;69.6;31.0;9.0;veg;674130;674156;6583980;6584004;674143;6583991;0
klump;105;30.5;9.7;69.9;31.0;6.5;veg;676742;676764;6575151;6575166;676753;6575160;0
klump;283;33.5;19.1;134.0;31.0;0.0;veg;674467;674495;6583806;6583833;674479;6583818;1
klump;406;42.6;22.3;34.6;31.0;9.0;veg;673997;674027;6583998;6584039;674011;6584017;0
klump;334;43.8;18.4;26.5;31.0;6.5;veg;672800;672827;6583870;6583909;672813;6583889;0
klump;15;6.6;3.4;153.8;31.0;5.5;veg;676483;676486;6580257;6580262;676485;6580259;0
klump;52;8.8;8.4;152.4;31.0;6.5;veg;675723;675731;6575119;6575128;675727;6575124;0
klump;214;29.5;15.5;120.5;31.0;13.0;veg;674234;674257;6584598;6584619;674244;6584608;0
klump;312;39.2;19.1;157.3;31.0;6.5;veg;677632;677656;6583877;6583912;677644;6583893;0
klump;53;13.4;7.2;40.6;31.0;4.5;veg;675775;675786;6575069;6575079;675781;6575074;0
klump;22;5.9;5.0;59.1;31.0;0.0;veg;674876;674881;6585144;6585148;674879;6585146;0
klump;309;33.2;19.2;81.5;31.0;14.5;veg;669841;669874;6581786;6581809;669857;6581797;0
klump;161;18.9;15.3;82.6;31.0;10.0;veg;672340;672360;6584148;6584164;672351;6584158;0
klump;195;34.0;10.9;148.2;31.0;0.0;veg;674645;674665;6584165;6584191;674655;6584176;0
klump;64;15.5;8.8;109.8;31.0;10.0;veg;672313;672326;6584105;6584115;672319;6584110;0
klump;215;20.8;17.1;167.2;31.0;9.5;bygg;671744;671759;6584416;6584434;671751;6584425;0
klump;86;20.2;7.6;159.6;31.0;6.5;veg;675181;675191;6584777;6584795;675186;6584785;0
klump;54;12.6;7.0;136.9;31.0;0.0;veg;675095;675104;6583391;6583401;675099;6583395;0
klump;8;8.3;1.5;45.0;31.0;15.5;bygg;669261;669265;6583891;6583895;669263;6583893;0
klump;47;12.8;7.8;127.1;31.0;0.0;veg;674611;674621;6583866;6583875;674616;6583870;0
klump;101;16.5;12.1;126.1;31.0;11.5;bygg;669418;669432;6576651;6576666;669425;6576657;0
klump;193;21.3;12.8;64.2;31.0;12.5;bygg;675909;675928;6584176;6584192;675919;6584184;0
klump;144;21.5;15.9;106.7;31.0;0.0;veg;674619;674637;6584007;6584023;674628;6584014;0
klump;31;7.2;5.9;8.9;31.0;10.0;veg;674503;674508;6583681;6583688;674506;6583684;0
klump;31;7.4;6.5;140.5;31.0;6.0;veg;677009;677015;6575047;6575053;677012;6575050;0
klump;183;32.8;9.9;106.2;31.0;11.5;bygg;666862;666890;6585234;6585249;666877;6585242;0
klump;14;6.7;3.1;153.8;31.0;11.5;veg;675291;675294;6577912;6577917;675292;6577915;0
klump;47;13.4;5.7;53.4;31.0;11.0;veg;674247;674257;6583593;6583601;674251;6583597;0
klump;30;8.1;5.5;106.9;31.0;8.0;veg;677128;677135;6575518;6575523;677132;6575521;0
klump;16;8.2;3.3;72.9;31.0;14.5;bygg;669858;669865;6582780;6582783;669861;6582782;0
klump;75;15.6;8.8;173.5;31.0;6.5;veg;676853;676862;6575115;6575129;676859;6575122;0
klump;46;12.2;6.7;103.0;31.0;0.0;veg;674555;674566;6583950;6583957;674560;6583953;0
klump;187;26.3;12.6;25.4;31.0;12.0;bygg;673474;673492;6577202;6577226;673483;6577213;0
klump;96;16.7;10.8;142.0;31.0;0.0;veg;674611;674625;6585166;6585181;674618;6585174;0
klump;90;20.3;7.7;121.9;31.0;5.5;veg;678374;678391;6580895;6580906;678382;6580901;0
klump;59;18.0;7.5;54.1;31.0;11.0;veg;674221;674236;6583546;6583557;674227;6583552;0
klump;16;5.8;3.7;114.7;31.0;6.0;veg;674893;674898;6583968;6583971;674896;6583970;0
klump;75;14.9;9.6;44.3;31.0;13.0;bygg;678279;678290;6579513;6579527;678284;6579522;0
klump;16;5.6;4.4;32.5;31.0;0.0;veg;674749;674753;6583860;6583865;674751;6583863;0
klump;42;11.9;5.4;178.9;31.0;0.0;veg;674383;674388;6585270;6585280;674386;6585275;0
klump;47;10.3;7.7;149.2;31.0;4.0;veg;670242;670250;6582221;6582230;670246;6582225;0
klump;212;20.2;16.6;167.7;31.0;8.5;veg;677627;677643;6581109;6581132;677635;6581121;0
klump;120;21.3;12.8;131.2;31.0;4.5;veg;672742;672760;6584509;6584526;672751;6584517;0
klump;157;20.5;13.8;29.8;31.0;11.0;veg;674209;674226;6583557;6583575;674218;6583566;0
klump;133;25.0;12.3;43.4;31.0;13.0;veg;672063;672084;6585149;6585169;672074;6585160;0
klump;24;7.5;5.4;101.0;31.0;10.0;veg;672602;672609;6583828;6583833;672606;6583830;0
klump;27;7.0;5.5;56.9;31.0;9.0;veg;674174;674180;6584092;6584097;674177;6584095;0
klump;53;13.2;5.6;1.8;31.0;9.0;veg;674173;674178;6584099;6584111;674176;6584105;0
klump;57;9.0;8.5;161.0;31.0;0.0;veg;674871;674880;6585126;6585135;674875;6585131;0
klump;25;7.3;5.0;75.3;31.0;11.0;veg;674190;674197;6583572;6583577;674194;6583575;0
klump;84;15.9;9.6;40.9;31.0;6.5;veg;676792;676804;6575182;6575195;676798;6575189;0
klump;30;7.2;5.8;161.2;31.0;10.0;veg;674448;674454;6583696;6583702;674451;6583699;0
klump;53;12.5;6.3;82.2;31.0;0.0;veg;674660;674671;6583961;6583968;674666;6583965;0
klump;23;5.9;5.2;130.8;31.0;0.0;veg;674773;674778;6583885;6583889;674775;6583887;0
klump;55;11.6;7.9;65.5;31.0;14.0;bygg;670536;670546;6579145;6579154;670541;6579149;0
klump;74;14.5;8.6;115.4;31.0;11.0;veg;674200;674212;6583574;6583585;674206;6583580;0
klump;51;15.7;9.7;147.9;31.0;5.5;veg;678332;678342;6580924;6580936;678338;6580931;0
klump;110;19.5;10.8;154.7;31.0;10.0;veg;672694;672707;6583852;6583869;672701;6583860;0
klump;25;6.8;6.0;131.6;31.0;8.0;veg;676946;676951;6575129;6575135;676948;6575132;0
klump;181;28.0;16.1;173.2;31.0;0.0;veg;674679;674698;6585160;6585187;674689;6585173;0
klump;30;11.9;3.4;7.4;31.0;15.0;bygg;675250;675253;6577370;6577380;675252;6577375;0
klump;65;18.3;8.2;156.7;31.0;0.0;veg;675303;675312;6583567;6583581;675307;6583573;0
klump;38;8.5;6.4;152.6;31.0;5.5;veg;678390;678396;6580904;6580911;678393;6580907;0
klump;208;23.1;19.6;104.9;31.0;12.0;bygg+veg;668928;668952;6576428;6576450;668940;6576439;0
klump;62;12.2;8.2;91.7;31.0;6.5;veg;676846;676857;6575133;6575142;676852;6575137;0
klump;25;7.3;5.5;128.2;31.0;6.5;veg;676678;676684;6575197;6575203;676681;6575200;0
klump;130;16.7;12.1;129.7;31.0;12.5;veg;672719;672734;6583609;6583623;672727;6583616;0
klump;9;5.9;2.4;118.2;31.0;6.5;veg;675204;675208;6584636;6584638;675206;6584637;0
klump;37;12.3;6.1;84.3;31.0;14.5;bygg+veg;676980;676991;6582629;6582635;676985;6582631;0
klump;98;16.5;9.9;178.4;31.0;10.0;veg;672298;672307;6584260;6584277;672303;6584268;0
klump;97;18.7;7.4;43.5;31.0;6.0;veg;674882;674895;6583832;6583847;674889;6583840;0
klump;103;17.4;11.8;28.4;31.0;0.0;veg;674508;674523;6585252;6585268;674515;6585261;0
klump;63;12.0;7.4;52.4;31.0;0.0;veg;674632;674643;6583942;6583951;674638;6583947;0
klump;13;5.7;3.7;125.9;31.0;10.0;veg;672313;672317;6584092;6584095;672315;6584093;0
klump;22;5.9;5.0;162.6;31.0;0.0;veg;674490;674494;6583876;6583881;674492;6583879;0
klump;128;16.0;10.8;92.2;31.0;12.5;bygg;674729;674744;6577285;6577295;674737;6577291;0
klump;84;12.7;11.4;157.3;31.0;12.0;bygg;671521;671532;6575348;6575361;671526;6575355;0
klump;42;8.5;7.3;90.4;31.0;0.0;veg;674537;674545;6585279;6585286;674541;6585282;0
klump;43;11.2;7.5;8.0;31.0;0.0;veg;674430;674436;6585304;6585314;674433;6585309;0
klump;93;14.2;10.9;148.0;31.0;12.5;veg;672690;672702;6583663;6583677;672696;6583670;0
klump;41;9.2;7.4;105.7;31.0;11.5;bygg;667160;667169;6576334;6576341;667165;6576337;0
klump;171;29.9;9.6;70.7;31.0;12.0;veg;677651;677677;6576647;6576661;677664;6576653;0
klump;31;8.9;5.2;150.0;31.0;0.0;veg;674402;674408;6585264;6585272;674405;6585269;0
klump;248;23.3;22.6;151.6;31.0;6.0;veg;676868;676892;6575079;6575106;676881;6575090;1
klump;23;6.0;5.5;90.6;31.0;0.0;veg;674631;674636;6585255;6585260;674633;6585257;0
klump;27;6.8;5.2;0.0;31.0;0.0;veg;674569;674573;6584048;6584054;674571;6584051;0
klump;41;11.6;6.4;48.0;31.0;3.0;veg;678099;678109;6581699;6581707;678104;6581704;0
klump;35;9.2;5.6;112.2;31.0;9.0;veg;673995;674003;6584018;6584024;673998;6584021;0
klump;55;10.6;8.3;133.6;31.0;6.5;veg;675221;675231;6584726;6584735;675226;6584731;0
klump;10;5.0;2.8;20.6;31.0;6.0;veg;674834;674836;6583874;6583878;674835;6583876;0
klump;22;8.6;3.9;179.3;31.0;13.5;bygg;675874;675878;6576546;6576554;675876;6576550;0
klump;14;4.7;4.1;48.6;31.0;0.0;veg;674865;674869;6585130;6585133;674867;6585132;0
klump;46;11.6;5.5;50.3;31.0;0.0;veg;674990;674999;6583419;6583427;674995;6583423;0
klump;95;18.3;7.8;0.7;31.0;8.0;veg;677084;677092;6575576;6575593;677088;6575585;0
klump;37;12.7;4.7;149.8;31.0;0.0;veg;674319;674326;6583894;6583903;674322;6583898;0
klump;32;8.0;6.0;175.2;31.0;13.0;veg;672120;672125;6584305;6584312;672123;6584309;0
klump;20;6.4;4.3;17.6;31.0;10.0;veg;674505;674509;6583393;6583399;674507;6583396;0
klump;10;4.3;3.2;0.0;31.0;14.5;bygg;676894;676896;6582501;6582504;676895;6582502;0
klump;20;8.6;4.3;75.6;31.0;0.0;veg;674594;674601;6585340;6585343;674597;6585342;0
klump;61;11.6;7.4;172.9;31.0;0.0;veg;674769;674776;6585150;6585160;674773;6585155;0
klump;15;5.7;3.8;18.7;31.0;0.0;veg;674431;674434;6583905;6583910;674432;6583908;0
klump;49;11.2;7.3;152.1;31.0;6.5;veg;675214;675222;6584723;6584734;675217;6584728;0
klump;96;21.7;8.2;176.4;31.0;6.5;veg;675190;675200;6584717;6584736;675196;6584727;0
klump;43;8.7;7.3;95.3;31.0;10.0;veg;672474;672482;6583935;6583941;672478;6583938;0
klump;17;5.7;4.2;11.0;31.0;0.0;veg;674624;674627;6583903;6583908;674625;6583905;0
klump;169;22.3;16.6;167.4;31.0;0.0;veg;674699;674718;6585247;6585271;674708;6585260;0
klump;67;14.4;8.5;156.2;31.0;13.0;veg;672060;672071;6584285;6584296;672067;6584291;0
klump;54;13.7;8.8;69.8;31.0;11.5;veg;678389;678399;6580489;6580499;678395;6580494;0
klump;32;7.7;6.4;146.3;31.0;13.0;veg;671747;671753;6584883;6584889;671750;6584886;0
klump;49;10.6;7.3;175.1;31.0;9.0;veg;675344;675351;6580206;6580215;675348;6580211;0
klump;27;7.2;5.9;91.4;31.0;0.0;veg;674954;674960;6583577;6583582;674957;6583579;0
klump;49;11.3;7.9;3.4;31.0;0.0;veg;674457;674465;6583821;6583831;674461;6583825;0
klump;27;7.2;5.2;108.0;31.0;0.0;veg;674540;674546;6585093;6585097;674543;6585095;0
klump;20;5.5;5.0;13.2;31.0;8.5;veg;677613;677617;6580868;6580872;677615;6580870;0
klump;46;12.8;6.0;50.9;31.0;10.0;veg;672381;672391;6584062;6584071;672386;6584067;0
klump;36;11.5;5.0;122.0;31.0;0.0;veg;674582;674591;6584002;6584009;674587;6584005;0
klump;36;7.4;6.8;22.7;31.0;10.0;veg;674346;674352;6583566;6583573;674349;6583569;0
klump;41;13.3;6.6;15.4;31.0;0.0;veg;674796;674804;6583855;6583865;674800;6583860;0
klump;47;14.2;6.3;96.4;31.0;8.0;veg;676898;676908;6575132;6575138;676903;6575135;0
klump;81;18.1;11.7;151.3;31.0;6.0;veg;676956;676968;6575043;6575059;676962;6575050;0
klump;39;9.6;5.8;1.1;31.0;0.0;veg;674417;674422;6585264;6585273;674419;6585268;0
klump;37;11.2;10.8;104.0;31.0;11.5;veg;675169;675180;6577960;6577970;675175;6577964;0
klump;48;12.3;5.8;98.4;31.0;13.0;veg;672112;672123;6584281;6584287;672118;6584284;0
klump;35;10.9;5.3;174.7;31.0;0.0;veg;674755;674760;6583992;6584001;674757;6583996;0
klump;40;11.8;4.6;150.9;31.0;13.0;veg;672089;672096;6584196;6584205;672093;6584201;0
klump;23;15.2;2.7;82.2;31.0;17.5;veg;670230;670241;6583477;6583480;670235;6583478;0
klump;33;7.3;6.3;36.3;31.0;0.0;veg;674500;674506;6585091;6585097;674503;6585094;0
klump;11;8.0;3.8;154.8;31.0;10.5;veg;671169;671173;6578516;6578521;671171;6578519;0
klump;9;9.4;2.0;78.6;31.0;18.5;veg;675647;675654;6576652;6576654;675651;6576653;0
klump;32;7.0;6.6;28.8;31.0;10.0;veg;672423;672428;6584088;6584094;672426;6584091;0
klump;17;5.2;4.4;131.6;31.0;11.0;veg;674214;674218;6583583;6583587;674216;6583585;0
klump;39;12.4;5.6;174.5;31.0;6.5;veg;676728;676734;6575194;6575204;676731;6575198;0
klump;22;5.8;5.4;45.8;31.0;10.0;veg;674492;674497;6583780;6583785;674495;6583783;0
klump;23;7.6;4.6;120.7;31.0;6.0;veg;676962;676968;6575013;6575018;676965;6575015;0
klump;32;9.8;5.6;7.1;31.0;3.0;veg;678094;678099;6581678;6581687;678096;6581682;0
klump;13;12.8;2.0;131.2;31.0;4.5;veg;674581;674588;6584775;6584782;674585;6584778;0
klump;24;6.8;4.8;161.6;31.0;10.0;veg;674347;674351;6583580;6583586;674349;6583583;0
klump;24;6.7;5.8;126.2;31.0;14.5;veg;669945;669951;6582666;6582672;669948;6582669;0
klump;14;15.0;1.5;134.3;31.0;4.5;veg;674544;674552;6584806;6584814;674548;6584810;0
klump;8;5.2;3.3;90.0;31.0;4.5;veg;674780;674784;6584601;6584603;674782;6584602;0
klump;16;5.2;4.6;174.6;31.0;4.5;veg;674632;674636;6577684;6577688;674634;6577686;0
klump;13;4.5;4.1;31.0;31.0;6.0;veg;674867;674870;6583825;6583828;674868;6583827;0
klump;18;5.4;4.8;76.8;31.0;6.0;veg;674860;674864;6583829;6583833;674862;6583831;0
klump;23;6.2;5.1;150.6;31.0;10.0;veg;674431;674436;6583669;6583674;674433;6583671;0
klump;10;4.7;3.3;33.8;31.0;9.0;veg;675730;675733;6580691;6580694;675732;6580693;0
klump;10;8.8;2.0;135.3;31.0;8.5;veg;670576;670581;6579463;6579467;670578;6579465;0
klump;16;5.8;4.2;65.1;31.0;9.0;veg;674276;674281;6583900;6583904;674279;6583902;0
klump;9;5.4;2.7;140.9;31.0;10.5;veg;671154;671157;6578549;6578552;671155;6578550;0
klump;16;9.0;3.8;95.6;31.0;14.5;bygg;676864;676870;6582760;6582763;676867;6582762;0
klump;8;5.3;3.3;172.2;31.0;14.5;bygg;676480;676482;6583418;6583422;676481;6583420;0
klump;785;68.5;18.2;29.2;30.5;11.0;bygg;668485;668524;6575153;6575215;668504;6575186;0
klump;31;10.0;5.7;126.1;30.5;9.5;bygg;667902;667910;6583569;6583576;667905;6583572;0
klump;517;49.8;18.4;43.6;30.5;9.0;bygg;671309;671348;6576203;6576242;671329;6576222;0
klump;48;14.5;7.1;62.8;30.5;7.5;veg;678064;678075;6581877;6581885;678068;6581881;0
klump;233;20.8;19.5;49.5;30.5;11.0;bygg;671385;671407;6575832;6575855;671396;6575843;0
klump;45;11.5;6.8;59.2;30.5;0.0;veg;674795;674804;6583888;6583897;674800;6583893;0
klump;1196;71.7;45.6;84.8;30.5;8.5;bygg;672139;672211;6578059;6578107;672181;6578081;0
klump;183;23.8;12.3;52.7;30.5;4.5;veg;672496;672517;6584674;6584691;672507;6584683;0
klump;136;36.9;10.6;64.4;30.5;10.0;veg;674489;674520;6583312;6583329;674505;6583321;0
klump;59;14.3;7.4;81.5;30.5;7.5;veg;678045;678058;6581881;6581888;678051;6581885;0
klump;9;6.4;1.8;169.7;30.5;11.5;veg;675326;675327;6577760;6577765;675326;6577762;0
klump;164;20.5;13.0;83.1;30.5;8.0;bygg;678078;678096;6583808;6583820;678088;6583813;0
klump;39;10.3;5.8;3.1;30.5;0.0;veg;674664;674669;6584116;6584125;674667;6584120;0
klump;15;14.1;1.8;130.5;30.5;0.0;veg;674340;674348;6585004;6585011;674344;6585007;0
klump;179;21.1;20.0;53.4;30.5;12.0;bygg;669060;669081;6576269;6576289;669068;6576279;0
klump;428;51.5;19.8;126.0;30.5;9.0;veg;674231;674275;6583918;6583956;674257;6583938;0
klump;205;27.3;15.5;88.9;30.5;6.0;veg;676896;676921;6575079;6575094;676909;6575087;0
klump;146;23.6;10.6;82.1;30.5;5.5;veg;676397;676419;6580719;6580731;676408;6580725;0
klump;364;25.3;23.5;177.0;30.5;7.5;bygg;666926;666951;6581069;6581094;666939;6581082;0
klump;49;14.4;7.1;13.0;30.5;6.0;veg;676925;676933;6575044;6575057;676929;6575050;0
klump;74;11.8;10.4;171.0;30.5;4.5;veg;672701;672712;6584537;6584549;672706;6584543;0
klump;123;14.5;12.9;83.1;30.5;5.5;veg;673012;673027;6583652;6583665;673020;6583659;0
klump;186;21.7;18.7;109.1;30.5;6.5;veg;672794;672817;6583979;6583998;672805;6583987;0
klump;45;12.8;6.1;63.7;30.5;0.0;veg;674327;674337;6583887;6583895;674332;6583891;0
klump;363;25.0;24.4;135.0;30.5;10.5;bygg+veg;668537;668562;6575627;6575653;668550;6575641;0
klump;406;34.9;16.5;167.8;30.5;7.0;bygg+veg;672386;672405;6575932;6575967;672396;6575948;0
klump;283;23.9;19.8;111.1;30.5;8.5;bygg+veg;678367;678388;6578609;6578628;678378;6578619;0
klump;63;12.2;10.9;42.6;30.5;6.5;veg;672868;672880;6583913;6583924;672874;6583918;0
klump;46;12.9;8.8;21.0;30.5;13.0;bygg;668269;668277;6583770;6583781;668272;6583776;0
klump;85;15.4;9.1;40.9;30.5;12.0;bygg+veg;670183;670195;6581695;6581708;670189;6581701;0
klump;139;25.8;8.8;89.5;30.5;9.0;veg;674022;674045;6584209;6584217;674034;6584213;0
klump;167;32.4;13.6;18.3;30.5;13.0;veg;672100;672116;6585169;6585196;672109;6585184;0
klump;158;38.0;12.0;151.0;30.5;11.0;veg;674227;674248;6583552;6583583;674239;6583568;0
klump;162;24.0;15.5;98.8;30.5;0.0;veg;674613;674634;6583886;6583902;674625;6583894;0
klump;31;8.8;5.6;136.7;30.5;12.0;veg;677775;677782;6576608;6576615;677778;6576611;0
klump;188;22.9;16.5;113.8;30.5;6.5;veg;676616;676638;6575186;6575206;676626;6575197;0
klump;77;18.2;10.1;119.0;30.5;0.0;veg;674526;674541;6583876;6583888;674534;6583882;0
klump;186;34.3;11.7;8.0;30.5;11.5;bygg+veg;667278;667293;6576555;6576584;667285;6576570;0
klump;82;15.9;8.4;59.9;30.5;0.0;veg;674755;674768;6585072;6585083;674762;6585078;0
klump;50;13.4;8.1;83.0;30.5;0.0;veg;674468;674480;6583913;6583920;674474;6583916;0
klump;108;15.3;9.7;109.3;30.5;11.5;bygg;675887;675901;6576775;6576784;675894;6576780;0
klump;72;13.4;10.8;137.1;30.5;0.0;veg;674738;674749;6585064;6585075;674745;6585070;0
klump;129;16.1;13.3;27.8;30.5;4.5;veg;672603;672617;6584713;6584728;672611;6584719;0
klump;182;29.2;13.3;134.8;30.5;4.5;veg;672620;672643;6584677;6584699;672633;6584687;0
klump;9;4.8;2.8;90.0;30.5;9.0;bygg;671185;671189;6576335;6576337;671187;6576336;0
klump;40;9.3;7.3;10.6;30.5;14.5;bygg;676983;676990;6582647;6582656;676986;6582651;0
klump;39;10.7;5.9;93.3;30.5;10.0;veg;672490;672500;6584000;6584006;672495;6584003;0
klump;122;23.6;12.7;156.1;30.5;13.0;veg;672086;672102;6585151;6585171;672094;6585160;0
klump;73;11.6;9.0;65.4;30.5;6.0;veg;677034;677045;6575088;6575098;677039;6575093;0
klump;16;7.2;3.9;72.8;30.5;15.0;bygg;671586;671591;6580394;6580398;671589;6580396;0
klump;107;22.8;8.2;146.2;30.5;6.5;veg;676494;676508;6575546;6575563;676502;6575555;0
klump;38;8.4;6.8;123.8;30.5;10.0;veg;672489;672496;6584143;6584149;672493;6584146;0
klump;12;4.7;3.6;127.2;30.5;0.0;veg;667742;667745;6578386;6578389;667744;6578388;0
klump;147;17.2;12.4;150.7;30.5;6.5;veg;675099;675112;6584375;6584391;675106;6584383;0
klump;180;25.4;13.0;170.5;30.5;11.5;bygg+veg;675866;675881;6577012;6577034;675875;6577024;0
klump;99;20.2;9.2;12.1;30.5;6.0;veg;676947;676957;6575054;6575073;676952;6575064;0
klump;14;5.4;3.6;126.0;30.5;0.0;veg;674757;674761;6583857;6583860;674759;6583858;0
klump;47;9.1;7.7;169.0;30.5;6.5;veg;676470;676477;6575519;6575527;676474;6575523;0
klump;84;15.9;8.6;64.3;30.5;11.0;veg;674124;674137;6583636;6583645;674130;6583641;0
klump;15;5.3;3.7;121.9;30.5;7.0;bygg;676260;676264;6579898;6579901;676262;6579900;0
klump;40;7.9;7.3;98.2;30.5;5.5;veg;678345;678352;6580904;6580910;678348;6580907;0
klump;16;5.3;4.9;159.8;30.5;14.5;bygg;669067;669071;6584417;6584422;669069;6584419;0
klump;89;14.0;11.0;132.4;30.5;9.0;veg;673994;674007;6584065;6584077;674001;6584072;0
klump;138;19.2;12.6;96.1;30.5;12.5;bygg+veg;673627;673648;6579021;6579035;673640;6579027;0
klump;14;4.8;4.1;171.9;30.5;8.0;veg;677160;677163;6575492;6575496;677162;6575494;0
klump;37;8.7;6.6;123.6;30.5;10.0;veg;674331;674339;6583673;6583681;674335;6583676;0
klump;57;11.3;8.6;99.2;30.5;0.0;veg;675301;675312;6583549;6583557;675307;6583554;0
klump;126;19.6;11.0;122.7;30.5;0.0;veg;674660;674676;6585147;6585161;674669;6585154;0
klump;28;6.9;6.0;87.2;30.5;9.0;veg;674027;674034;6584036;6584041;674030;6584039;0
klump;143;33.1;10.5;128.0;30.5;0.0;veg;674641;674669;6583988;6584008;674656;6583998;0
klump;68;12.9;9.1;130.5;30.5;0.0;veg;675080;675090;6583425;6583435;675085;6583429;0
klump;55;13.4;6.5;82.2;30.5;10.0;veg;674305;674318;6583622;6583628;674312;6583625;0
klump;41;8.8;7.1;11.9;30.5;3.0;veg;678082;678089;6581681;6581689;678085;6581685;0
klump;135;26.3;8.7;119.4;30.5;0.0;veg;674672;674694;6585246;6585260;674684;6585253;0
klump;38;8.8;6.2;149.4;30.5;9.0;veg;673970;673976;6583990;6583998;673973;6583994;0
klump;152;17.5;16.9;121.9;30.5;11.5;bygg+veg;667163;667180;6576359;6576378;667172;6576370;0
klump;37;8.0;6.4;27.0;30.5;0.0;veg;675084;675090;6583400;6583407;675087;6583403;0
klump;42;13.3;5.5;21.3;30.5;11.5;bygg;674260;674267;6585282;6585293;674264;6585287;0
klump;19;6.6;4.3;52.5;30.5;0.0;veg;674549;674554;6585282;6585286;674552;6585284;0
klump;289;41.1;20.0;135.4;30.5;10.5;veg;672838;672868;6584342;6584377;672854;6584362;0
klump;30;7.5;5.8;176.5;30.5;6.5;veg;676470;676475;6575539;6575546;676472;6575542;0
klump;337;30.8;22.5;83.0;30.5;13.0;veg;672075;672105;6585222;6585246;672089;6585235;0
klump;146;20.5;14.0;62.2;30.5;10.0;veg;672642;672659;6584072;6584088;672650;6584080;0
klump;34;10.0;5.0;73.2;30.5;0.0;veg;674806;674814;6583856;6583861;674810;6583858;0
klump;219;24.4;18.9;106.9;30.5;8.0;veg;677106;677132;6575507;6575528;677117;6575517;0
klump;21;8.4;4.4;118.8;30.5;6.0;veg;674839;674845;6583852;6583857;674842;6583855;0
klump;90;16.1;9.9;82.1;30.5;8.0;veg;676878;676893;6575118;6575129;676886;6575123;0
klump;90;20.7;9.9;108.0;30.5;9.0;veg;674054;674070;6584057;6584069;674062;6584063;0
klump;149;24.2;11.0;122.0;30.5;9.0;veg;674035;674057;6584192;6584207;674048;6584200;0
klump;186;18.3;13.4;100.7;30.5;0.0;veg;674829;674847;6583730;6583743;674838;6583736;0
klump;22;5.9;5.1;4.7;30.5;0.0;veg;674402;674406;6584032;6584037;674404;6584034;0
klump;36;7.7;6.2;125.0;30.5;0.0;veg;674684;674690;6584154;6584160;674687;6584157;0
klump;45;11.0;5.5;30.0;30.5;6.0;veg;674920;674927;6583894;6583903;674923;6583898;0
klump;94;19.4;13.3;20.1;30.5;9.0;veg;673970;673985;6583924;6583943;673978;6583932;0
klump;134;23.3;10.7;69.9;30.5;4.5;veg;672432;672453;6584340;6584354;672443;6584347;0
klump;54;14.0;7.1;104.9;30.5;12.0;veg;677794;677807;6576613;6576621;677801;6576617;0
klump;58;18.9;8.1;126.8;30.5;4.5;veg;676701;676715;6575091;6575104;676708;6575099;1
klump;139;21.1;9.4;137.6;30.5;0.0;veg;675930;675946;6584676;6584691;675938;6584684;0
klump;15;5.0;4.1;104.5;30.5;9.0;veg;673939;673943;6584036;6584039;673941;6584037;0
klump;50;11.5;8.3;16.2;30.5;6.0;veg;676934;676942;6575050;6575061;676938;6575056;0
klump;135;20.9;13.2;158.4;30.5;13.0;veg;672145;672158;6584235;6584255;672153;6584246;0
klump;127;15.6;11.6;61.6;30.5;12.5;bygg;674411;674425;6577219;6577232;674418;6577225;0
klump;42;15.5;4.8;150.0;30.5;0.0;veg;674823;674832;6585205;6585216;674827;6585211;0
klump;74;15.5;7.2;69.4;30.5;7.0;veg;668986;668999;6579114;6579123;668992;6579118;0
klump;26;7.0;5.0;9.3;30.5;10.0;veg;672394;672399;6584045;6584051;672396;6584048;0
klump;113;15.9;15.1;66.1;30.5;10.0;veg;674500;674515;6583335;6583350;674508;6583342;0
klump;80;14.0;10.1;71.9;30.5;0.0;veg;674594;674608;6585251;6585262;674601;6585256;0
klump;196;29.1;13.8;130.5;30.5;6.5;veg;672836;672859;6583936;6583959;672849;6583948;0
klump;26;9.1;5.2;152.6;30.5;0.0;veg;674771;674776;6583871;6583879;674773;6583876;0
klump;27;6.5;5.8;179.6;30.5;8.0;veg;676876;676881;6575152;6575158;676878;6575155;0
klump;15;4.8;4.5;71.6;30.5;0.0;veg;674429;674432;6584009;6584012;674430;6584011;0
klump;52;10.1;7.3;9.6;30.5;0.0;veg;674718;674724;6585069;6585078;674721;6585073;0
klump;33;7.2;6.4;118.4;30.5;4.5;veg;672350;672356;6584331;6584337;672353;6584334;0
klump;20;5.6;4.9;73.9;30.5;0.0;veg;675299;675304;6583563;6583567;675302;6583565;0
klump;44;9.8;6.3;69.8;30.5;0.0;veg;674925;674933;6583556;6583563;674929;6583559;0
klump;30;8.6;6.0;125.4;30.5;6.0;veg;677050;677057;6575010;6575016;677054;6575013;0
klump;23;5.5;5.5;0.0;30.5;6.0;veg;674827;674831;6583946;6583950;674829;6583948;0
klump;80;16.2;7.3;65.1;30.5;12.5;bygg;675918;675932;6584270;6584280;675924;6584275;0
klump;57;11.8;8.2;28.5;30.5;10.0;veg;672416;672425;6584133;6584143;672419;6584138;0
klump;74;24.0;6.9;135.1;30.5;6.0;veg;676931;676947;6575000;6575015;676940;6575008;0
klump;126;14.8;12.1;170.2;30.5;11.5;bygg;675914;675927;6576940;6576954;675920;6576946;0
klump;61;16.6;6.1;36.0;30.5;6.0;veg;676960;676971;6575000;6575012;676965;6575005;0
klump;33;7.0;6.4;9.4;30.5;6.5;veg;675644;675649;6575130;6575136;675647;6575133;0
klump;44;12.0;6.6;155.4;30.5;3.0;veg;678089;678096;6581712;6581722;678092;6581717;0
klump;32;9.6;6.2;6.6;30.5;7.5;veg;678057;678062;6581874;6581882;678059;6581878;0
klump;21;5.8;5.0;20.2;30.5;0.0;veg;674738;674742;6583940;6583945;674740;6583942;0
klump;14;4.9;3.9;54.5;30.5;0.0;veg;674426;674429;6585321;6585324;674427;6585323;0
klump;95;13.5;11.6;113.0;30.5;11.5;bygg;670016;670027;6578329;6578339;670022;6578334;0
klump;56;12.5;7.1;27.4;30.5;10.0;veg;672495;672503;6584154;6584165;672499;6584160;0
klump;57;12.7;7.1;151.5;30.5;6.5;veg;676817;676826;6575174;6575185;676821;6575179;0
klump;66;16.5;7.3;41.0;30.5;6.0;veg;677015;677026;6575069;6575081;677022;6575075;0
klump;43;12.8;5.3;66.0;30.5;12.0;veg;677809;677819;6576616;6576623;677814;6576619;0
klump;23;6.6;5.8;136.0;30.5;12.0;veg;677779;677785;6576613;6576619;677782;6576616;0
klump;37;12.2;6.6;17.5;30.5;11.0;veg;671676;671684;6583120;6583131;671680;6583126;0
klump;47;9.1;7.6;97.4;30.5;12.5;bygg;674725;674733;6577241;6577248;674729;6577244;0
klump;36;8.2;7.5;0.0;30.5;6.0;veg;676960;676967;6575073;6575081;676963;6575077;0
klump;97;16.9;11.1;128.1;30.5;10.0;veg;672326;672341;6584065;6584081;672333;6584074;0
klump;17;8.1;3.3;142.4;30.5;14.0;bygg;668067;668072;6584123;6584128;668070;6584125;0
klump;39;11.0;5.5;167.7;30.5;0.0;veg;674799;674805;6585146;6585155;674802;6585151;0
klump;74;13.5;8.2;0.9;30.5;10.0;veg;672394;672402;6583813;6583827;672398;6583820;0
klump;16;7.8;4.1;4.6;30.5;15.0;bygg;671587;671591;6580378;6580384;671589;6580382;0
klump;36;11.7;4.7;112.6;30.5;13.5;bygg;670966;670977;6576902;6576907;670972;6576904;0
klump;25;15.5;6.0;64.1;30.5;7.5;veg;672198;672208;6580156;6580164;672203;6580161;0
klump;92;17.7;9.1;95.9;30.5;13.0;veg;672135;672152;6584154;6584163;672145;6584159;0
klump;48;14.7;5.3;68.1;30.5;0.0;veg;674716;674727;6585054;6585061;674721;6585057;0
klump;60;14.5;8.4;59.4;30.5;12.0;bygg+veg;670193;670205;6581652;6581662;670199;6581657;0
klump;36;8.0;6.3;101.2;30.5;10.0;veg;674794;674801;6583791;6583797;674798;6583795;0
klump;34;8.2;6.5;169.3;30.5;7.5;veg;678043;678049;6581903;6581910;678046;6581906;0
klump;53;11.8;6.8;97.1;30.5;0.0;veg;675044;675054;6583428;6583434;675048;6583431;0
klump;23;12.9;2.9;26.0;30.5;16.5;veg;669197;669202;6584352;6584362;669200;6584356;0
klump;9;7.5;2.3;5.7;30.5;17.5;veg;675178;675180;6580718;6580723;675179;6580721;0
klump;22;6.8;5.0;12.4;30.5;14.5;bygg;676867;676871;6582747;6582752;676870;6582749;0
klump;22;7.9;5.1;34.5;30.5;0.0;veg;674350;674355;6584036;6584042;674353;6584039;0
klump;42;10.7;8.3;121.2;30.5;6.0;veg;674847;674857;6583841;6583849;674852;6583845;0
klump;16;5.1;4.4;27.5;30.5;0.0;veg;674721;674725;6584099;6584103;674723;6584101;0
klump;23;6.9;5.2;124.6;30.5;10.0;veg;674542;674548;6583463;6583469;674545;6583465;0
klump;32;7.3;6.7;104.8;30.5;12.5;veg;672761;672768;6583786;6583792;672765;6583789;1
klump;36;8.1;6.4;55.4;30.5;10.0;veg;674788;674796;6583748;6583754;674792;6583751;0
klump;21;6.5;4.9;133.6;30.5;0.0;veg;674511;674516;6585048;6585053;674514;6585051;0
klump;73;15.1;7.0;33.1;30.5;0.0;veg;674940;674950;6583547;6583559;674945;6583553;0
klump;31;7.1;6.2;170.8;30.5;12.5;veg;672754;672759;6583786;6583793;672756;6583789;0
klump;8;4.8;2.2;125.4;30.5;10.5;veg;671142;671145;6578527;6578529;671144;6578528;0
klump;14;4.8;4.5;149.9;30.5;6.0;veg;674838;674842;6583872;6583876;674840;6583874;0
klump;52;15.5;5.9;112.3;30.5;0.0;veg;674592;674604;6584027;6584035;674598;6584031;0
klump;22;8.5;3.6;160.4;30.5;0.0;veg;674438;674442;6584033;6584040;674440;6584036;0
klump;14;5.3;4.3;96.4;30.5;9.5;veg;672068;672072;6584375;6584378;672070;6584377;0
klump;19;9.0;4.1;29.7;30.5;0.0;veg;674690;674695;6583917;6583924;674692;6583920;0
klump;43;12.6;5.4;138.4;30.5;0.0;veg;674492;674500;6585321;6585330;674496;6585326;0
klump;50;16.2;6.0;174.9;30.5;4.5;veg;676712;676719;6575069;6575083;676715;6575075;0
klump;23;11.2;4.5;156.8;30.5;7.5;veg;678031;678036;6581903;6581911;678034;6581907;0
klump;31;9.0;5.8;114.3;30.5;0.0;veg;674516;674524;6583854;6583860;674521;6583858;0
klump;32;7.0;6.3;95.3;30.5;13.0;veg;672070;672076;6584208;6584214;672073;6584211;0
klump;33;8.3;6.1;54.9;30.5;10.0;veg;672599;672606;6583821;6583827;672602;6583824;0
klump;27;6.5;6.1;135.0;30.5;8.0;veg;676993;676998;6575122;6575127;676996;6575125;0
klump;30;9.2;6.0;32.6;30.5;3.0;veg;678081;678087;6581662;6581669;678084;6581666;0
klump;21;6.1;4.6;35.2;30.5;9.0;veg;674278;674282;6583912;6583917;674280;6583915;0
klump;19;5.9;5.3;34.4;30.5;13.0;veg;672092;672097;6584151;6584156;672094;6584153;0
klump;40;11.4;5.2;1.7;30.5;9.0;veg;673984;673989;6583942;6583951;673986;6583947;0
klump;33;8.6;5.5;39.1;30.5;9.0;veg;674088;674094;6584174;6584181;674091;6584177;0
klump;24;6.4;5.5;27.7;30.5;6.5;veg;676504;676509;6575522;6575527;676507;6575524;0
klump;18;5.7;4.5;143.7;30.5;0.0;veg;674938;674942;6583540;6583545;674939;6583542;0
klump;22;5.8;5.7;147.2;30.5;0.0;veg;674722;674727;6585259;6585265;674724;6585262;0
klump;18;5.7;4.7;102.3;30.5;0.0;veg;674546;674551;6583946;6583950;674548;6583948;0
klump;18;5.6;4.4;161.0;30.5;10.0;veg;674610;674614;6583447;6583451;674612;6583449;0
klump;13;5.1;3.9;154.8;30.5;7.0;veg;666722;666725;6579238;6579242;666724;6579240;0
klump;17;5.1;4.5;61.5;30.5;0.0;veg;674582;674586;6584051;6584055;674584;6584053;0
klump;39;8.0;7.6;162.9;30.5;12.5;veg;672510;672517;6583745;6583752;672513;6583748;0
klump;22;5.9;5.2;88.5;30.5;0.0;veg;674670;674675;6584032;6584037;674673;6584034;0
klump;29;6.9;5.9;0.3;30.5;6.0;veg;676986;676991;6575086;6575092;676988;6575089;0
klump;8;5.1;3.6;124.1;30.5;11.5;veg;670935;670938;6578940;6578943;670936;6578942;0
klump;13;4.5;3.8;135.0;30.5;0.0;veg;674690;674693;6584028;6584031;674692;6584029;0
klump;8;4.9;3.2;164.8;30.5;15.5;veg;676419;676421;6581826;6581829;676420;6581828;0
klump;9;4.1;3.0;69.7;30.5;12.0;bygg;675856;675859;6577621;6577623;675858;6577622;0
klump;9;9.1;1.7;72.8;30.5;11.5;veg;675258;675264;6578010;6578012;675261;6578011;0
klump;971;74.3;36.3;115.7;30.0;6.0;veg;674691;674752;6576295;6576345;674726;6576325;0
klump;39;10.0;6.1;39.0;30.0;4.5;veg;676782;676790;6575062;6575069;676786;6575066;0
klump;30;8.6;5.8;170.2;30.0;8.0;veg;677110;677116;6575592;6575600;677113;6575596;0
klump;156;17.3;14.7;44.4;30.0;10.5;bygg;666688;666703;6576625;6576639;666695;6576633;0
klump;217;33.6;20.0;127.7;30.0;6.5;veg;672823;672851;6583862;6583887;672838;6583874;0
klump;26;7.3;4.9;126.7;30.0;9.0;veg;674103;674109;6584060;6584065;674105;6584062;0
klump;101;26.1;9.4;170.8;30.0;10.0;veg;672551;672562;6584129;6584150;672556;6584138;0
klump;183;24.3;14.7;157.2;30.0;12.0;bygg+veg;668887;668904;6576403;6576425;668896;6576412;0
klump;124;24.1;10.1;134.7;30.0;0.0;veg;674621;674637;6585068;6585086;674629;6585076;0
klump;58;13.2;9.2;33.9;30.0;12.5;bygg+veg;673410;673420;6579079;6579091;673415;6579084;0
klump;249;21.1;16.3;131.6;30.0;12.5;bygg+veg;674413;674433;6577484;6577504;674424;6577495;0
klump;52;10.8;7.6;65.2;30.0;4.5;veg;675620;675630;6575072;6575080;675624;6575076;0
klump;43;12.6;6.3;35.6;30.0;0.0;veg;674501;674510;6583855;6583865;674504;6583859;0
klump;655;58.7;18.5;10.2;30.0;9.0;bygg+veg;669108;669132;6577733;6577784;669120;6577758;0
klump;312;23.7;21.6;62.1;30.0;7.5;bygg;666954;666977;6581112;6581135;666965;6581123;0
klump;99;15.1;11.1;81.9;30.0;4.5;veg;672691;672705;6584439;6584450;672698;6584445;0
klump;459;28.5;26.0;25.2;30.0;10.0;bygg;675489;675519;6576568;6576598;675506;6576584;0
klump;87;18.4;8.3;52.9;30.0;11.5;veg;675921;675935;6583320;6583332;675929;6583326;0
klump;102;15.3;13.1;35.9;30.0;4.5;veg;672756;672769;6584711;6584727;672762;6584718;1
klump;276;23.6;19.5;64.7;30.0;8.5;bygg+veg;678307;678330;6578493;6578512;678319;6578502;0
klump;113;29.8;9.0;70.2;30.0;10.0;veg;672660;672686;6584035;6584049;672671;6584044;0
klump;79;13.6;10.6;95.8;30.0;0.0;veg;675287;675301;6583572;6583583;675295;6583577;0
klump;116;15.1;13.5;22.3;30.0;10.0;veg;672667;672680;6583863;6583877;672674;6583869;0
klump;72;10.3;9.5;74.7;30.0;10.0;veg;674760;674771;6583726;6583735;674766;6583730;0
klump;84;13.0;10.5;158.2;30.0;10.0;veg;672546;672556;6584285;6584298;672551;6584291;0
klump;233;46.4;15.3;89.7;30.0;6.5;veg;676824;676863;6575159;6575177;676848;6575166;0
klump;68;12.6;11.1;94.9;30.0;0.0;veg;674412;674423;6585322;6585333;674418;6585327;0
klump;47;16.3;6.0;16.0;30.0;0.0;veg;674408;674415;6585326;6585340;674411;6585333;0
klump;79;13.3;11.7;173.8;30.0;10.0;veg;672602;672612;6584081;6584095;672607;6584089;0
klump;75;23.0;7.6;135.5;30.0;14.0;bygg+veg;668033;668050;6584072;6584090;668043;6584081;0
klump;35;9.4;5.4;15.6;30.0;10.0;veg;674310;674315;6583578;6583587;674312;6583583;0
klump;22;5.9;5.2;31.6;30.0;0.0;veg;674411;674415;6585279;6585284;674413;6585282;0
klump;243;31.3;18.1;163.4;30.0;10.0;veg;672727;672748;6583823;6583853;672739;6583838;0
klump;62;15.5;8.9;1.6;30.0;6.5;veg;675178;675187;6584721;6584734;675181;6584728;0
klump;132;19.0;11.4;96.5;30.0;6.0;veg;675131;675149;6583871;6583884;675140;6583877;0
klump;257;35.0;16.1;112.8;30.0;13.0;veg;672093;672123;6585201;6585223;672107;6585212;0
klump;256;38.8;17.5;105.1;30.0;10.5;veg;672760;672796;6584325;6584347;672778;6584338;1
klump;79;16.1;10.6;25.7;30.0;12.0;veg;677768;677780;6576594;6576608;677774;6576601;0
klump;82;16.6;9.0;75.7;30.0;10.0;veg;672564;672580;6584078;6584088;672571;6584084;0
klump;87;13.5;9.8;147.6;30.0;9.0;veg;674171;674182;6584006;6584018;674177;6584012;0
klump;49;16.4;5.5;28.9;30.0;0.0;veg;674698;674707;6585269;6585281;674702;6585275;0
klump;16;4.6;4.6;0.0;30.0;4.5;veg;675614;675617;6575007;6575010;675616;6575008;0
klump;23;7.0;5.8;99.2;30.0;0.0;veg;674768;674774;6585060;6585065;674771;6585062;0
klump;125;14.2;13.3;147.2;30.0;12.5;veg;672646;672660;6583648;6583662;672652;6583654;0
klump;946;107.3;31.7;95.5;30.0;8.5;bygg;672145;672232;6577999;6578039;672187;6578027;0
klump;189;19.2;16.2;72.4;30.0;6.5;veg;675519;675537;6575565;6575583;675528;6575574;0
klump;198;20.7;20.0;101.2;30.0;4.5;veg;672666;672687;6584550;6584569;672677;6584559;0
klump;268;23.1;20.2;101.1;30.0;8.5;bygg+veg;678325;678347;6578582;6578602;678336;6578592;0
klump;49;8.8;7.3;145.6;30.0;10.0;veg;672313;672320;6584187;6584194;672317;6584191;0
klump;43;12.3;6.1;102.3;30.0;7.5;veg;668262;668273;6578980;6578986;668267;6578983;0
klump;289;45.0;17.1;145.8;30.0;0.0;veg;674560;674588;6585305;6585341;674575;6585325;0
klump;46;9.1;7.8;65.8;30.0;9.5;veg;672072;672080;6584462;6584470;672077;6584467;0
klump;141;23.5;14.2;151.7;30.0;0.0;veg;674671;674687;6585066;6585086;674680;6585078;0
klump;17;5.1;4.5;78.7;30.0;0.0;veg;674499;674503;6583922;6583925;674501;6583924;0
klump;149;23.0;11.4;49.3;30.0;10.0;veg;672315;672332;6584153;6584170;672323;6584161;0
klump;84;16.5;10.1;19.5;30.0;6.0;veg;676920;676930;6575016;6575032;676924;6575024;0
klump;145;16.6;15.7;6.9;30.0;9.0;veg;673560;673576;6584190;6584207;673567;6584199;0
klump;37;13.2;5.6;48.0;30.0;0.0;veg;674504;674513;6583883;6583892;674508;6583888;0
klump;144;14.2;13.7;20.3;30.0;7.5;veg;678088;678101;6582097;6582110;678094;6582104;0
klump;82;14.2;13.3;67.4;30.0;0.0;veg;674700;674713;6585030;6585044;674706;6585037;0
klump;108;22.9;9.9;27.9;30.0;0.0;veg;674621;674634;6584170;6584188;674627;6584179;0
klump;35;10.3;5.5;87.6;30.0;0.0;veg;674807;674816;6583939;6583944;674811;6583941;1
klump;545;55.1;18.5;66.2;30.0;8.0;veg;677912;677960;6580148;6580177;677937;6580163;0
klump;342;45.4;18.1;11.2;30.0;9.0;veg;674021;674041;6584059;6584098;674032;6584078;0
klump;22;6.1;5.2;137.5;30.0;12.0;veg;677716;677721;6576663;6576668;677718;6576665;0
klump;89;18.8;10.9;113.0;30.0;10.0;veg;672514;672530;6584139;6584152;672521;6584145;0
klump;64;14.7;6.9;20.1;30.0;10.0;veg;674705;674714;6583737;6583749;674709;6583743;0
klump;227;33.1;19.8;32.5;30.0;9.0;veg;674080;674102;6584032;6584064;674090;6584049;0
klump;58;15.9;7.5;103.8;30.0;8.0;veg;677105;677120;6575552;6575560;677111;6575556;0
klump;15;5.6;4.1;169.7;30.0;10.0;veg;672275;672279;6584294;6584299;672277;6584296;0
klump;37;7.9;7.5;97.8;30.0;10.0;veg;674379;674386;6583760;6583766;674383;6583763;0
klump;78;18.2;10.3;114.9;30.0;14.0;veg;670530;670547;6578694;6578708;670539;6578701;0
klump;15;5.1;4.2;3.4;30.0;8.0;veg;677124;677127;6575565;6575569;677125;6575567;0
klump;62;11.3;8.2;69.1;30.0;12.0;veg;677685;677695;6576659;6576668;677690;6576664;0
klump;32;7.1;6.1;167.4;30.0;4.5;veg;675773;675778;6575020;6575026;675775;6575023;0
klump;45;12.6;7.2;146.1;30.0;0.0;veg;674966;674975;6583391;6583401;674971;6583396;0
klump;43;11.5;6.3;133.7;30.0;5.0;veg;666146;666155;6584347;6584355;666150;6584351;0
klump;73;18.6;11.6;104.3;30.0;10.5;veg;677696;677712;6581959;6581971;677704;6581964;0
klump;65;13.4;8.4;166.0;30.0;12.0;veg;677732;677741;6576937;6576949;677737;6576942;0
klump;75;18.0;8.6;109.9;30.0;0.0;veg;674745;674761;6585231;6585242;674753;6585236;0
klump;146;17.7;13.1;21.4;30.0;5.0;veg;672134;672148;6583393;6583410;672140;6583401;0
klump;67;14.9;11.5;168.0;30.0;12.0;veg;670977;670988;6583808;6583819;670982;6583813;0
klump;95;17.2;8.7;29.7;30.0;8.0;veg;677150;677161;6575496;6575511;677155;6575504;0
klump;24;6.2;5.5;151.0;30.0;0.0;veg;674484;674489;6584143;6584148;674487;6584146;0
klump;77;19.0;9.6;150.5;30.0;0.0;veg;674564;674575;6585114;6585132;674570;6585122;0
klump;63;13.6;8.1;139.8;30.0;0.0;veg;674542;674552;6583933;6583944;674547;6583939;0
klump;92;13.1;10.1;120.5;30.0;11.5;bygg;675842;675853;6576777;6576787;675848;6576782;0
klump;300;51.0;14.8;78.7;30.0;12.0;bygg;672116;672159;6582764;6582783;672134;6582774;0
klump;84;13.0;10.8;42.9;30.0;10.0;veg;672754;672766;6583882;6583893;672760;6583887;0
klump;84;17.3;9.2;19.2;30.0;8.0;veg;677461;677472;6580569;6580585;677468;6580576;0
klump;61;19.2;7.8;166.1;30.0;10.0;veg;672369;672377;6584054;6584070;672373;6584062;0
klump;302;29.8;18.4;16.6;30.0;6.0;bygg+veg;674536;674556;6576356;6576385;674545;6576371;0
klump;79;22.4;8.0;64.5;30.0;9.0;veg;673891;673908;6584017;6584030;673899;6584024;0
klump;37;11.7;6.6;58.2;30.0;10.0;veg;672489;672499;6583989;6583997;672495;6583993;0
klump;51;11.9;6.7;87.1;30.0;10.0;veg;672527;672537;6584311;6584318;672532;6584315;0
klump;21;6.9;4.3;15.4;30.0;7.0;veg;666790;666793;6579259;6579265;666792;6579262;0
klump;62;17.8;6.6;102.2;30.0;6.5;veg;676624;676639;6575112;6575120;676632;6575116;0
klump;58;15.7;8.7;149.3;30.0;11.0;bygg;671472;671483;6576636;6576648;671477;6576642;1
klump;41;11.6;6.4;16.2;30.0;10.0;veg;672652;672659;6584059;6584070;672656;6584064;0
klump;36;10.9;5.3;121.8;30.0;0.0;veg;674531;674539;6585086;6585093;674534;6585089;0
klump;103;18.0;9.3;23.0;30.0;0.0;veg;674510;674521;6584157;6584172;674516;6584163;0
klump;60;12.9;8.5;122.1;30.0;6.5;veg;675204;675215;6584698;6584708;675209;6584703;0
klump;13;4.5;3.9;166.2;30.0;0.0;veg;678255;678258;6577406;6577409;678256;6577407;0
klump;60;12.7;7.2;77.6;30.0;10.0;veg;672614;672625;6584071;6584078;672619;6584074;0
klump;90;16.6;10.9;84.3;30.0;5.5;veg;672886;672902;6583761;6583771;672893;6583766;0
klump;44;10.6;6.4;88.5;30.0;0.0;veg;674686;674696;6585302;6585308;674690;6585305;0
klump;17;7.8;4.2;112.3;30.0;16.5;veg;676124;676130;6578354;6578358;676127;6578356;0
klump;51;10.2;8.3;154.7;30.0;4.5;veg;672653;672662;6584574;6584585;672657;6584579;0
klump;48;16.6;5.3;141.6;30.0;0.0;veg;674755;674765;6585057;6585069;674760;6585063;0
klump;31;8.0;5.5;87.7;30.0;0.0;veg;674717;674724;6585267;6585272;674720;6585270;0
klump;38;9.2;5.8;6.1;30.0;0.0;veg;674779;674785;6585062;6585069;674782;6585065;0
klump;64;15.6;13.2;14.8;30.0;11.5;bygg;667419;667432;6576355;6576372;667426;6576364;0
klump;21;6.3;5.0;21.0;30.0;10.0;veg;672606;672610;6583817;6583822;672608;6583819;0
klump;23;5.9;5.3;151.0;30.0;0.0;veg;675027;675032;6583451;6583456;675030;6583454;0
klump;121;25.9;13.1;28.5;30.0;0.0;veg;674539;674557;6583863;6583885;674547;6583874;0
klump;70;20.7;10.3;154.6;30.0;13.0;veg;671753;671765;6584889;6584907;671759;6584899;0
klump;98;17.6;11.4;7.7;30.0;6.5;veg;677657;677669;6583873;6583890;677663;6583881;0
klump;17;8.6;4.1;129.4;30.0;14.0;bygg;668046;668052;6584144;6584150;668049;6584147;0
klump;21;5.8;5.0;58.8;30.0;0.0;veg;674552;674557;6585085;6585089;674554;6585087;0
klump;71;13.9;8.0;156.8;30.0;6.5;veg;676855;676864;6575140;6575152;676860;6575146;1
klump;35;7.8;6.5;49.6;30.0;10.0;veg;672681;672687;6584061;6584067;672684;6584064;0
klump;30;8.3;6.0;142.8;30.0;10.0;veg;674697;674704;6583726;6583733;674700;6583730;0
klump;26;10.4;3.6;0.4;30.0;10.0;veg;674555;674558;6583796;6583805;674556;6583800;0
klump;152;17.6;13.4;76.7;30.0;4.0;veg;675697;675714;6584803;6584817;675705;6584811;0
klump;41;13.5;5.1;63.8;30.0;10.0;veg;672482;672493;6583956;6583963;672488;6583959;0
klump;56;13.1;6.7;0.7;30.0;10.0;veg;674718;674724;6583744;6583756;674721;6583749;0
klump;14;5.1;4.0;148.0;30.0;11.0;veg;674220;674223;6583582;6583586;674222;6583584;0
klump;16;5.2;4.2;23.7;30.0;10.0;veg;672750;672753;6583812;6583816;672752;6583814;0
klump;17;10.8;3.7;41.9;30.0;14.5;veg;669744;669750;6581788;6581795;669747;6581791;0
klump;51;13.6;6.5;54.3;30.0;6.0;veg;676881;676891;6575067;6575076;676886;6575072;0
klump;36;7.6;6.6;154.1;30.0;11.0;veg;674193;674199;6583584;6583590;674196;6583587;0
klump;24;8.8;6.2;78.2;30.0;9.5;veg;672035;672042;6584343;6584348;672038;6584345;0
klump;125;24.9;15.6;21.4;30.0;11.0;veg;671671;671686;6583127;6583150;671678;6583139;0
klump;57;10.9;8.6;6.3;30.0;7.0;veg;668329;668337;6581398;6581409;668333;6581404;0
klump;35;9.0;6.8;94.3;30.0;6.0;veg;677004;677012;6575000;6575006;677009;6575002;0
klump;68;13.0;9.4;90.1;30.0;7.0;veg;666692;666703;6579215;6579225;666697;6579219;0
klump;134;24.1;11.2;90.8;30.0;6.5;veg;672877;672897;6583895;6583905;672887;6583900;0
klump;18;5.5;4.4;146.0;30.0;0.0;veg;674895;674899;6585159;6585163;674897;6585161;0
klump;73;14.5;10.8;56.1;30.0;9.0;veg;666112;666125;6581451;6581462;666118;6581456;0
klump;71;11.7;9.6;179.8;30.0;11.5;veg;673226;673236;6577578;6577590;673231;6577584;0
klump;63;10.3;9.8;163.5;30.0;4.5;veg;676791;676801;6575081;6575091;676796;6575087;0
klump;96;14.6;9.7;2.1;30.0;10.0;veg;674467;674477;6583544;6583558;674472;6583551;0
klump;33;16.4;5.9;148.2;30.0;11.5;bygg+veg;670888;670897;6578980;6578994;670893;6578988;0
klump;59;12.6;7.4;140.4;30.0;11.5;veg;675937;675946;6583316;6583326;675941;6583322;0
klump;44;9.5;6.9;11.5;30.0;0.0;veg;674924;674930;6583533;6583542;674927;6583537;0
klump;19;5.9;5.0;20.5;30.0;12.5;veg;672696;672701;6583573;6583578;672698;6583576;0
klump;59;13.8;7.9;29.0;30.0;4.5;veg;675769;675777;6575030;6575041;675773;6575034;0
klump;103;21.8;8.2;112.5;30.0;8.0;veg;676867;676885;6575140;6575150;676875;6575145;0
klump;26;6.3;5.5;171.1;30.0;6.0;veg;674001;674005;6575579;6575584;674003;6575582;0
klump;149;18.8;11.8;15.1;30.0;10.0;veg;674499;674512;6583296;6583313;674506;6583304;0
klump;36;7.7;6.4;90.0;30.0;0.0;veg;674802;674809;6585088;6585094;674805;6585091;0
klump;34;12.8;5.0;66.8;30.0;8.0;veg;676875;676885;6575110;6575117;676880;6575114;0
klump;30;7.1;5.8;165.3;30.0;10.0;veg;674617;674622;6583414;6583421;674620;6583418;0
klump;28;7.1;6.1;98.8;30.0;0.0;veg;674338;674344;6584038;6584043;674341;6584040;0
klump;16;5.0;4.3;104.9;30.0;0.0;veg;674597;674601;6585335;6585338;674599;6585336;0
klump;39;10.7;5.9;1.5;30.0;0.0;veg;674376;674382;6583819;6583828;674379;6583823;0
klump;190;26.0;13.6;18.9;30.0;11.0;bygg;669093;669110;6575631;6575652;669104;6575640;0
klump;16;5.5;4.4;108.4;30.0;0.0;veg;674538;674543;6585332;6585336;674541;6585334;0
klump;14;5.1;3.9;121.5;30.0;9.0;veg;673967;673971;6583999;6584003;673969;6584001;0
klump;27;6.9;5.9;122.8;30.0;6.5;veg;676709;676714;6575107;6575112;676711;6575110;0
klump;8;5.5;2.9;159.9;30.0;15.5;veg;676469;676471;6581780;6581784;676470;6581782;0
klump;9;4.3;3.5;45.0;30.0;0.0;veg;674430;674433;6585316;6585319;674431;6585317;0
klump;46;9.4;7.8;18.3;30.0;10.0;veg;672669;672676;6584087;6584095;672673;6584091;0
klump;39;9.4;5.6;38.9;30.0;10.0;veg;674711;674718;6583729;6583736;674714;6583732;0
klump;19;5.6;4.9;158.2;30.0;0.0;veg;675047;675051;6583382;6583386;675049;6583384;0
klump;17;5.9;4.0;19.4;30.0;0.0;veg;674722;674725;6585148;6585153;674723;6585150;0
klump;57;11.5;10.2;10.5;30.0;12.0;bygg;669239;669250;6576396;6576407;669244;6576401;0
klump;87;17.3;11.7;87.7;30.0;4.5;veg;672727;672742;6584720;6584731;672735;6584726;0
klump;56;10.1;8.7;35.8;30.0;11.5;bygg;667298;667306;6576297;6576305;667302;6576301;0
klump;23;6.4;4.8;128.3;30.0;10.0;veg;674686;674691;6583737;6583741;674689;6583739;0
klump;135;16.8;12.7;107.2;30.0;12.5;veg;673676;673693;6579008;6579022;673685;6579015;0
klump;58;12.7;6.2;60.9;30.0;12.5;bygg;675920;675931;6584263;6584271;675925;6584267;0
klump;59;12.0;8.1;47.8;30.0;10.0;veg;674537;674547;6583764;6583775;674542;6583768;0
klump;19;5.5;5.0;125.5;30.0;0.0;veg;674761;674765;6583978;6583983;674763;6583981;0
klump;133;17.8;13.0;148.1;30.0;10.0;veg;672284;672299;6584153;6584169;672291;6584161;0
klump;34;9.0;6.6;37.0;30.0;15.5;veg;668927;668934;6584065;6584072;668930;6584069;0
klump;39;8.8;7.4;142.9;30.0;12.5;veg;668504;668511;6577819;6577826;668507;6577822;0
klump;18;12.9;2.0;108.8;30.0;16.5;veg;669324;669334;6584798;6584802;669328;6584800;0
klump;34;9.6;5.4;8.7;30.0;8.0;veg;677112;677117;6575605;6575614;677114;6575610;0
klump;9;4.6;2.8;119.5;30.0;6.0;veg;674824;674827;6583863;6583865;674825;6583864;0
klump;31;7.7;6.0;87.4;30.0;4.0;veg;675697;675704;6584796;6584802;675701;6584799;0
klump;34;7.5;6.6;125.2;30.0;12.0;veg;677677;677684;6576629;6576635;677680;6576633;0
klump;60;17.7;10.1;72.4;30.0;13.0;veg;672078;672094;6585170;6585180;672086;6585174;0
klump;19;6.0;5.3;45.8;30.0;0.0;veg;674597;674603;6583892;6583897;674600;6583894;0
klump;43;8.9;6.7;105.7;30.0;9.0;veg;674124;674132;6584131;6584138;674128;6584134;0
klump;23;8.6;4.2;44.8;30.0;11.0;veg;674180;674186;6583560;6583566;674183;6583563;0
klump;29;9.5;5.0;98.1;30.0;9.5;veg;677099;677107;6575642;6575647;677103;6575644;0
klump;20;6.1;5.4;16.0;30.0;0.0;veg;674566;674571;6585276;6585281;674568;6585278;0
klump;21;5.8;5.7;55.4;30.0;9.5;veg;672084;672089;6584383;6584388;672087;6584386;0
klump;31;7.8;6.1;135.3;30.0;0.0;veg;674438;674444;6585309;6585315;674441;6585312;0
klump;40;8.6;8.1;38.3;30.0;12.0;veg;677803;677811;6576628;6576637;677808;6576632;0
klump;17;13.1;3.3;132.5;30.0;11.5;veg;667171;667179;6581547;6581554;667176;6581550;0
klump;25;9.9;4.7;126.7;30.0;0.0;veg;674622;674629;6583918;6583925;674626;6583921;0
klump;63;13.5;8.5;90.3;30.0;0.0;veg;674623;674636;6585158;6585167;674629;6585163;0
klump;35;11.0;5.1;140.4;30.0;12.0;veg;677664;677671;6576621;6576629;677667;6576625;0
klump;49;14.2;5.9;63.1;30.0;10.0;veg;672493;672505;6584056;6584065;672499;6584060;0
klump;15;6.5;4.4;132.1;30.0;13.0;veg;672097;672102;6585168;6585173;672100;6585170;0
klump;38;9.3;6.8;147.9;30.0;11.5;veg;667345;667352;6581357;6581365;667349;6581361;0
klump;17;5.8;4.3;22.5;30.0;5.5;veg;678077;678081;6581188;6581192;678079;6581190;0
klump;38;16.9;4.9;153.8;30.0;10.5;veg;671174;671182;6578496;6578510;671178;6578504;0
klump;59;14.9;9.0;126.1;30.0;0.0;veg;674701;674714;6585157;6585168;674708;6585163;0
klump;26;6.3;5.6;0.0;30.0;10.0;veg;674395;674399;6583697;6583702;674397;6583700;0
klump;28;6.8;5.8;13.0;30.0;10.0;veg;674544;674550;6583452;6583458;674547;6583455;0
klump;21;7.3;4.3;68.1;30.0;9.0;veg;674016;674022;6583866;6583870;674019;6583868;0
klump;29;7.6;5.3;6.2;30.0;0.0;veg;674618;674622;6585087;6585094;674620;6585091;0
klump;35;8.9;8.1;104.1;30.0;9.0;veg;673858;673865;6584044;6584051;673862;6584047;0
klump;12;4.3;4.1;26.6;30.0;0.0;veg;674616;674619;6583810;6583813;674617;6583812;0
klump;19;6.3;4.1;163.3;30.0;0.0;veg;674640;674643;6583954;6583959;674642;6583956;0
klump;12;6.5;4.5;11.3;30.0;12.0;veg;673459;673463;6577199;6577204;673461;6577202;0
klump;16;5.6;4.1;93.2;30.0;12.0;veg;677686;677690;6576656;6576659;677688;6576657;0
klump;14;6.3;3.4;166.7;30.0;7.5;veg;674764;674767;6575395;6575400;674766;6575397;0
klump;12;5.1;3.8;53.5;30.0;8.5;veg;666824;666828;6579966;6579969;666826;6579967;0
klump;15;9.3;3.2;100.3;30.0;3.0;veg;678077;678084;6581646;6581649;678080;6581648;0
klump;18;10.7;4.2;76.3;30.0;13.0;veg;672093;672101;6585183;6585187;672097;6585185;0
klump;13;6.0;3.6;26.8;30.0;9.5;veg;672096;672099;6584330;6584335;672098;6584333;0
klump;21;6.7;4.5;174.5;30.0;9.0;veg;674290;674294;6583889;6583895;674292;6583892;0
klump;14;7.6;3.6;79.5;30.0;14.5;bygg+veg;676453;676459;6583491;6583494;676456;6583492;0
klump;17;5.6;4.8;153.0;30.0;11.0;veg;674133;674137;6583599;6583603;674135;6583601;0
klump;15;9.9;3.2;158.0;30.0;11.5;veg;670920;670924;6578928;6578935;670922;6578931;0
klump;18;11.2;3.3;123.8;30.0;11.5;veg;667174;667182;6581551;6581557;667178;6581554;0
klump;23;6.1;5.1;91.5;30.0;10.0;veg;674536;674541;6583469;6583473;674538;6583471;0
klump;21;6.1;5.3;116.0;30.0;0.0;veg;674551;674556;6585072;6585077;674553;6585074;0
klump;31;7.5;6.2;25.6;30.0;13.0;veg;672130;672136;6584145;6584151;672133;6584148;0
klump;33;8.3;6.2;152.2;30.0;0.0;veg;674637;674643;6585238;6585245;674640;6585242;0
klump;57;12.8;8.1;84.4;30.0;11.5;veg;677964;677976;6580438;6580446;677970;6580442;0
klump;19;6.2;5.0;110.4;30.0;12.5;veg;672632;672638;6583679;6583684;672635;6583681;0
klump;12;4.7;3.7;156.6;30.0;0.0;veg;674987;674990;6583526;6583530;674988;6583528;0
klump;19;5.7;5.0;94.0;30.0;10.0;veg;672495;672500;6584167;6584171;672498;6584169;0
klump;19;6.0;5.3;145.8;30.0;0.0;veg;675288;675293;6583602;6583607;675290;6583605;0
klump;25;6.5;5.3;54.7;30.0;0.0;veg;674824;674829;6583804;6583809;674826;6583807;1
klump;13;5.2;3.7;88.2;30.0;10.0;veg;674483;674487;6583797;6583800;674485;6583799;0
klump;28;13.3;4.4;10.6;30.0;9.5;veg;672108;672113;6584337;6584348;672111;6584343;0
klump;27;7.6;5.8;115.9;30.0;0.0;veg;674643;674650;6585338;6585343;674647;6585341;0
klump;24;8.4;4.8;104.7;30.0;11.5;bygg+veg;667429;667436;6576415;6576420;667432;6576418;0
klump;12;4.9;3.6;4.9;30.0;0.0;veg;674611;674614;6584044;6584048;674612;6584046;0
klump;18;5.8;4.3;2.2;30.0;6.0;veg;674895;674898;6583829;6583834;674896;6583831;0
klump;24;7.9;4.9;43.4;30.0;9.0;veg;674137;674142;6584103;6584108;674139;6584106;0
klump;30;7.5;6.4;12.2;30.0;6.5;veg;676499;676505;6575501;6575508;676502;6575504;0
klump;9;4.5;2.8;144.2;30.0;12.5;veg;672521;672523;6583750;6583753;672522;6583751;0
klump;11;6.6;3.8;117.8;30.0;17.0;veg;670972;670976;6583805;6583808;670974;6583807;1
klump;20;7.7;4.7;36.9;30.0;7.0;veg;668945;668950;6578936;6578942;668947;6578939;0
klump;8;6.3;2.3;161.7;30.0;11.5;veg;670890;670892;6578999;6579003;670891;6579002;0
klump;15;7.3;4.0;122.4;30.0;13.5;bygg;675144;675149;6577084;6577089;675146;6577086;0
klump;14;14.4;1.8;154.8;30.0;10.5;veg;671129;671134;6578557;6578567;671132;6578562;0
klump;23;8.7;5.3;63.9;30.0;0.0;veg;678246;678253;6577407;6577412;678250;6577409;0
klump;17;6.3;4.8;38.0;30.0;14.0;bygg;670403;670407;6583181;6583186;670405;6583184;0
klump;16;12.3;1.7;134.4;30.0;4.5;veg;674590;674597;6584767;6584774;674593;6584770;0
klump;14;5.0;4.2;16.6;30.0;6.0;veg;676874;676878;6575071;6575075;676876;6575074;0
klump;14;4.8;4.2;116.6;30.0;9.5;veg;672076;672080;6584330;6584334;672078;6584332;0
klump;14;11.6;1.9;114.8;30.0;10.5;veg;670042;670050;6580150;6580154;670046;6580152;0
klump;9;4.7;3.0;133.1;30.0;0.0;veg;674552;674555;6583810;6583813;674554;6583811;0
klump;9;5.6;2.8;53.7;30.0;11.5;bygg;667473;667477;6576530;6576533;667475;6576531;0
klump;18;5.5;4.8;169.5;30.0;9.5;veg;672085;672089;6584361;6584366;672087;6584364;0
klump;12;4.3;4.0;101.3;30.0;5.0;veg;666169;666172;6584346;6584349;666171;6584348;0
klump;8;4.2;3.0;88.2;30.0;13.5;bygg;677471;677474;6579299;6579301;677472;6579300;0
klump;9;4.1;3.8;125.8;30.0;6.0;veg;674845;674848;6583862;6583865;674846;6583863;0
klump;16;6.7;5.2;114.2;30.0;13.0;veg;671747;671753;6584898;6584902;671750;6584901;0
klump;12;6.0;3.8;51.7;30.0;14.5;bygg+veg;670786;670790;6584454;6584458;670788;6584456;0
klump;8;6.6;2.4;166.2;30.0;4.0;veg;675448;675450;6584356;6584361;675449;6584358;0
klump;10;5.1;3.7;51.4;30.0;16.5;veg;668204;668207;6584277;6584280;668205;6584278;0
klump;9;7.0;2.3;36.1;30.0;11.5;veg;671634;671637;6577994;6577998;671636;6577996;0
klump;795;71.5;27.5;104.1;29.5;6.0;bygg;671360;671423;6581760;6581790;671386;6581772;0
klump;290;23.2;21.4;110.6;29.5;8.5;bygg+veg;678345;678366;6578528;6578547;678355;6578537;0
klump;226;24.2;20.8;131.1;29.5;9.0;veg;674021;674045;6584175;6584198;674034;6584188;0
klump;61;19.2;10.3;171.7;29.5;11.5;veg;666273;666284;6579367;6579385;666278;6579377;0
klump;155;22.5;16.1;38.9;29.5;11.5;veg;673155;673176;6577590;6577611;673167;6577599;0
klump;58;12.3;6.6;49.8;29.5;6.0;veg;674812;674822;6583948;6583957;674817;6583953;1
klump;560;55.5;25.4;163.4;29.5;10.5;veg;674904;674935;6582789;6582841;674922;6582817;0
klump;53;14.3;5.4;69.6;29.5;0.0;veg;674561;674573;6585098;6585106;674567;6585102;0
klump;204;30.3;13.4;38.9;29.5;11.5;veg;678046;678071;6580267;6580293;678059;6580282;0
klump;75;12.9;8.2;164.5;29.5;11.5;bygg;675870;675878;6576932;6576944;675873;6576938;0
klump;333;38.7;19.8;2.8;29.5;6.0;veg;677847;677867;6580128;6580165;677857;6580146;0
klump;327;40.9;16.6;154.3;29.5;8.5;veg;677778;677802;6581153;6581190;677791;6581174;0
klump;287;23.7;18.7;43.3;29.5;12.0;bygg+veg;669870;669892;6578073;6578095;669881;6578083;0
klump;74;14.0;9.1;143.5;29.5;10.0;veg;672401;672412;6584084;6584096;672407;6584089;0
klump;53;14.9;7.2;2.5;29.5;13.5;bygg;670932;670939;6576919;6576933;670936;6576926;0
klump;11;5.1;3.7;97.7;29.5;9.0;bygg;671352;671356;6576370;6576373;671354;6576372;0
klump;50;15.2;7.4;121.1;29.5;6.5;veg;675203;675215;6584770;6584779;675208;6584774;0
klump;43;15.7;6.6;94.7;29.5;12.5;veg;672679;672692;6583554;6583561;672686;6583557;0
klump;178;19.2;15.1;139.1;29.5;9.0;bygg;670730;670746;6576139;6576157;670738;6576148;0
klump;23;9.6;4.4;11.5;29.5;0.0;veg;674983;674987;6583438;6583445;674985;6583442;0
klump;18;6.5;4.2;43.5;29.5;5.0;veg;666132;666136;6584381;6584386;666134;6584383;0
klump;8;4.2;3.0;178.2;29.5;0.0;veg;674531;674533;6583869;6583872;674532;6583871;0
klump;151;17.2;12.8;157.7;29.5;6.0;veg;674662;674676;6576269;6576285;674669;6576277;0
klump;668;58.7;19.0;10.5;29.5;8.5;bygg+veg;669466;669490;6577811;6577862;669478;6577836;0
klump;190;27.5;13.3;97.3;29.5;12.5;veg;672704;672729;6583688;6583703;672717;6583695;0
klump;246;21.4;15.9;131.5;29.5;12.5;bygg;674412;674432;6577440;6577460;674423;6577450;0
klump;26;7.6;5.4;110.3;29.5;13.0;veg;672030;672036;6584937;6584942;672033;6584940;0
klump;261;30.2;19.3;12.3;29.5;0.0;veg;677930;677949;6577571;6577600;677939;6577586;0
klump;89;12.5;10.8;112.5;29.5;10.5;veg;674869;674880;6582951;6582963;674874;6582956;0
klump;37;8.1;6.8;129.8;29.5;9.5;veg;677156;677163;6575667;6575674;677160;6575670;0
klump;151;24.1;10.6;119.0;29.5;9.5;veg;677117;677137;6575652;6575667;677128;6575660;0
klump;111;14.4;13.2;115.4;29.5;8.0;bygg+veg;676800;676813;6580108;6580121;676806;6580114;0
klump;33;7.0;6.5;90.4;29.5;10.0;veg;672497;672503;6583941;6583947;672500;6583944;0
klump;12;4.7;3.9;160.8;29.5;9.0;veg;674095;674098;6583988;6583992;674097;6583990;0
klump;801;65.3;21.3;57.4;29.5;9.0;bygg;671453;671509;6576576;6576620;671481;6576598;0
klump;140;20.2;16.7;175.8;29.5;10.0;veg;672605;672623;6584041;6584059;672612;6584050;0
klump;50;13.1;5.7;154.8;29.5;10.0;veg;672422;672430;6584289;6584300;672426;6584294;0
klump;157;26.4;9.2;87.6;29.5;12.0;bygg+veg;675983;676010;6577636;6577646;675996;6577641;0
klump;26;9.9;5.1;127.8;29.5;0.0;veg;674592;674599;6585134;6585140;674596;6585137;0
klump;136;18.9;13.0;42.4;29.5;9.0;veg;674065;674081;6584155;6584171;674073;6584164;0
klump;303;50.8;14.5;4.5;29.5;8.5;bygg+veg;672074;672092;6577892;6577932;672083;6577912;0
klump;85;19.2;9.4;177.3;29.5;12.5;veg;672699;672709;6583609;6583626;672704;6583617;0
klump;545;72.7;17.8;13.1;29.5;10.5;bygg+veg;667035;667060;6576345;6576409;667048;6576378;0
klump;103;20.6;10.6;81.3;29.5;9.5;veg;677155;677173;6575677;6575688;677166;6575682;0
klump;241;29.9;21.6;45.2;29.5;4.0;veg;675799;675825;6584682;6584710;675813;6584695;0
klump;50;12.3;8.3;54.8;29.5;11.5;bygg;670092;670102;6578338;6578346;670096;6578343;0
klump;180;23.7;15.0;97.1;29.5;6.0;veg;674702;674724;6576348;6576363;674714;6576355;0
klump;121;20.6;11.6;82.6;29.5;9.0;veg;674074;674094;6584139;6584150;674084;6584145;0
klump;25;9.0;4.3;7.9;29.5;0.0;veg;675067;675071;6583428;6583435;675069;6583431;0
klump;229;21.4;15.1;112.9;29.5;10.0;bygg;675443;675466;6576624;6576639;675456;6576633;0
klump;143;25.7;10.6;178.2;29.5;13.0;veg;671889;671901;6583858;6583883;671895;6583871;0
klump;144;21.4;11.1;134.3;29.5;7.0;bygg;668359;668376;6581348;6581366;668368;6581357;0
klump;64;13.8;9.6;32.7;29.5;11.0;veg;674189;674201;6583542;6583555;674196;6583548;0
klump;326;27.7;21.3;4.9;29.5;8.5;bygg;673289;673311;6575733;6575759;673300;6575747;0
klump;12;5.1;3.1;170.6;29.5;10.0;veg;674527;674529;6583313;6583317;674528;6583315;0
klump;30;6.4;6.2;171.4;29.5;0.0;veg;674505;674510;6585140;6585146;674508;6585143;0
klump;12;5.6;3.4;63.2;29.5;9.0;veg;674006;674010;6583947;6583950;674008;6583948;0
klump;40;10.8;7.3;129.7;29.5;9.0;veg;673908;673917;6584035;6584043;673913;6584039;0
klump;210;22.6;20.9;48.1;29.5;12.0;bygg+veg;668912;668934;6576360;6576381;668921;6576370;0
klump;86;16.6;9.0;9.6;29.5;10.0;veg;674514;674525;6583329;6583344;674520;6583336;0
klump;25;7.1;4.8;85.6;29.5;6.0;veg;675742;675748;6584830;6584834;675745;6584832;1
klump;54;12.0;6.7;59.3;29.5;6.5;veg;675171;675181;6584749;6584758;675176;6584754;0
klump;65;11.3;9.0;144.1;29.5;0.0;veg;674779;674789;6583897;6583908;674783;6583903;0
klump;20;6.3;4.7;154.6;29.5;0.0;veg;674642;674647;6583969;6583974;674644;6583971;0
klump;39;8.1;6.5;138.7;29.5;9.0;veg;674206;674212;6583996;6584003;674209;6583999;0
klump;90;15.9;11.3;102.1;29.5;9.5;veg;677150;677163;6575650;6575662;677157;6575657;0
klump;52;19.0;7.9;113.4;29.5;14.5;veg;669757;669773;6581785;6581795;669764;6581789;0
klump;25;8.2;4.7;90.5;29.5;13.0;veg;672114;672121;6584136;6584140;672117;6584138;0
klump;59;13.8;7.0;174.3;29.5;12.0;veg;677742;677750;6576640;6576653;677747;6576647;0
klump;151;20.8;17.0;88.7;29.5;4.5;veg;672383;672403;6584474;6584492;672394;6584482;0
klump;108;19.0;11.2;107.2;29.5;10.0;veg;672630;672648;6584044;6584056;672640;6584051;0
klump;17;5.3;4.4;27.1;29.5;10.0;veg;672510;672514;6584114;6584118;672512;6584116;0
klump;19;5.7;4.9;67.7;29.5;0.0;veg;674608;674613;6583882;6583886;674610;6583884;0
klump;122;22.8;9.5;117.5;29.5;7.0;veg;668966;668985;6579107;6579121;668976;6579114;0
klump;70;15.7;8.0;42.0;29.5;9.0;veg;673996;674007;6584029;6584040;674001;6584034;0
klump;97;19.5;14.7;22.0;29.5;6.0;veg;674856;674871;6583888;6583905;674863;6583895;0
klump;21;6.2;4.7;158.7;29.5;0.0;veg;674610;674614;6584019;6584024;674612;6584022;0
klump;89;23.1;10.0;23.1;29.5;6.0;veg;666162;666175;6582457;6582474;666169;6582465;0
klump;44;13.0;6.6;171.7;29.5;10.0;veg;674521;674527;6583305;6583316;674524;6583310;0
klump;23;7.1;4.5;24.5;29.5;0.0;veg;675030;675034;6583415;6583421;675032;6583418;0
klump;133;28.4;10.6;147.5;29.5;12.5;veg;672696;672713;6583701;6583724;672703;6583712;0
klump;145;20.9;12.0;113.1;29.5;9.0;bygg;670770;670789;6576135;6576150;670779;6576142;0
klump;80;16.5;12.1;154.8;29.5;4.5;veg;676800;676813;6575050;6575064;676806;6575056;0
klump;25;7.9;4.9;50.2;29.5;5.0;veg;666351;666357;6583195;6583200;666354;6583198;0
klump;54;15.8;6.5;69.6;29.5;9.0;veg;673956;673968;6583939;6583947;673962;6583943;0
klump;58;10.1;9.6;48.5;29.5;4.5;veg;672717;672726;6584568;6584577;672721;6584573;0
klump;20;6.0;5.3;65.1;29.5;0.0;veg;674576;674581;6585285;6585290;674579;6585288;0
klump;26;6.3;5.8;174.6;29.5;11.5;veg;677708;677713;6575946;6575952;677711;6575949;0
klump;54;14.0;10.4;89.0;29.5;11.0;veg;671691;671704;6583124;6583134;671697;6583130;0
klump;186;22.4;18.8;111.4;29.5;12.0;bygg+veg;668935;668958;6576316;6576336;668946;6576326;0
klump;27;6.3;6.0;12.6;29.5;10.0;veg;672506;672511;6584150;6584156;672509;6584153;0
klump;32;8.9;8.0;170.3;29.5;13.0;veg;672092;672100;6585189;6585197;672095;6585193;0
klump;39;8.4;6.4;72.7;29.5;10.0;veg;672382;672389;6583812;6583819;672385;6583816;0
klump;43;10.2;6.8;78.8;29.5;6.5;veg;675669;675679;6575523;6575530;675674;6575526;0
klump;31;8.6;6.4;140.8;29.5;8.0;veg;677152;677158;6575515;6575522;677155;6575519;0
klump;63;14.3;7.7;143.4;29.5;0.0;veg;675977;675988;6584636;6584648;675983;6584642;0
klump;19;6.1;4.3;170.4;29.5;6.5;veg;676770;676774;6575199;6575204;676772;6575202;0
klump;20;8.0;4.5;6.0;29.5;6.0;veg;676950;676954;6575046;6575053;676952;6575050;0
klump;40;8.0;7.1;159.6;29.5;8.0;veg;677134;677141;6575472;6575479;677138;6575476;0
klump;13;4.9;4.0;0.0;29.5;0.0;veg;678453;678456;6576060;6576064;678454;6576062;0
klump;44;13.6;6.3;147.2;29.5;10.0;veg;671651;671659;6584030;6584040;671655;6584035;0
klump;28;6.8;5.5;96.3;29.5;9.0;veg;674242;674248;6583904;6583908;674245;6583906;0
klump;11;4.6;3.2;164.9;29.5;0.0;veg;674744;674746;6584024;6584027;674745;6584025;0
klump;23;7.4;5.2;14.0;29.5;0.0;veg;675312;675317;6583527;6583533;675314;6583529;0
klump;17;5.5;4.7;159.4;29.5;4.5;veg;676830;676834;6575077;6575081;676832;6575079;0
klump;162;21.6;10.5;157.0;29.5;10.0;veg;672327;672340;6584168;6584187;672334;6584178;0
klump;95;16.8;11.2;30.4;29.5;11.5;bygg;667464;667476;6576531;6576545;667469;6576538;0
klump;13;12.1;1.5;101.4;29.5;15.0;veg;674820;674829;6577377;6577379;674824;6577378;0
klump;48;10.3;7.8;119.6;29.5;11.5;veg;678070;678080;6580293;6580301;678074;6580297;0
klump;73;14.9;8.4;153.2;29.5;13.0;bygg;674237;674246;6576755;6576767;674241;6576760;0
klump;30;7.8;5.2;50.5;29.5;9.0;veg;674190;674196;6584098;6584104;674193;6584101;0
klump;243;21.1;16.0;129.3;29.5;12.5;bygg;674454;674474;6577497;6577516;674465;6577507;0
klump;67;16.8;9.8;90.2;29.5;0.0;veg;674428;674442;6585325;6585336;674436;6585331;0
klump;43;8.5;7.7;147.8;29.5;7.5;veg;678175;678183;6581822;6581829;678179;6581825;0
klump;90;13.5;10.5;153.9;29.5;11.5;veg;678034;678045;6580306;6580318;678040;6580313;0
klump;20;6.7;4.6;129.0;29.5;9.0;veg;673884;673889;6584019;6584024;673887;6584021;0
klump;15;5.3;4.0;24.5;29.5;11.0;veg;674270;674273;6583617;6583621;674272;6583619;0
klump;38;11.1;5.5;45.1;29.5;0.0;veg;674523;674532;6585088;6585095;674526;6585092;0
klump;19;5.9;4.4;155.3;29.5;0.0;veg;674841;674845;6585082;6585087;674843;6585085;0
klump;49;9.8;9.7;33.5;29.5;6.0;veg;677108;677116;6575048;6575058;677112;6575053;0
klump;34;8.9;5.5;91.8;29.5;8.0;veg;676968;676976;6575124;6575129;676973;6575126;0
klump;55;19.3;7.5;96.8;29.5;0.0;veg;674375;674391;6585328;6585335;674383;6585331;0
klump;132;14.3;13.6;15.3;29.5;9.0;veg;672206;672220;6575359;6575374;672214;6575367;0
klump;71;17.4;9.3;131.1;29.5;9.0;veg;674194;674207;6583972;6583984;674201;6583978;0
klump;21;6.1;4.8;164.0;29.5;0.0;veg;674777;674781;6583878;6583883;674779;6583881;0
klump;21;6.2;4.8;130.0;29.5;0.0;veg;674996;675001;6583380;6583385;674999;6583382;0
klump;32;7.3;6.3;60.2;29.5;8.5;veg;677612;677619;6581122;6581128;677616;6581125;0
klump;26;6.9;6.1;171.6;29.5;6.5;veg;676739;676744;6575179;6575185;676741;6575181;0
klump;8;8.5;2.2;156.3;29.5;11.5;veg;675283;675286;6577907;6577912;675285;6577910;0
klump;30;8.9;7.1;75.1;29.5;11.0;veg;668704;668711;6575887;6575893;668708;6575890;0
klump;59;18.3;5.6;3.5;29.5;10.0;veg;672565;672570;6584105;6584121;672567;6584114;0
klump;49;12.0;8.4;125.6;29.5;4.5;veg;672744;672753;6584350;6584358;672748;6584353;0
klump;20;9.2;4.0;72.1;29.5;0.0;veg;674771;674778;6585268;6585272;674775;6585271;0
klump;57;11.8;9.2;129.9;29.5;12.0;bygg;671513;671523;6575371;6575381;671518;6575375;0
klump;18;16.1;1.7;128.9;29.5;6.5;veg;675079;675089;6584729;6584737;675084;6584733;0
klump;24;6.0;5.3;79.4;29.5;0.0;veg;674835;674840;6585235;6585240;674838;6585238;0
klump;42;13.7;5.1;124.6;29.5;9.0;veg;674224;674234;6583909;6583918;674228;6583913;0
klump;34;7.4;6.3;37.5;29.5;6.5;veg;675661;675667;6575533;6575539;675664;6575536;0
klump;11;5.8;3.3;93.7;29.5;15.0;veg;675208;675212;6577645;6577647;675210;6577646;0
klump;48;11.3;6.1;65.8;29.5;12.5;bygg;675926;675935;6584249;6584256;675931;6584252;0
klump;52;10.8;6.6;74.8;29.5;12.5;bygg;675923;675932;6584256;6584263;675928;6584259;0
klump;22;6.3;5.0;88.2;29.5;10.0;veg;672329;672334;6584131;6584135;672332;6584133;0
klump;25;7.6;5.0;160.0;29.5;6.5;veg;676595;676600;6575138;6575145;676598;6575142;0
klump;115;23.3;10.8;34.7;29.5;10.0;veg;674526;674541;6583328;6583348;674534;6583338;0
klump;23;6.2;5.5;34.4;29.5;13.0;veg;674180;674185;6584366;6584371;674182;6584369;0
klump;58;13.9;7.7;121.7;29.5;9.0;veg;674103;674114;6584044;6584055;674108;6584049;0
klump;41;13.8;4.9;173.1;29.5;12.0;veg;677707;677711;6576686;6576698;677709;6576691;0
klump;35;12.6;6.3;66.0;29.5;0.0;veg;674601;674610;6585181;6585188;674606;6585185;0
klump;42;12.2;6.0;17.7;29.5;6.5;veg;676792;676798;6575133;6575143;676795;6575138;0
klump;94;19.1;10.6;10.7;29.5;11.5;bygg+veg;667287;667299;6576600;6576620;667293;6576611;0
klump;71;16.0;8.6;102.3;29.5;10.0;veg;672495;672509;6584122;6584131;672501;6584127;0
klump;196;25.1;16.9;65.3;29.5;10.0;veg;674730;674752;6583689;6583709;674741;6583700;0
klump;73;14.3;12.0;160.3;29.5;11.5;bygg;667404;667416;6576544;6576556;667411;6576550;0
klump;91;16.3;9.0;12.1;29.5;9.0;veg;674069;674078;6584184;6584198;674073;6584192;0
klump;102;17.5;10.1;163.9;29.5;6.5;veg;672841;672851;6583919;6583935;672846;6583927;0
klump;12;4.4;3.8;160.2;29.5;3.0;veg;678124;678127;6581742;6581745;678125;6581744;0
klump;62;11.9;7.0;116.8;29.5;0.0;veg;674714;674723;6585081;6585088;674718;6585084;0
klump;17;5.5;5.0;135.0;29.5;11.5;veg;677795;677799;6575822;6575826;677797;6575824;0
klump;18;7.5;4.2;103.4;29.5;12.0;veg;677731;677737;6576627;6576631;677734;6576629;0
klump;18;6.2;4.3;179.1;29.5;0.0;veg;674572;674575;6584042;6584047;674574;6584045;0
klump;51;11.4;8.1;130.2;29.5;6.5;veg;676613;676622;6575173;6575183;676618;6575178;0
klump;14;4.8;4.0;176.4;29.5;9.0;veg;674219;674222;6584049;6584053;674220;6584051;0
klump;65;13.8;8.1;97.5;29.5;4.5;veg;676704;676716;6575058;6575066;676710;6575063;0
klump;31;8.5;6.3;113.2;29.5;12.5;veg;672666;672673;6583554;6583560;672669;6583557;0
klump;21;7.1;4.0;97.3;29.5;0.0;veg;674598;674604;6583828;6583831;674601;6583830;0
klump;61;17.2;11.7;131.2;29.5;9.0;veg;673964;673978;6583959;6583971;673969;6583964;0
klump;10;4.2;3.5;135.0;29.5;8.0;veg;677115;677118;6575561;6575564;677116;6575563;0
klump;21;7.6;5.2;118.3;29.5;0.0;veg;674400;674406;6585318;6585323;674403;6585320;0
klump;44;9.2;8.0;72.4;29.5;10.0;veg;672299;672308;6584251;6584258;672304;6584255;0
klump;40;12.2;5.6;127.1;29.5;6.0;veg;677078;677086;6575068;6575076;677082;6575072;0
klump;29;6.8;5.9;120.3;29.5;6.0;veg;673997;674003;6575569;6575574;674000;6575571;0
klump;25;9.6;6.0;9.3;29.5;9.0;veg;673936;673942;6583957;6583966;673939;6583962;0
klump;49;11.7;6.2;104.4;29.5;6.5;veg;675132;675142;6584752;6584758;675137;6584755;0
klump;41;15.1;5.4;164.4;29.5;13.0;veg;672151;672157;6584164;6584176;672154;6584169;0
klump;16;6.2;3.8;39.1;29.5;9.0;veg;674076;674080;6584077;6584081;674078;6584079;0
klump;66;13.7;9.3;124.2;29.5;9.0;veg;674041;674052;6584073;6584084;674047;6584078;0
klump;18;6.3;5.0;147.1;29.5;7.0;veg;666698;666703;6579274;6579279;666700;6579277;0
klump;14;4.8;4.1;98.1;29.5;13.0;veg;672118;672122;6584288;6584291;672120;6584290;0
klump;33;11.0;6.6;69.4;29.5;11.0;veg;668719;668728;6575887;6575893;668723;6575891;0
klump;74;15.3;8.2;145.1;29.5;6.0;veg;676932;676942;6575015;6575027;676937;6575022;0
klump;59;15.9;8.6;164.7;29.5;4.5;veg;672649;672659;6584680;6584694;672653;6584687;0
klump;22;13.3;2.7;48.3;29.5;11.5;bygg;676426;676434;6576324;6576332;676429;6576328;0
klump;47;17.7;6.3;94.8;29.5;6.5;veg;676637;676652;6575211;6575217;676644;6575214;0
klump;139;19.5;11.5;9.5;29.5;11.5;bygg;666237;666250;6575527;6575547;666243;6575537;0
klump;65;13.4;6.8;4.7;29.5;12.5;bygg;674773;674779;6577356;6577368;674777;6577361;0
klump;19;6.3;4.5;125.9;29.5;6.0;veg;675725;675730;6584836;6584840;675727;6584838;0
klump;46;8.3;7.9;137.5;29.5;10.0;veg;672290;672298;6584303;6584310;672294;6584306;0
klump;57;15.8;7.3;22.8;29.5;13.0;veg;672147;672156;6584190;6584202;672151;6584196;0
klump;13;4.5;3.8;135.0;29.5;0.0;veg;674694;674697;6585011;6585014;674696;6585012;0
klump;25;6.6;5.6;77.7;29.5;12.0;veg;677809;677815;6576603;6576608;677813;6576606;0
klump;21;6.3;5.1;102.6;29.5;10.0;veg;672503;672508;6583980;6583985;672505;6583982;0
klump;27;9.3;4.8;96.9;29.5;7.5;veg;678016;678025;6581887;6581892;678020;6581889;0
klump;24;8.2;5.7;125.2;29.5;12.0;veg;677782;677789;6576592;6576598;677785;6576596;0
klump;54;11.0;7.9;3.0;29.5;12.5;veg;672715;672723;6583647;6583658;672719;6583653;0
klump;30;10.2;5.3;32.6;29.5;0.0;veg;675236;675242;6583447;6583454;675239;6583450;0
klump;48;12.7;5.7;178.9;29.5;10.0;veg;672382;672388;6584139;6584150;672385;6584145;0
klump;27;7.8;5.8;133.1;29.5;10.0;veg;672506;672513;6583893;6583899;672510;6583896;0
klump;30;8.1;7.4;119.7;29.5;13.5;veg;674861;674868;6576764;6576771;674864;6576767;0
klump;20;5.7;5.0;150.7;29.5;0.0;veg;674477;674481;6583925;6583930;674479;6583928;0
klump;23;6.1;5.5;51.4;29.5;0.0;veg;674475;674480;6583934;6583939;674478;6583937;0
klump;69;13.6;8.9;121.8;29.5;9.0;veg;673955;673968;6583987;6583997;673961;6583992;0
klump;37;8.9;6.0;105.3;29.5;0.0;veg;675073;675081;6583401;6583407;675077;6583404;0
klump;11;4.3;3.9;35.0;29.5;10.0;veg;674350;674353;6583556;6583559;674352;6583557;0
klump;170;29.0;16.2;11.5;29.5;10.0;veg;672658;672675;6584051;6584075;672668;6584062;0
klump;33;7.7;6.9;79.5;29.5;6.5;veg;676511;676518;6575505;6575511;676515;6575508;0
klump;24;7.1;5.4;112.5;29.5;12.0;veg;677724;677730;6576665;6576670;677727;6576667;0
klump;24;7.1;6.1;157.8;29.5;5.0;veg;666139;666145;6584380;6584386;666142;6584384;0
klump;28;10.1;4.6;139.6;29.5;0.0;veg;674649;674656;6583909;6583916;674653;6583912;0
klump;17;5.4;4.5;64.3;29.5;9.5;veg;672050;672054;6584320;6584324;672052;6584322;0
klump;17;8.5;3.8;31.9;29.5;7.5;veg;678037;678042;6581906;6581912;678040;6581909;0
klump;13;7.5;4.0;29.0;29.5;11.5;bygg;678843;678847;6575041;6575047;678845;6575044;0
klump;19;15.1;1.9;82.8;29.5;16.5;veg;668824;668837;6583562;6583564;668831;6583563;0
klump;41;9.9;6.9;142.2;29.5;5.0;veg;672903;672911;6585175;6585184;672906;6585180;0
klump;8;4.8;2.1;0.0;29.5;6.5;veg;676776;676777;6575195;6575198;676776;6575196;0
klump;26;9.0;4.8;0.2;29.5;0.0;veg;674351;674356;6585303;6585310;674353;6585306;0
klump;15;5.0;4.2;11.4;29.5;0.0;veg;674979;674982;6583394;6583398;674981;6583395;0
klump;31;7.2;5.8;57.8;29.5;10.0;veg;672312;672318;6584167;6584172;672315;6584169;0
klump;54;9.6;7.8;163.2;29.5;4.5;veg;675750;675757;6575095;6575104;675753;6575099;1
klump;22;5.8;5.4;9.6;29.5;0.0;veg;674511;674516;6585147;6585152;674513;6585149;0
klump;19;5.9;5.0;20.4;29.5;8.0;veg;676982;676986;6575117;6575122;676984;6575119;0
klump;29;8.8;6.6;127.4;29.5;10.0;veg;672306;672313;6584276;6584282;672310;6584279;0
klump;13;5.8;3.8;172.3;29.5;4.5;veg;676692;676695;6575084;6575089;676694;6575087;0
klump;38;11.7;5.1;41.7;29.5;6.5;veg;675201;675209;6584729;6584738;675205;6584733;0
klump;26;6.8;6.0;134.7;29.5;13.0;veg;672141;672147;6584261;6584267;672143;6584264;0
klump;9;5.6;3.5;176.0;29.5;12.0;veg;673436;673439;6577159;6577163;673438;6577161;0
klump;23;10.4;3.6;14.5;29.5;4.0;veg;675744;675748;6584740;6584748;675746;6584744;0
klump;16;5.4;4.0;17.3;29.5;0.0;veg;675002;675005;6583522;6583526;675003;6583524;0
klump;38;10.8;7.0;122.4;29.5;6.0;veg;676892;676901;6575036;6575044;676897;6575040;0
klump;15;5.0;4.2;147.1;29.5;5.5;veg;678097;678100;6581176;6581180;678098;6581178;0
klump;15;9.3;5.3;143.4;29.5;11.5;veg;667161;667166;6581554;6581561;667164;6581558;0
klump;11;5.8;3.3;135.0;29.5;10.0;veg;672488;672492;6583981;6583985;672490;6583983;0
klump;16;7.5;4.9;113.5;29.5;13.0;bygg;671621;671627;6577214;6577219;671624;6577217;0
klump;32;7.2;6.7;43.4;29.5;10.0;veg;672306;672312;6584125;6584131;672309;6584128;0
klump;20;9.8;3.6;152.8;29.5;0.0;veg;674747;674751;6583932;6583939;674749;6583936;0
klump;8;5.7;1.9;81.3;29.5;14.0;veg;675531;675535;6577157;6577158;675533;6577158;0
klump;8;8.4;1.3;33.4;29.5;4.0;veg;673059;673062;6578219;6578224;673060;6578222;0
klump;24;6.6;5.7;152.8;29.5;6.0;veg;674825;674830;6583998;6584004;674827;6584001;0
klump;33;7.4;6.6;141.0;29.5;10.0;veg;674802;674809;6583777;6583784;674806;6583780;0
klump;10;7.7;2.5;146.9;29.5;11.5;veg;670882;670885;6578999;6579004;670884;6579002;0
klump;14;4.9;3.9;144.5;29.5;0.0;veg;674650;674653;6583990;6583993;674652;6583992;0
klump;16;8.3;3.9;121.3;29.5;17.0;veg;675133;675139;6579349;6579353;675136;6579351;0
klump;29;9.0;4.7;169.5;29.5;0.0;veg;678588;678592;6575930;6575937;678590;6575933;0
klump;19;6.5;4.2;139.3;29.5;0.0;veg;674565;674569;6585286;6585291;674567;6585289;0
klump;36;10.0;5.8;4.6;29.5;8.0;veg;676932;676937;6575130;6575139;676935;6575135;0
klump;16;6.4;3.8;52.0;29.5;10.5;veg;677738;677742;6581964;6581968;677740;6581966;0
klump;20;5.5;5.2;74.0;29.5;0.0;veg;674797;674801;6585241;6585245;674799;6585243;0
klump;25;6.5;5.3;109.3;29.5;0.0;veg;674542;674547;6583957;6583962;674545;6583960;0
klump;19;6.4;4.3;105.5;29.5;0.0;veg;674687;674692;6585145;6585149;674689;6585147;0
klump;22;8.9;5.9;179.7;29.5;0.0;veg;674621;674626;6583999;6584006;674623;6584002;0
klump;45;14.9;4.2;10.0;29.5;13.0;bygg;674262;674266;6576704;6576717;674264;6576710;0
klump;17;7.6;3.8;58.9;29.5;13.5;bygg;677610;677615;6579335;6579340;677612;6579338;0
klump;13;4.9;3.9;176.9;29.5;0.0;veg;674622;674625;6583838;6583842;674623;6583840;0
klump;21;10.5;4.0;150.5;29.5;10.0;veg;674500;674505;6583380;6583387;674502;6583384;0
klump;57;15.3;7.5;59.7;29.5;8.0;veg;677104;677116;6575578;6575588;677110;6575583;0
klump;21;13.1;3.8;151.0;29.5;8.5;veg;670688;670694;6579258;6579268;670691;6579262;0
klump;36;7.6;6.4;142.3;29.5;0.0;veg;674573;674579;6584186;6584192;674576;6584189;0
klump;23;5.8;5.4;83.6;29.5;0.0;veg;674561;674566;6585260;6585265;674563;6585262;0
klump;18;6.0;4.8;21.4;29.5;6.5;veg;676660;676664;6575220;6575225;676662;6575222;0
klump;23;7.1;4.8;107.2;29.5;9.5;veg;677126;677132;6575643;6575648;677129;6575646;0
klump;12;4.5;4.0;0.0;29.5;7.5;veg;678075;678078;6581878;6581881;678076;6581880;0
klump;16;5.6;4.2;81.9;29.5;5.0;veg;666119;666123;6584367;6584371;666121;6584369;0
klump;12;4.9;4.2;0.0;29.5;6.0;veg;677119;677122;6575048;6575052;677120;6575050;0
klump;17;6.0;3.9;136.3;29.5;0.0;veg;674634;674638;6585230;6585234;674636;6585232;0
klump;12;5.0;3.6;120.4;29.5;0.0;veg;675265;675269;6583709;6583712;675267;6583710;0
klump;10;7.1;2.6;97.2;29.5;14.5;veg;676973;676978;6582629;6582631;676975;6582630;0
klump;15;6.3;3.9;38.0;29.5;13.0;veg;672125;672129;6584161;6584166;672127;6584163;0
klump;33;12.7;5.1;59.4;29.5;11.0;bygg+veg;668716;668725;6575892;6575900;668720;6575896;0
klump;18;6.5;5.0;160.3;29.5;6.5;veg;676587;676591;6575224;6575229;676589;6575226;0
klump;16;5.5;4.3;97.0;29.5;0.0;veg;674574;674578;6584020;6584023;674576;6584022;0
klump;8;4.2;2.8;97.0;29.5;10.0;veg;672481;672484;6583963;6583965;672482;6583964;0
klump;10;5.0;2.8;20.6;29.5;13.0;bygg;668669;668671;6583470;6583474;668670;6583472;0
klump;20;5.6;5.3;3.0;29.5;12.0;veg;677733;677738;6576633;6576638;677736;6576636;0
klump;17;5.6;4.8;143.8;29.5;12.0;veg;677695;677700;6576628;6576633;677698;6576631;0
klump;19;14.2;5.1;116.5;29.5;14.5;veg;669750;669761;6581782;6581788;669756;6581786;0
klump;37;14.8;6.7;125.3;29.5;15.5;veg;671713;671724;6580733;6580742;671720;6580737;1
klump;22;8.7;4.5;1.1;29.5;0.0;veg;674414;674418;6584017;6584024;674417;6584020;0
klump;12;4.4;3.8;109.8;29.5;6.0;veg;674817;674820;6583854;6583857;674818;6583856;0
klump;11;5.3;3.5;124.3;29.5;11.5;veg;676429;676433;6576551;6576554;676431;6576553;0
klump;8;4.6;3.3;168.2;29.5;14.0;bygg;670675;670677;6579077;6579080;670676;6579078;0
klump;9;6.7;2.0;89.1;29.5;0.0;veg;674564;674569;6585342;6585343;674566;6585343;0
klump;8;4.5;2.8;7.8;29.5;13.0;bygg;675900;675902;6579258;6579261;675901;6579260;0
klump;44;13.1;5.2;42.7;29.0;9.0;veg;674180;674189;6584064;6584072;674185;6584068;0
klump;605;75.4;17.6;13.7;29.0;10.5;bygg;666678;666705;6576540;6576604;666691;6576571;0
klump;26;8.6;4.9;10.9;29.0;4.0;veg;675806;675810;6584710;6584717;675808;6584714;0
klump;272;22.0;18.8;44.0;29.0;7.5;bygg;666918;666939;6581147;6581168;666929;6581157;0
klump;135;16.0;13.1;25.3;29.0;0.0;veg;674812;674826;6583360;6583376;674820;6583368;1
klump;187;30.1;12.8;58.2;29.0;10.0;veg;676636;676659;6580819;6580839;676649;6580829;0
klump;93;18.9;10.6;81.5;29.0;12.0;veg;677806;677824;6576675;6576685;677814;6576681;0
klump;71;18.8;7.4;131.6;29.0;4.5;veg;676807;676820;6575068;6575082;676813;6575074;0
klump;59;12.5;7.2;143.6;29.0;10.0;veg;671604;671613;6584149;6584158;671609;6584154;0
klump;109;21.6;10.5;53.9;29.0;12.0;veg;677763;677781;6576672;6576687;677772;6576679;0
klump;47;15.5;6.8;37.5;29.0;10.0;veg;672492;672502;6584018;6584029;672496;6584025;0
klump;14;4.9;4.3;20.6;29.0;14.0;veg;671633;671636;6579436;6579440;671634;6579438;0
klump;82;15.8;12.1;51.9;29.0;0.0;veg;675038;675052;6583407;6583420;675044;6583415;0
klump;134;29.8;9.9;163.0;29.0;6.0;veg;675687;675701;6584826;6584852;675695;6584839;1
klump;641;58.4;18.6;11.1;29.0;8.5;bygg+veg;669588;669612;6577793;6577843;669599;6577818;0
klump;54;14.4;8.5;43.1;29.0;4.5;veg;676677;676688;6575047;6575059;676682;6575053;0
klump;719;57.8;18.9;10.4;29.0;8.5;bygg+veg;669657;669682;6577903;6577953;669669;6577929;0
klump;69;14.9;9.7;61.3;29.0;4.0;veg;675693;675706;6584783;6584794;675699;6584789;0
klump;645;57.9;18.5;11.1;29.0;8.5;bygg;669237;669261;6577747;6577798;669249;6577772;0
klump;851;61.7;22.8;10.4;29.0;8.5;bygg+veg;669408;669436;6577845;6577899;669422;6577872;0
klump;97;13.3;12.5;156.0;29.0;6.0;veg;674676;674689;6576281;6576294;674683;6576288;0
klump;34;10.2;5.8;15.5;29.0;10.0;veg;674370;674375;6583538;6583547;674372;6583543;0
klump;88;14.4;12.9;18.0;29.0;6.0;veg;674432;674445;6575798;6575812;674439;6575804;0
klump;34;8.3;6.7;2.5;29.0;11.0;bygg;673839;673845;6583413;6583420;673842;6583417;0
klump;52;20.2;7.4;12.0;29.0;0.0;veg;674717;674725;6584026;6584043;674722;6584036;0
klump;13;5.4;3.2;90.0;29.0;9.0;veg;674061;674065;6584072;6584074;674063;6584073;0
klump;677;58.7;19.3;10.1;29.0;8.5;bygg+veg;669524;669548;6577785;6577836;669535;6577810;0
klump;94;14.7;12.2;123.2;29.0;9.0;veg;674106;674120;6584160;6584173;674113;6584167;0
klump;50;17.8;5.6;74.2;29.0;4.5;veg;672344;672358;6584543;6584551;672351;6584547;0
klump;363;55.5;17.6;15.1;29.0;10.5;bygg;666879;666902;6576592;6576639;666891;6576616;0
klump;34;8.7;5.4;82.2;29.0;0.0;veg;674966;674974;6583588;6583593;674970;6583591;0
klump;236;22.2;17.4;174.1;29.0;9.5;bygg;677346;677365;6575955;6575976;677357;6575967;0
klump;124;24.0;11.6;108.5;29.0;12.0;bygg+veg;669030;669051;6576228;6576243;669040;6576235;0
klump;643;57.4;18.2;10.1;29.0;8.5;bygg+veg;669173;669196;6577741;6577791;669184;6577766;1
klump;134;23.9;13.6;35.4;29.0;12.5;veg;672756;672775;6583745;6583765;672765;6583755;1
klump;114;19.4;10.0;112.5;29.0;0.0;veg;675189;675207;6583745;6583757;675198;6583751;0
klump;176;27.5;16.1;160.4;29.0;8.5;veg;677770;677788;6581186;6581210;677779;6581197;0
klump;75;14.3;8.6;32.3;29.0;10.0;veg;672571;672582;6584039;6584052;672577;6584045;0
klump;104;18.7;12.4;70.0;29.0;4.5;veg;672585;672602;6584406;6584420;672593;6584413;0
klump;33;9.2;6.4;168.1;29.0;10.0;veg;672485;672492;6584123;6584131;672488;6584127;0
klump;100;13.9;11.9;143.5;29.0;7.5;veg;666749;666760;6581100;6581112;666755;6581106;0
klump;62;14.2;9.7;67.2;29.0;11.5;veg;673271;673283;6577599;6577609;673277;6577604;1
klump;14;5.7;3.9;156.1;29.0;0.0;veg;675010;675014;6583459;6583463;675012;6583461;0
klump;126;36.1;14.7;175.3;29.0;11.5;bygg+veg;667365;667379;6576390;6576424;667372;6576414;0
klump;18;6.2;5.1;119.9;29.0;10.0;veg;672460;672466;6584116;6584120;672463;6584118;0
klump;97;19.0;9.2;122.6;29.0;8.5;veg;677804;677820;6581154;6581167;677812;6581162;0
klump;16;5.8;3.8;132.4;29.0;9.5;veg;672049;672053;6584328;6584332;672051;6584330;0
klump;8;6.3;2.4;134.8;29.0;14.0;veg;670721;670724;6579286;6579289;670722;6579287;0
klump;16;5.2;4.5;4.2;29.0;10.0;veg;674553;674557;6583351;6583356;674555;6583354;0
klump;73;14.0;9.5;1.2;29.0;0.0;veg;674480;674490;6585166;6585178;674484;6585172;0
klump;86;15.9;9.2;164.2;29.0;9.0;veg;673939;673949;6584211;6584225;673945;6584219;0
klump;84;21.1;7.9;134.4;29.0;8.5;veg;677368;677384;6580826;6580842;677376;6580834;1
klump;83;15.6;10.4;169.9;29.0;10.0;veg;674394;674405;6583768;6583782;674400;6583775;0
klump;167;21.6;16.9;146.6;29.0;9.0;veg;673959;673976;6584208;6584227;673968;6584217;0
klump;655;58.6;18.5;10.4;29.0;9.0;bygg+veg;669044;669067;6577725;6577775;669055;6577750;0
klump;31;7.9;6.3;80.6;29.0;6.5;veg;676664;676672;6575123;6575129;676667;6575126;0
klump;200;30.1;19.0;139.7;29.0;0.0;veg;674875;674899;6585133;6585160;674890;6585150;0
klump;22;7.8;5.5;94.8;29.0;15.0;veg;671713;671720;6580729;6580733;671717;6580731;0
klump;19;6.3;4.2;70.3;29.0;4.5;veg;675749;675754;6575042;6575046;675751;6575044;0
klump;58;14.0;8.6;89.7;29.0;0.0;veg;674548;674560;6585271;6585280;674554;6585275;0
klump;124;18.1;14.3;158.0;29.0;9.0;veg;669292;669307;6575319;6575338;669299;6575328;0
klump;81;18.6;7.4;59.2;29.0;12.0;bygg+veg;674470;674486;6583001;6583013;674478;6583006;0
klump;39;9.8;6.7;153.0;29.0;10.0;veg;674482;674489;6583536;6583545;674485;6583541;0
klump;101;18.3;12.4;36.8;29.0;10.5;veg;666941;666957;6576476;6576492;666949;6576484;0
klump;109;26.0;7.5;13.0;29.0;10.5;bygg+veg;667013;667024;6576616;6576639;667018;6576627;0
klump;40;11.3;6.3;60.5;29.0;8.0;veg;676885;676894;6575161;6575168;676890;6575164;0
klump;578;72.3;17.6;12.5;29.0;10.5;bygg;666740;666765;6576543;6576608;666752;6576575;0
klump;33;7.2;6.8;134.2;29.0;8.0;veg;676438;676444;6575718;6575724;676441;6575721;0
klump;15;6.0;4.6;13.0;29.0;12.0;veg;677805;677809;6576640;6576645;677807;6576643;0
klump;38;11.8;4.9;114.5;29.0;9.0;veg;673947;673956;6583947;6583953;673952;6583950;0
klump;75;17.0;8.9;39.8;29.0;6.0;veg;677067;677079;6575010;6575024;677073;6575017;0
klump;22;7.9;5.1;40.1;29.0;10.0;veg;672696;672701;6583871;6583876;672698;6583873;0
klump;111;17.4;15.1;26.5;29.0;8.0;veg;677144;677158;6575564;6575580;677150;6575574;0
klump;42;11.9;9.0;149.8;29.0;11.0;bygg+veg;671689;671698;6583137;6583147;671694;6583142;0
klump;70;14.7;11.8;176.7;29.0;10.0;veg;674361;674372;6583524;6583538;674367;6583531;0
klump;35;11.6;6.4;154.3;29.0;10.0;veg;674614;674621;6583744;6583754;674618;6583750;0
klump;32;10.6;4.9;172.9;29.0;12.0;veg;677800;677804;6576600;6576610;677802;6576606;0
klump;60;13.1;8.6;72.4;29.0;8.5;veg;677644;677656;6581112;6581121;677650;6581117;0
klump;18;5.6;4.6;27.2;29.0;11.0;veg;674139;674143;6583634;6583638;674141;6583636;0
klump;184;21.7;12.4;91.1;29.0;12.5;bygg+veg;675948;675969;6584291;6584304;675959;6584297;0
klump;10;5.1;3.5;23.5;29.0;5.5;veg;678392;678395;6580912;6580916;678394;6580914;0
klump;104;25.5;10.6;97.4;29.0;12.0;veg;677810;677833;6576688;6576699;677821;6576693;0
klump;57;20.4;8.0;115.0;29.0;11.5;veg;666274;666291;6579384;6579394;666281;6579389;0
klump;80;14.0;10.0;108.2;29.0;10.5;veg;674980;674994;6582831;6582841;674988;6582836;0
klump;18;6.1;5.0;20.4;29.0;7.5;veg;667003;667007;6581004;6581009;667006;6581006;0
klump;20;6.2;4.8;28.1;29.0;0.0;veg;674782;674786;6583955;6583960;674784;6583958;0
klump;18;5.4;4.4;121.6;29.0;10.0;veg;674492;674496;6583379;6583383;674494;6583381;0
klump;19;10.9;4.2;165.7;29.0;12.5;veg;673452;673456;6578735;6578744;673454;6578739;0
klump;75;15.9;9.5;51.1;29.0;4.5;veg;672627;672641;6584698;6584710;672633;6584704;0
klump;338;26.3;21.5;132.5;29.0;8.0;bygg+veg;672227;672252;6576147;6576174;672240;6576161;0
klump;14;5.5;4.7;136.0;29.0;0.0;veg;674554;674558;6583883;6583887;674556;6583884;0
klump;61;12.9;7.9;0.4;29.0;10.0;veg;672420;672428;6584110;6584122;672424;6584116;0
klump;10;4.7;3.2;162.0;29.0;8.0;veg;677163;677166;6575455;6575459;677164;6575457;0
klump;66;11.4;7.9;57.9;29.0;12.0;bygg;669936;669945;6578065;6578073;669941;6578068;0
klump;46;13.6;6.9;89.5;29.0;9.0;veg;676429;676441;6583813;6583821;676435;6583817;0
klump;44;9.0;8.1;73.4;29.0;8.0;veg;677132;677140;6575577;6575584;677136;6575581;0
klump;23;8.8;4.7;127.0;29.0;0.0;veg;674638;674646;6583989;6583995;674641;6583992;0
klump;62;19.8;7.0;150.2;29.0;9.5;veg;677115;677126;6575637;6575652;677121;6575644;0
klump;32;6.7;6.6;145.3;29.0;0.0;veg;675059;675065;6583425;6583431;675062;6583428;0
klump;22;7.4;4.6;165.3;29.0;0.0;veg;674996;675000;6583469;6583475;674998;6583471;0
klump;9;5.0;2.8;121.1;29.0;9.0;veg;673888;673891;6584024;6584027;673890;6584026;0
klump;105;17.4;10.0;132.2;29.0;4.5;veg;675729;675743;6575091;6575105;675737;6575098;1
klump;17;6.0;4.4;74.2;29.0;10.0;veg;672544;672548;6584135;6584138;672546;6584136;0
klump;34;9.6;6.4;97.7;29.0;11.5;bygg;667416;667424;6576595;6576600;667420;6576597;0
klump;53;11.7;8.5;86.8;29.0;0.0;veg;674630;674641;6583820;6583829;674636;6583824;0
klump;43;12.6;6.6;96.1;29.0;15.0;veg;675231;675244;6577636;6577642;675238;6577639;0
klump;53;11.4;6.8;102.7;29.0;4.0;veg;675712;675723;6584821;6584828;675717;6584825;0
klump;15;5.7;4.7;6.8;29.0;14.5;veg;678368;678372;6583652;6583657;678370;6583655;0
klump;20;6.0;5.2;159.3;29.0;0.0;veg;674630;674635;6583957;6583962;674632;6583959;0
klump;55;11.8;6.6;166.0;29.0;4.5;bygg+veg;675626;675633;6575061;6575071;675630;6575066;0
klump;205;20.9;15.6;2.5;29.0;10.5;bygg+veg;671352;671368;6582753;6582774;671360;6582764;0
klump;68;16.9;8.3;4.3;29.0;0.0;veg;674697;674705;6585172;6585187;674700;6585180;0
klump;88;16.9;9.4;100.4;29.0;10.0;veg;672625;672640;6584063;6584073;672633;6584067;0
klump;49;12.9;7.9;57.1;29.0;10.0;veg;672395;672405;6584037;6584046;672400;6584040;0
klump;53;15.4;6.5;25.0;29.0;0.0;veg;674597;674605;6584178;6584191;674600;6584185;0
klump;28;9.0;6.1;120.0;29.0;11.0;veg;668706;668714;6575893;6575899;668711;6575897;0
klump;132;30.1;9.6;136.8;29.0;6.5;veg;676610;676630;6575215;6575237;676621;6575228;0
klump;10;6.1;3.4;105.5;29.0;13.0;bygg;673958;673962;6584438;6584441;673960;6584440;0
klump;21;6.4;4.7;160.3;29.0;12.5;bygg+veg;676051;676055;6584123;6584128;676053;6584125;0
klump;91;12.9;11.6;150.3;29.0;12.5;veg;673697;673708;6578845;6578857;673702;6578852;0
klump;28;6.8;6.7;68.9;29.0;5.0;veg;666117;666123;6584387;6584393;666120;6584390;0
klump;32;9.3;6.5;108.2;29.0;11.5;bygg;667165;667172;6576350;6576355;667169;6576353;0
klump;53;9.7;9.0;1.9;29.0;10.0;veg;672592;672601;6584076;6584086;672597;6584081;0
klump;51;10.0;8.3;116.4;29.0;10.0;veg;672619;672628;6584031;6584039;672623;6584036;0
klump;47;9.7;9.0;71.3;29.0;10.5;veg;672897;672907;6584384;6584393;672902;6584388;0
klump;13;4.5;3.8;45.0;29.0;9.0;veg;674295;674298;6583884;6583887;674296;6583885;0
klump;14;5.0;4.0;10.8;29.0;0.0;veg;674750;674753;6583979;6583983;674752;6583981;0
klump;102;21.3;14.1;105.5;29.0;10.0;veg;672585;672605;6584034;6584049;672595;6584041;0
klump;71;20.3;6.1;176.1;29.0;9.5;bygg;669878;669885;6583996;6584013;669881;6584005;0
klump;27;10.5;5.2;52.0;29.0;12.0;bygg;673695;673702;6577523;6577530;673698;6577527;0
klump;66;14.1;9.0;80.4;29.0;8.0;veg;676916;676928;6575590;6575599;676923;6575594;0
klump;20;5.8;5.0;85.1;29.0;9.5;veg;677088;677093;6575663;6575667;677091;6575665;0
klump;116;19.8;9.5;168.2;29.0;10.5;bygg;672231;672241;6578827;6578844;672236;6578835;0
klump;26;6.7;5.8;29.9;29.0;6.0;veg;676889;676895;6575058;6575063;676892;6575060;0
klump;26;13.7;3.8;70.5;29.0;9.0;veg;673969;673979;6583984;6583990;673974;6583987;0
klump;16;5.4;4.2;144.1;29.0;0.0;veg;675179;675183;6583758;6583762;675181;6583760;0
klump;120;16.9;12.0;23.5;29.0;13.0;veg;671781;671794;6584057;6584074;671787;6584067;0
klump;28;9.9;4.4;83.4;29.0;9.0;veg;674118;674126;6584041;6584045;674122;6584043;0
klump;46;8.4;7.9;132.4;29.0;0.0;veg;675237;675244;6583676;6583684;675241;6583680;0
klump;69;18.0;7.0;25.1;29.0;0.0;veg;675181;675191;6583718;6583732;675186;6583725;0
klump;36;8.9;7.7;43.7;29.0;0.0;veg;675227;675234;6583446;6583454;675230;6583450;0
klump;41;9.0;6.7;89.5;29.0;10.0;veg;672559;672567;6584137;6584144;672563;6584140;0
klump;35;9.5;5.9;91.5;29.0;11.5;bygg;667413;667421;6576582;6576587;667417;6576584;0
klump;35;7.6;6.8;148.5;29.0;4.5;veg;676681;676687;6575084;6575090;676684;6575087;0
klump;39;9.1;8.1;130.6;29.0;9.0;veg;673938;673945;6583944;6583952;673942;6583948;0
klump;16;5.7;4.6;47.0;29.0;13.0;veg;672110;672115;6584168;6584172;672112;6584170;0
klump;56;10.2;8.8;11.0;29.0;8.0;veg;677089;677098;6575532;6575541;677094;6575536;0
klump;170;27.2;15.1;102.1;29.0;6.0;veg;674670;674698;6576260;6576277;674688;6576269;0
klump;18;5.5;4.7;160.6;29.0;0.0;veg;674629;674633;6583904;6583908;674631;6583906;0
klump;63;11.7;8.3;7.0;29.0;13.0;veg;671500;671508;6583540;6583551;671503;6583546;0
klump;24;7.3;4.7;50.6;29.0;6.0;veg;674829;674834;6583850;6583855;674831;6583853;0
klump;10;4.8;3.7;70.7;29.0;4.5;veg;676746;676749;6575011;6575014;676748;6575012;0
klump;19;6.0;5.0;9.7;29.0;0.0;veg;674650;674654;6584094;6584098;674652;6584096;0
klump;26;6.7;5.6;50.7;29.0;0.0;veg;674320;674325;6584037;6584042;674323;6584039;0
klump;15;5.7;4.6;5.9;29.0;6.5;veg;676615;676619;6575261;6575265;676617;6575263;0
klump;48;13.1;6.9;166.4;29.0;0.0;veg;674742;674749;6583840;6583852;674746;6583846;0
klump;35;10.1;6.2;124.1;29.0;11.5;bygg;667423;667431;6576376;6576383;667428;6576379;0
klump;31;13.4;3.9;136.0;29.0;10.0;veg;672427;672435;6583947;6583955;672431;6583951;0
klump;98;13.0;10.9;1.4;29.0;8.5;veg;677413;677423;6580841;6580853;677418;6580847;0
klump;68;11.6;9.9;167.0;29.0;10.0;veg;672560;672571;6584033;6584045;672565;6584039;0
klump;20;7.2;4.4;120.0;29.0;13.0;veg;671999;672004;6585201;6585206;672002;6585204;0
klump;32;10.0;5.7;76.1;29.0;13.5;veg;674891;674899;6576756;6576762;674894;6576759;0
klump;66;13.8;7.4;13.2;29.0;11.5;veg;677733;677741;6575955;6575968;677737;6575961;0
klump;16;6.2;3.8;0.0;29.0;10.0;veg;674546;674549;6583340;6583345;674547;6583343;0
klump;15;5.6;3.7;176.7;29.0;10.0;veg;674541;674544;6583347;6583352;674542;6583349;0
klump;33;11.1;4.4;20.4;29.0;0.0;veg;674632;674638;6585089;6585098;674635;6585093;0
klump;92;25.5;10.0;2.1;29.0;9.0;veg;666118;666128;6581408;6581432;666123;6581421;0
klump;68;18.8;8.2;114.7;29.0;6.0;veg;677083;677097;6575039;6575050;677090;6575044;0
klump;38;8.0;6.9;165.5;29.0;10.0;veg;672501;672507;6583995;6584002;672504;6583999;0
klump;61;11.4;9.5;3.2;29.0;6.5;veg;675198;675206;6584683;6584695;675202;6584689;0
klump;77;16.2;8.4;23.3;29.0;10.0;veg;674328;674338;6583538;6583553;674333;6583547;0
klump;8;4.0;3.0;55.3;29.0;6.0;veg;674830;674833;6583839;6583841;674832;6583840;0
klump;17;5.9;4.3;91.0;29.0;0.0;veg;675019;675024;6583382;6583385;675022;6583384;0
klump;77;13.0;10.2;164.0;29.0;10.0;veg;672417;672427;6584019;6584033;672422;6584027;0
klump;9;4.0;3.3;97.6;29.0;9.5;veg;672096;672099;6584337;6584339;672098;6584338;0
klump;24;7.0;4.8;32.6;29.0;0.0;veg;675274;675279;6583590;6583595;675277;6583593;0
klump;29;7.8;5.8;0.2;29.0;9.0;veg;673996;674001;6583944;6583951;673998;6583947;0
klump;30;8.6;6.1;28.2;29.0;11.5;bygg;667472;667478;6576550;6576558;667475;6576554;0
klump;36;12.1;4.6;2.5;29.0;11.0;veg;674243;674247;6583583;6583593;674245;6583588;0
klump;17;6.8;4.1;100.5;29.0;0.0;veg;674590;674596;6584123;6584127;674593;6584125;0
klump;14;5.0;4.2;45.0;29.0;6.5;veg;676710;676713;6575181;6575184;676712;6575182;0
klump;82;21.0;10.2;43.9;29.0;9.5;veg;677106;677122;6575678;6575694;677115;6575686;0
klump;27;6.6;5.8;72.5;29.0;9.0;veg;674049;674054;6584054;6584059;674051;6584057;0
klump;52;9.9;7.4;156.6;29.0;10.0;veg;672542;672550;6583867;6583877;672546;6583872;0
klump;66;15.3;10.1;110.1;29.0;6.0;veg;676902;676915;6575034;6575044;676908;6575038;0
klump;14;5.2;3.9;146.5;29.0;0.0;veg;674539;674542;6583908;6583912;674540;6583910;0
klump;34;11.1;5.0;77.4;29.0;12.5;bygg;675929;675938;6584242;6584247;675933;6584245;0
klump;30;13.6;4.6;128.1;29.0;11.0;bygg;671650;671660;6583041;6583049;671656;6583046;0
klump;63;12.3;7.0;90.4;29.0;6.0;veg;674576;674587;6576170;6576177;674582;6576173;0
klump;50;13.0;6.6;4.1;29.0;0.0;veg;675286;675293;6583707;6583718;675290;6583712;0
klump;15;5.1;3.9;80.5;29.0;0.0;veg;674627;674631;6583834;6583837;674629;6583835;0
klump;39;12.1;5.6;160.2;29.0;0.0;veg;674802;674808;6585155;6585165;674806;6585160;0
klump;26;7.2;5.7;90.9;29.0;10.0;veg;672640;672646;6584092;6584097;672643;6584094;0
klump;22;6.3;5.0;41.3;29.0;10.0;veg;674744;674749;6583768;6583773;674746;6583771;0
klump;58;12.4;7.5;57.5;29.0;8.0;veg;676878;676889;6575128;6575138;676884;6575133;0
klump;52;11.5;7.5;118.7;29.0;9.0;veg;674219;674228;6583956;6583964;674223;6583960;0
klump;114;15.9;13.4;150.6;29.0;11.5;bygg;678160;678174;6575014;6575030;678168;6575021;0
klump;77;20.4;6.3;33.1;29.0;9.5;veg;677167;677178;6575664;6575680;677172;6575671;0
klump;24;8.4;4.4;33.4;29.0;0.0;veg;674660;674665;6585184;6585190;674662;6585187;0
klump;21;7.4;5.7;20.6;29.0;13.0;veg;671746;671751;6584904;6584911;671749;6584908;0
klump;30;12.4;4.5;68.0;29.0;12.0;veg;677670;677679;6576636;6576642;677675;6576639;1
klump;120;16.3;13.0;155.3;29.0;10.5;veg;674854;674867;6582953;6582968;674861;6582961;0
klump;36;10.0;5.1;121.1;29.0;4.0;veg;675762;675770;6584722;6584728;675766;6584725;0
klump;34;8.2;5.8;40.1;29.0;6.0;veg;674826;674832;6583841;6583848;674828;6583844;0
klump;15;5.3;4.0;22.0;29.0;10.0;veg;674489;674492;6583795;6583799;674491;6583797;0
klump;51;10.5;8.8;60.3;29.0;12.5;veg;672709;672719;6583671;6583679;672714;6583675;0
klump;24;8.4;4.7;30.6;29.0;0.0;veg;674826;674832;6585217;6585224;674829;6585221;0
klump;8;4.4;2.6;70.7;29.0;11.0;veg;674297;674300;6583669;6583671;674299;6583670;0
klump;25;9.0;4.1;53.2;29.0;0.0;veg;674446;674453;6583975;6583981;674450;6583978;0
klump;25;6.2;5.8;22.3;29.0;0.0;veg;674332;674337;6584046;6584052;674334;6584049;0
klump;10;5.4;2.8;65.8;29.0;6.0;veg;676872;676875;6575077;6575080;676874;6575078;0
klump;27;6.9;5.3;175.3;29.0;6.0;veg;674940;674944;6583864;6583870;674942;6583867;0
klump;34;11.2;5.4;1.8;29.0;0.0;veg;674632;674637;6585100;6585109;674635;6585104;0
klump;11;4.8;3.6;125.0;29.0;0.0;veg;674490;674493;6585178;6585181;674492;6585180;0
klump;59;13.4;7.9;176.2;29.0;0.0;veg;674301;674309;6584010;6584021;674304;6584015;1
klump;24;6.6;5.4;75.0;29.0;0.0;veg;674484;674490;6583884;6583889;674487;6583886;0
klump;22;13.3;4.2;27.1;29.0;7.5;veg;678024;678030;6581882;6581891;678027;6581887;0
klump;14;5.8;3.9;55.0;29.0;0.0;veg;674534;674538;6583833;6583837;674536;6583835;0
klump;18;6.4;5.1;139.8;29.0;6.0;veg;666154;666159;6581192;6581197;666156;6581195;0
klump;38;14.2;4.0;96.7;29.0;11.5;bygg+veg;674241;674254;6585340;6585343;674249;6585342;0
klump;111;29.8;9.2;16.1;29.0;9.0;veg;674039;674051;6584008;6584031;674046;6584019;0
klump;70;14.2;11.7;163.9;29.0;9.0;veg;674048;674058;6583844;6583856;674053;6583850;0
klump;23;6.3;5.2;75.1;29.0;10.0;veg;674539;674544;6583787;6583791;674541;6583789;0
klump;17;5.9;4.4;150.0;29.0;12.5;veg;675983;675987;6584099;6584103;675985;6584101;0
klump;20;8.3;3.8;152.8;29.0;10.0;veg;674507;674511;6583385;6583391;674509;6583387;0
klump;18;6.0;4.4;40.7;29.0;0.0;veg;674584;674588;6584115;6584120;674586;6584118;0
klump;31;7.1;5.9;87.0;29.0;10.0;veg;674674;674680;6583327;6583332;674677;6583330;0
klump;33;7.1;6.6;154.8;29.0;8.0;veg;677846;677852;6580538;6580544;677849;6580541;0
klump;12;4.9;3.8;171.1;29.0;10.0;veg;674366;674369;6583774;6583778;674368;6583776;0
klump;14;5.2;4.0;165.6;29.0;10.5;veg;677594;677597;6581925;6581929;677595;6581927;0
klump;29;10.0;5.0;157.4;29.0;0.0;veg;674417;674422;6585335;6585343;674420;6585339;0
klump;14;5.1;4.3;84.9;29.0;9.0;veg;673903;673907;6584031;6584034;673905;6584033;0
klump;36;14.8;5.6;75.7;29.0;0.0;veg;674753;674765;6583967;6583973;674759;6583971;0
klump;39;8.9;7.4;95.4;29.0;8.0;veg;676905;676914;6575568;6575575;676910;6575572;0
klump;24;7.7;4.5;31.0;29.0;3.0;veg;678116;678121;6581650;6581656;678118;6581654;0
klump;26;7.4;5.4;150.9;29.0;3.0;veg;678118;678124;6581612;6581619;678121;6581615;0
klump;17;5.9;4.6;124.0;29.0;10.0;veg;672349;672354;6584081;6584086;672352;6584084;0
klump;35;11.6;4.9;23.0;29.0;11.5;bygg;674249;674256;6585244;6585253;674253;6585248;0
klump;28;8.3;5.2;170.0;29.0;6.0;veg;674870;674874;6583989;6583996;674872;6583993;0
klump;64;16.3;9.3;149.9;29.0;8.0;veg;677133;677146;6575514;6575530;677140;6575522;0
klump;23;6.0;5.0;120.0;29.0;12.5;veg;676039;676044;6584119;6584123;676041;6584121;0
klump;43;12.4;5.7;8.0;29.0;8.0;veg;676869;676875;6575123;6575133;676872;6575128;0
klump;36;9.1;7.3;170.9;29.0;10.5;veg;677850;677858;6581897;6581906;677854;6581902;0
klump;31;9.9;5.8;134.8;29.0;6.5;veg;672902;672910;6583907;6583914;672906;6583911;0
klump;99;21.1;10.5;60.5;29.0;12.0;veg;670341;670359;6578455;6578470;670351;6578462;0
klump;8;4.8;2.1;0.0;29.0;11.5;bygg;675971;675972;6576076;6576079;675972;6576078;0
klump;32;11.0;5.4;14.9;29.0;11.5;veg;667010;667015;6585103;6585112;667013;6585107;0
klump;47;17.8;6.0;22.6;29.0;6.0;veg;674934;674942;6583839;6583852;674938;6583845;0
klump;15;5.5;4.0;147.7;29.0;0.0;veg;674624;674627;6585090;6585094;674626;6585092;0
klump;19;6.0;4.8;3.3;29.0;5.5;veg;672937;672941;6583656;6583661;672939;6583659;0
klump;23;7.5;4.8;62.1;29.0;0.0;veg;674507;674513;6585165;6585170;674510;6585167;0
klump;19;7.4;5.1;163.3;29.0;7.0;veg;677611;677616;6577292;6577298;677613;6577296;0
klump;30;6.9;5.8;66.0;29.0;0.0;veg;674686;674692;6585060;6585065;674689;6585062;0
klump;39;12.8;5.0;91.0;29.0;4.5;veg;676787;676797;6575048;6575052;676792;6575050;0
klump;17;5.7;4.8;8.6;29.0;7.0;veg;666800;666804;6579253;6579258;666802;6579256;0
klump;47;18.4;6.5;160.0;29.0;13.0;veg;674171;674181;6584361;6584375;674176;6584367;0
klump;21;6.3;5.0;61.2;29.0;0.0;veg;674475;674481;6585169;6585174;674478;6585172;0
klump;24;7.4;4.7;158.7;29.0;0.0;veg;674558;674563;6583938;6583944;674560;6583941;0
klump;22;7.0;4.5;55.1;29.0;0.0;veg;674734;674739;6585261;6585266;674737;6585264;0
klump;21;7.1;5.2;41.3;29.0;4.5;veg;672730;672736;6584528;6584533;672733;6584530;0
klump;18;5.7;4.7;162.4;29.0;9.0;veg;674220;674224;6583905;6583909;674222;6583907;0
klump;43;12.7;5.4;150.4;29.0;0.0;veg;674709;674717;6585044;6585054;674713;6585050;0
klump;33;7.7;6.2;73.6;29.0;0.0;veg;674441;674448;6583818;6583824;674444;6583821;0
klump;14;5.3;4.3;178.0;29.0;8.0;veg;677164;677167;6575577;6575581;677166;6575579;0
klump;21;6.6;5.0;144.4;29.0;0.0;veg;674974;674979;6583455;6583460;674976;6583458;0
klump;13;4.5;3.9;76.2;29.0;0.0;veg;675257;675260;6583593;6583596;675258;6583595;0
klump;12;6.7;4.9;147.2;29.0;14.5;veg;669747;669751;6581782;6581786;669749;6581784;0
klump;10;9.1;1.9;153.4;29.0;7.5;veg;672188;672191;6580148;6580154;672190;6580151;0
klump;15;5.4;4.9;163.2;29.0;6.0;veg;677094;677098;6575066;6575070;677096;6575068;0
klump;39;13.1;6.7;163.5;29.0;11.5;bygg;669328;669335;6576710;6576722;669332;6576714;0
klump;60;11.6;8.5;30.0;29.0;11.5;veg;677983;677992;6580456;6580466;677988;6580461;0
klump;67;18.0;6.2;165.7;29.0;10.0;veg;672621;672628;6584084;6584100;672624;6584093;0
klump;10;4.8;2.9;172.3;29.0;8.0;veg;677646;677648;6585219;6585223;677647;6585221;0
klump;13;6.1;4.3;4.0;29.0;11.5;veg;677989;677992;6580420;6580425;677990;6580422;0
klump;9;4.2;3.5;0.0;29.0;12.0;veg;677769;677771;6576615;6576618;677770;6576616;0
klump;17;5.6;4.8;8.7;29.0;6.5;veg;676682;676686;6575218;6575222;676684;6575220;0
klump;82;16.5;13.5;80.6;29.0;6.5;veg;676673;676689;6575132;6575145;676681;6575137;0
klump;21;9.1;4.1;111.0;29.0;4.0;veg;675736;675743;6584753;6584757;675739;6584755;0
klump;16;6.5;4.7;122.8;29.0;12.5;veg;668443;668448;6577912;6577917;668446;6577914;0
klump;25;6.7;5.3;101.8;29.0;4.5;veg;675686;675692;6575046;6575050;675689;6575048;0
klump;18;8.6;5.1;157.2;29.0;13.0;bygg;673835;673840;6584440;6584447;673838;6584444;0
klump;18;8.3;4.2;87.9;29.0;10.0;veg;674361;674367;6583541;6583544;674364;6583542;0
klump;33;8.3;6.3;74.6;29.0;5.5;veg;678357;678364;6580919;6580925;678360;6580922;0
klump;30;9.8;5.7;119.7;29.0;10.5;veg;674893;674901;6582878;6582885;674898;6582882;0
klump;25;9.7;5.1;145.6;29.0;7.0;veg;668986;668993;6579100;6579107;668990;6579104;0
klump;24;8.8;4.5;162.8;29.0;0.0;veg;674457;674461;6583894;6583901;674459;6583897;0
klump;18;5.3;5.0;127.4;29.0;9.0;veg;673879;673883;6584037;6584041;673881;6584039;0
klump;19;6.3;4.5;66.0;29.0;10.0;veg;672734;672739;6584049;6584053;672736;6584051;0
klump;13;6.9;3.2;157.9;29.0;11.5;veg;667172;667175;6581565;6581571;667174;6581568;0
klump;33;8.9;6.2;102.6;29.0;11.5;bygg;667410;667417;6576566;6576572;667413;6576569;0
klump;19;5.5;5.0;93.7;29.0;10.0;veg;674510;674514;6583295;6583299;674512;6583297;1
klump;54;14.5;6.3;34.6;29.0;10.0;veg;672329;672339;6584152;6584163;672334;6584158;0
klump;36;16.2;4.6;164.1;29.0;12.5;veg;672662;672668;6583579;6583592;672665;6583585;0
klump;22;5.9;5.5;32.2;29.0;13.0;veg;672092;672097;6584310;6584315;672094;6584313;0
klump;13;4.6;4.0;151.2;29.0;4.5;veg;676763;676766;6575080;6575084;676765;6575082;0
klump;35;9.3;6.5;69.9;29.0;9.0;veg;670692;670700;6580158;6580165;670696;6580161;0
klump;13;4.5;4.1;149.0;29.0;9.0;veg;674301;674304;6584031;6584034;674303;6584033;1
klump;14;9.6;2.8;1.1;29.0;7.5;veg;678082;678084;6581866;6581874;678083;6581870;0
klump;19;8.3;4.4;88.1;29.0;11.5;veg;675900;675907;6583341;6583345;675903;6583343;0
klump;33;8.1;6.0;132.5;29.0;0.0;veg;674564;674571;6585196;6585203;674567;6585200;0
klump;19;6.0;4.6;38.3;29.0;0.0;veg;675232;675237;6583613;6583618;675234;6583615;0
klump;10;6.3;2.8;163.1;29.0;11.5;veg;670879;670881;6579020;6579024;670880;6579022;0
klump;33;9.6;5.9;94.7;29.0;11.5;bygg;667288;667297;6576593;6576598;667292;6576595;0
klump;20;9.8;4.1;124.9;29.0;6.5;veg;676809;676815;6575180;6575185;676812;6575183;0
klump;14;4.8;4.2;153.4;29.0;13.0;veg;672144;672148;6584165;6584169;672146;6584167;0
klump;9;4.0;3.3;82.4;29.0;0.0;veg;674546;674549;6585051;6585053;674547;6585052;0
klump;19;5.3;4.9;0.0;29.0;0.0;veg;674947;674951;6583523;6583527;674948;6583525;0
klump;15;7.9;4.1;148.5;29.0;10.5;veg;671179;671183;6578484;6578489;671181;6578486;0
klump;13;4.5;3.8;135.0;29.0;0.0;veg;674701;674704;6583897;6583900;674702;6583899;0
klump;16;5.4;4.8;81.7;29.0;6.0;veg;677101;677105;6575037;6575041;677103;6575038;0
klump;13;5.1;3.5;154.2;29.0;0.0;veg;674684;674687;6585008;6585012;674685;6585010;0
klump;19;7.5;5.4;0.6;29.0;5.5;veg;672881;672885;6583764;6583770;672883;6583767;0
klump;12;9.2;2.5;25.1;29.0;15.5;veg;668860;668864;6584104;6584110;668862;6584107;0
klump;19;6.3;4.8;160.7;29.0;5.5;veg;678340;678344;6580893;6580898;678342;6580895;0
klump;25;11.3;4.2;142.8;29.0;5.5;veg;678393;678399;6581129;6581136;678396;6581133;0
klump;16;6.7;3.9;67.9;29.0;0.0;veg;674464;674469;6584009;6584013;674467;6584010;0
klump;11;4.8;3.9;8.3;29.0;7.5;veg;669281;669284;6580061;6580064;669283;6580062;0
klump;31;12.0;4.9;102.9;29.0;0.0;veg;675242;675251;6583716;6583721;675247;6583719;0
klump;8;3.7;3.0;0.0;29.0;0.0;veg;674837;674839;6585185;6585188;674838;6585186;0
klump;11;4.6;3.7;135.0;29.0;6.0;veg;674892;674895;6583963;6583966;674893;6583964;0
klump;11;4.8;4.1;137.7;29.0;9.0;veg;673861;673864;6584055;6584058;673862;6584057;0
klump;9;4.6;3.2;155.8;29.0;0.0;veg;674545;674547;6585325;6585328;674546;6585326;0
klump;18;5.6;4.4;112.6;29.0;6.5;veg;675178;675182;6584738;6584741;675180;6584739;0
klump;15;5.5;4.1;139.1;29.0;8.0;veg;677131;677135;6575547;6575551;677133;6575549;0
klump;8;4.0;3.6;24.4;29.0;10.0;veg;674642;674645;6583740;6583743;674644;6583742;0
klump;15;6.2;4.6;53.5;29.0;9.5;veg;677873;677878;6581687;6581691;677875;6581689;0
klump;8;4.1;3.7;90.0;29.0;0.0;veg;674688;674691;6584022;6584025;674690;6584024;0
klump;21;9.0;3.9;142.7;29.0;0.0;veg;674677;674683;6584025;6584031;674680;6584028;0
klump;16;5.5;4.3;118.8;29.0;11.0;veg;674185;674190;6583554;6583558;674188;6583556;0
klump;16;5.2;4.1;28.0;29.0;9.0;veg;674257;674260;6583909;6583913;674259;6583911;0
klump;15;5.2;4.0;141.3;29.0;11.0;veg;674209;674212;6583543;6583547;674210;6583545;0
klump;18;5.7;4.4;163.9;29.0;0.0;veg;675287;675291;6583591;6583595;675289;6583593;0
klump;20;5.3;5.1;135.0;29.0;0.0;veg;674795;674799;6583878;6583882;674797;6583880;0
klump;17;5.5;4.5;103.9;29.0;0.0;veg;674566;674571;6583898;6583902;674568;6583900;0
klump;18;7.5;3.9;20.7;29.0;0.0;veg;674651;674654;6583821;6583827;674652;6583824;0
klump;21;6.2;5.0;128.1;29.0;7.5;veg;668268;668273;6578993;6578998;668271;6578995;0
klump;25;6.4;5.4;121.7;29.0;6.0;veg;674877;674882;6583990;6583995;674879;6583993;0
klump;17;5.3;4.6;91.3;29.0;0.0;veg;674506;674510;6583806;6583810;674508;6583808;1
klump;17;6.2;4.8;161.1;29.0;7.0;veg;666828;666832;6579254;6579259;666830;6579256;0
klump;8;3.7;2.9;45.0;29.0;0.0;veg;674722;674724;6584066;6584068;674723;6584067;0
klump;15;5.5;4.2;46.0;29.0;6.5;veg;676765;676769;6575195;6575199;676767;6575197;0
klump;17;4.9;4.7;90.0;29.0;9.0;veg;674264;674268;6583906;6583910;674266;6583908;0
klump;11;9.5;2.6;161.3;29.0;9.0;veg;674108;674111;6584153;6584159;674110;6584156;0
klump;12;12.5;1.4;133.6;29.0;4.5;veg;674767;674774;6584599;6584605;674771;6584602;0
klump;17;5.3;4.4;152.9;29.0;0.0;veg;674689;674693;6585070;6585074;674691;6585072;0
klump;11;4.6;4.1;66.3;29.0;0.0;veg;674599;674603;6583813;6583816;674601;6583814;0
klump;13;4.6;4.0;151.2;29.0;9.0;veg;673971;673974;6583944;6583948;673972;6583946;0
klump;10;6.0;3.0;9.9;29.0;15.5;veg;669190;669192;6585045;6585050;669191;6585048;0
klump;13;5.2;3.8;21.5;29.0;0.0;veg;674552;674555;6583968;6583972;674553;6583970;0
klump;11;4.3;3.9;145.0;29.0;0.0;veg;674967;674970;6583512;6583515;674969;6583514;0
klump;12;4.9;4.0;133.4;29.0;12.0;veg;677717;677721;6576655;6576658;677719;6576656;0
klump;8;6.1;2.0;112.9;29.0;13.0;veg;675983;675987;6579412;6579414;675985;6579413;0
klump;14;6.2;3.6;12.7;28.5;0.0;veg;674622;674625;6585117;6585122;674624;6585119;0
klump;17;7.2;4.1;46.0;28.5;0.0;veg;674390;674395;6585338;6585343;674392;6585341;0
klump;9;7.8;1.7;143.0;28.5;8.5;veg;670715;670718;6579258;6579263;670717;6579261;0
klump;197;28.6;11.8;36.5;28.5;9.5;bygg;667779;667798;6584346;6584371;667788;6584359;0
klump;47;14.0;6.1;157.8;28.5;6.0;veg;676915;676921;6575044;6575056;676918;6575050;0
klump;10;4.3;3.8;53.1;28.5;12.0;veg;677777;677780;6576723;6576726;677778;6576725;0
klump;106;21.1;8.7;34.1;28.5;10.5;veg;674886;674899;6582961;6582979;674892;6582970;0
klump;167;24.0;15.6;56.6;28.5;0.0;veg;675195;675215;6583712;6583730;675203;6583722;0
klump;45;13.9;6.6;161.6;28.5;12.0;veg;677798;677806;6576684;6576696;677802;6576690;0
klump;90;21.2;9.7;1.7;28.5;11.5;veg;676053;676062;6576646;6576665;676057;6576655;0
klump;65;12.9;10.6;42.7;28.5;13.0;veg;672071;672082;6585138;6585151;672076;6585144;0
klump;10;4.1;3.3;90.0;28.5;9.0;veg;674298;674301;6583998;6584000;674300;6583999;0
klump;44;11.3;8.9;65.7;28.5;6.5;veg;677623;677633;6583908;6583916;677628;6583912;0
klump;82;13.1;11.2;158.0;28.5;5.5;veg;673000;673011;6583589;6583602;673006;6583596;0
klump;41;8.4;7.5;109.6;28.5;9.0;veg;674187;674195;6584022;6584029;674191;6584025;0
klump;44;8.6;6.8;94.8;28.5;10.0;veg;672632;672640;6584123;6584129;672636;6584126;0
klump;23;9.0;4.9;21.5;28.5;6.0;veg;677099;677104;6575064;6575070;677102;6575067;0
klump;88;18.5;10.3;89.7;28.5;11.5;veg;677990;678008;6580269;6580279;677999;6580274;0
klump;203;29.3;17.6;17.8;28.5;10.5;bygg;666950;666967;6576615;6576639;666958;6576628;0
klump;98;20.6;10.2;52.3;28.5;11.5;veg;673160;673178;6577576;6577591;673169;6577583;0
klump;74;10.7;10.2;161.5;28.5;13.0;veg;672051;672061;6584262;6584273;672056;6584267;0
klump;30;7.8;5.8;16.0;28.5;4.5;veg;676723;676728;6575062;6575069;676726;6575066;0
klump;19;6.7;4.9;103.0;28.5;6.0;veg;666571;666576;6580757;6580762;666573;6580759;0
klump;41;8.9;7.4;3.8;28.5;6.0;veg;677048;677054;6575020;6575028;677051;6575024;0
klump;12;5.1;3.7;175.3;28.5;6.0;veg;675344;675347;6584962;6584966;675346;6584964;0
klump;39;9.0;6.2;151.1;28.5;6.0;veg;674905;674912;6583832;6583839;674908;6583835;0
klump;9;4.2;3.5;101.3;28.5;7.5;veg;668269;668272;6579012;6579015;668270;6579014;0
klump;372;33.9;24.6;124.8;28.5;0.0;veg;669387;669417;6578585;6578617;669404;6578602;0
klump;16;5.4;4.7;179.4;28.5;0.0;veg;674622;674626;6585224;6585228;674624;6585226;0
klump;366;47.1;17.0;41.1;28.5;7.5;bygg;666894;666925;6581114;6581152;666909;6581132;0
klump;25;9.2;4.6;76.2;28.5;9.5;veg;677183;677190;6575660;6575664;677186;6575662;0
klump;18;5.6;5.2;158.3;28.5;5.0;veg;666183;666187;6584358;6584363;666185;6584360;0
klump;22;8.8;4.0;74.0;28.5;10.0;veg;674623;674630;6583748;6583752;674627;6583750;0
klump;17;5.3;4.7;9.6;28.5;0.0;veg;674774;674778;6584042;6584047;674776;6584044;0
klump;43;9.8;6.3;160.2;28.5;0.0;veg;674351;674357;6585313;6585321;674354;6585317;0
klump;117;15.4;12.9;107.8;28.5;12.5;veg;673731;673745;6578855;6578868;673737;6578861;0
klump;39;11.0;7.3;26.3;28.5;10.0;veg;672316;672324;6584050;6584060;672320;6584055;0
klump;14;5.2;4.0;47.8;28.5;10.0;veg;672636;672640;6584039;6584043;672638;6584041;0
klump;23;7.0;5.1;8.2;28.5;10.0;veg;672388;672392;6583834;6583840;672390;6583837;0
klump;58;11.6;8.3;28.6;28.5;12.0;bygg;669804;669813;6577688;6577697;669808;6577692;0
klump;18;7.5;3.9;57.9;28.5;12.0;veg;677751;677756;6576606;6576610;677754;6576608;0
klump;15;5.7;5.1;26.6;28.5;7.0;veg;668357;668361;6579480;6579484;668359;6579482;0
klump;26;7.8;5.2;69.8;28.5;10.0;veg;674502;674508;6583790;6583795;674506;6583792;0
klump;38;9.2;5.7;52.9;28.5;9.0;veg;673998;674006;6584212;6584218;674002;6584215;0
klump;52;12.2;10.5;67.5;28.5;10.0;veg;672692;672702;6583837;6583847;672696;6583842;0
klump;77;13.5;10.3;5.7;28.5;11.5;veg;678041;678051;6580336;6580350;678046;6580343;0
klump;9;6.1;3.0;33.8;28.5;11.0;veg;671676;671679;6583116;6583120;671677;6583119;0
klump;20;5.9;4.9;126.5;28.5;0.0;veg;674640;674645;6583899;6583903;674642;6583901;0
klump;38;13.0;6.1;142.5;28.5;11.5;veg;666273;666282;6579396;6579405;666277;6579400;0
klump;109;18.7;9.9;25.3;28.5;9.0;veg;674046;674058;6584165;6584180;674053;6584172;0
klump;21;9.3;4.3;143.7;28.5;0.0;veg;674646;674652;6585152;6585158;674649;6585155;0
klump;68;16.3;9.0;12.1;28.5;4.5;veg;676728;676738;6575000;6575012;676734;6575005;0
klump;357;27.2;21.5;11.4;28.5;8.5;bygg;673310;673333;6575611;6575637;673321;6575624;1
klump;34;10.4;5.1;11.9;28.5;6.5;veg;675715;675720;6575121;6575130;675717;6575126;0
klump;49;10.4;6.7;34.6;28.5;10.0;veg;672599;672606;6584142;6584150;672603;6584146;0
klump;100;25.5;9.3;174.3;28.5;8.0;bygg+veg;677950;677961;6583935;6583958;677955;6583946;0
klump;44;10.7;7.5;118.8;28.5;10.0;veg;672574;672584;6584019;6584027;672579;6584023;0
klump;83;14.6;10.1;0.8;28.5;6.0;veg;675162;675173;6583887;6583900;675166;6583893;0
klump;21;7.1;5.8;144.4;28.5;5.0;veg;672096;672102;6583311;6583317;672099;6583314;0
klump;35;8.2;6.5;157.0;28.5;0.0;veg;675030;675036;6583424;6583431;675033;6583427;0
klump;39;9.5;6.0;0.2;28.5;0.0;veg;675215;675221;6583730;6583739;675218;6583734;0
klump;9;4.5;2.8;96.0;28.5;0.0;veg;674557;674560;6583849;6583851;674558;6583850;0
klump;12;5.7;3.5;48.2;28.5;10.0;veg;674762;674766;6583748;6583751;674764;6583749;0
klump;134;24.7;15.4;145.8;28.5;6.0;veg;666161;666179;6582476;6582496;666170;6582484;0
klump;106;16.6;10.6;153.4;28.5;6.0;veg;674833;674846;6583895;6583910;674839;6583902;0
klump;9;5.1;3.8;25.5;28.5;7.5;veg;678083;678086;6576138;6576141;678085;6576139;0
klump;64;20.4;8.7;157.5;28.5;9.0;veg;673982;673993;6583903;6583920;673986;6583910;0
klump;24;9.7;5.3;146.8;28.5;14.0;veg;671628;671634;6579429;6579437;671631;6579433;0
klump;9;11.4;1.2;16.0;28.5;9.0;veg;666251;666253;6580080;6580088;666252;6580084;0
klump;58;10.4;8.6;50.1;28.5;12.5;veg;673513;673522;6579043;6579052;673518;6579047;0
klump;58;14.4;6.7;40.8;28.5;0.0;veg;675169;675179;6583680;6583691;675175;6583685;0
klump;41;13.4;5.1;160.0;28.5;6.5;veg;675145;675151;6584749;6584761;675148;6584755;0
klump;104;18.0;14.7;116.7;28.5;10.0;veg;672574;672589;6584112;6584126;672580;6584119;0
klump;39;15.2;6.8;105.2;28.5;6.0;veg;675710;675723;6584836;6584843;675717;6584840;0
klump;22;6.4;5.2;139.6;28.5;11.5;veg;677713;677718;6575958;6575963;677715;6575960;0
klump;10;5.2;3.2;135.0;28.5;8.0;veg;676864;676867;6575118;6575121;676866;6575120;0
klump;47;15.0;5.7;8.6;28.5;0.0;veg;675311;675317;6583571;6583584;675315;6583577;0
klump;59;15.4;6.3;100.4;28.5;9.0;veg;674052;674065;6584017;6584024;674059;6584021;0
klump;52;17.1;7.2;152.9;28.5;6.0;veg;676976;676986;6575010;6575024;676981;6575017;0
klump;42;10.7;8.0;103.6;28.5;12.0;veg;670316;670325;6578452;6578461;670321;6578457;0
klump;29;9.0;6.0;37.7;28.5;9.0;veg;674046;674052;6583837;6583845;674049;6583840;0
klump;11;4.3;3.7;140.3;28.5;5.5;veg;678391;678394;6581090;6581093;678393;6581091;0
klump;50;10.4;9.9;65.8;28.5;6.0;veg;674698;674707;6576364;6576373;674703;6576369;0
klump;18;5.7;4.6;42.7;28.5;11.5;veg;674046;674050;6585094;6585098;674048;6585096;0
klump;21;6.2;6.0;42.3;28.5;10.0;veg;672521;672526;6583891;6583896;672524;6583893;0
klump;25;6.6;5.4;0.5;28.5;7.0;veg;675284;675289;6575180;6575185;675287;6575183;0
klump;83;12.5;9.8;36.3;28.5;12.5;veg;672674;672685;6583638;6583649;672680;6583644;0
klump;24;6.6;5.6;163.3;28.5;6.5;veg;676594;676599;6575236;6575241;676596;6575239;0
klump;34;10.0;5.1;153.0;28.5;0.0;veg;675215;675221;6583748;6583756;675218;6583752;0
klump;62;11.3;10.6;146.4;28.5;6.5;veg;676599;676608;6575192;6575202;676603;6575197;0
klump;29;10.8;4.6;45.3;28.5;9.0;veg;666188;666195;6580015;6580022;666191;6580018;0
klump;94;16.1;11.0;37.9;28.5;6.0;veg;674684;674696;6576350;6576364;674689;6576357;0
klump;15;5.1;4.2;176.3;28.5;0.0;veg;674383;674386;6583824;6583828;674385;6583826;0
klump;112;17.6;14.6;17.2;28.5;12.5;veg;672305;672320;6583553;6583570;672312;6583562;0
klump;20;6.9;4.9;111.7;28.5;8.0;veg;677148;677154;6575591;6575596;677151;6575593;0
klump;165;22.8;14.5;68.4;28.5;7.5;bygg;666840;666862;6580988;6581005;666851;6580997;0
klump;98;20.9;10.7;20.7;28.5;8.5;veg;677505;677519;6580753;6580770;677512;6580762;0
klump;34;8.4;7.1;135.3;28.5;6.0;veg;677176;677184;6575015;6575022;677180;6575018;0
klump;74;14.5;10.2;114.0;28.5;11.5;bygg;678830;678844;6575031;6575043;678836;6575037;0
klump;13;4.5;4.2;14.3;28.5;0.0;veg;674750;674753;6583926;6583929;674752;6583928;0
klump;15;5.7;3.9;172.2;28.5;10.0;veg;674453;674456;6583533;6583538;674454;6583535;0
klump;39;9.6;6.6;136.3;28.5;9.0;veg;674058;674066;6583916;6583924;674062;6583920;0
klump;55;15.4;7.1;1.0;28.5;6.5;veg;677667;677675;6583854;6583868;677671;6583861;0
klump;21;8.0;5.0;132.0;28.5;0.0;veg;674647;674653;6585158;6585164;674650;6585161;0
klump;117;17.6;15.1;57.3;28.5;6.5;veg;675191;675208;6584750;6584765;675198;6584759;0
klump;18;9.4;4.4;58.3;28.5;11.0;bygg;668829;668835;6575693;6575698;668831;6575696;0
klump;41;9.7;8.3;74.0;28.5;0.0;veg;674371;674380;6584056;6584063;674375;6584059;0
klump;21;7.0;4.6;48.9;28.5;6.5;veg;675193;675199;6584709;6584713;675196;6584711;0
klump;19;6.8;6.3;92.8;28.5;8.0;veg;676434;676439;6575728;6575733;676437;6575731;0
klump;24;6.8;5.5;176.2;28.5;13.0;veg;673951;673956;6576977;6576983;673954;6576980;0
klump;20;7.3;4.8;141.0;28.5;11.5;veg;673908;673914;6584966;6584972;673911;6584969;0
klump;420;48.5;18.3;162.2;28.5;6.0;veg;677542;677569;6580040;6580084;677556;6580061;0
klump;9;5.1;2.6;172.7;28.5;14.5;veg;668950;668952;6584655;6584659;668951;6584657;0
klump;21;6.0;5.0;178.7;28.5;6.0;veg;674885;674889;6583963;6583968;674887;6583965;0
klump;16;6.0;4.2;22.5;28.5;12.5;veg;672469;672473;6583790;6583795;672471;6583793;0
klump;71;15.5;7.9;142.1;28.5;4.5;veg;676709;676720;6575018;6575030;676714;6575024;0
klump;16;9.4;3.4;132.9;28.5;10.5;veg;677862;677867;6581907;6581912;677865;6581909;0
klump;20;10.2;5.5;16.8;28.5;8.0;veg;669180;669186;6585047;6585055;669183;6585051;1
klump;117;13.9;13.3;65.1;28.5;12.5;veg;672300;672314;6583456;6583470;672306;6583463;0
klump;28;9.7;7.5;118.0;28.5;10.5;veg;672867;672875;6584382;6584389;672871;6584385;0
klump;46;10.1;8.3;138.0;28.5;5.5;veg;672783;672792;6583700;6583709;672788;6583705;0
klump;25;9.9;4.8;75.7;28.5;4.5;veg;676743;676751;6575073;6575077;676747;6575075;0
klump;21;6.2;5.0;101.6;28.5;0.0;veg;674633;674638;6583843;6583847;674636;6583845;0
klump;79;16.3;9.9;49.9;28.5;4.5;veg;672725;672738;6584411;6584422;672731;6584417;0
klump;74;12.7;10.0;57.8;28.5;10.0;veg;672651;672662;6584090;6584101;672656;6584095;0
klump;21;8.6;5.2;34.5;28.5;11.5;bygg;669978;669983;6578320;6578327;669981;6578324;0
klump;67;11.2;9.7;166.2;28.5;9.0;veg;674254;674264;6583973;6583984;674259;6583978;0
klump;146;25.5;12.6;96.6;28.5;10.5;veg;672818;672844;6584398;6584410;672831;6584404;0
klump;51;11.2;8.3;138.4;28.5;8.0;veg;677456;677466;6580558;6580567;677460;6580563;0
klump;19;6.7;4.3;63.7;28.5;0.0;veg;674544;674549;6585267;6585271;674546;6585269;0
klump;20;7.0;4.1;4.5;28.5;3.0;veg;678099;678102;6581640;6581646;678100;6581643;0
klump;30;9.5;7.3;89.5;28.5;4.5;veg;676745;676754;6575044;6575051;676749;6575048;0
klump;179;25.5;11.5;73.1;28.5;8.0;veg;677887;677909;6580138;6580153;677898;6580145;1
klump;123;17.2;15.7;10.8;28.5;12.0;veg;676979;676996;6576671;6576689;676988;6576679;0
klump;29;7.0;6.4;41.2;28.5;11.0;veg;674272;674278;6583632;6583638;674275;6583635;0
klump;25;7.3;5.2;171.2;28.5;0.0;veg;674612;674617;6585187;6585193;674614;6585190;0
klump;36;8.5;6.8;140.8;28.5;8.0;veg;676938;676945;6575112;6575119;676942;6575115;0
klump;102;22.6;10.0;68.7;28.5;11.5;veg;673133;673152;6577584;6577598;673144;6577592;0
klump;23;6.3;5.0;94.0;28.5;0.0;veg;674606;674611;6585235;6585239;674609;6585237;0
klump;52;10.6;8.5;41.9;28.5;9.0;veg;673998;674007;6584082;6584092;674003;6584087;0
klump;14;6.2;3.3;26.8;28.5;8.0;veg;676744;676747;6575712;6575716;676745;6575714;0
klump;26;7.2;5.5;131.9;28.5;0.0;veg;675209;675215;6583686;6583692;675213;6583689;0
klump;50;14.1;6.7;46.7;28.5;4.5;veg;672677;672687;6584744;6584754;672683;6584749;0
klump;45;9.3;6.8;67.1;28.5;0.0;veg;674432;674440;6583827;6583834;674436;6583831;0
klump;17;5.6;4.5;87.2;28.5;10.0;veg;674329;674333;6583560;6583563;674331;6583561;0
klump;17;6.6;4.2;155.6;28.5;4.5;veg;672754;672757;6584344;6584349;672756;6584347;0
klump;19;7.2;4.1;43.6;28.5;0.0;veg;674966;674972;6583383;6583388;674969;6583386;0
klump;24;6.4;5.4;125.2;28.5;9.0;veg;674077;674082;6584182;6584187;674079;6584185;0
klump;41;15.5;5.4;96.1;28.5;0.0;veg;674710;674723;6584016;6584021;674715;6584018;0
klump;41;11.7;5.8;27.8;28.5;6.0;veg;675130;675137;6584301;6584311;675134;6584306;0
klump;68;15.0;9.6;43.2;28.5;11.5;veg;678058;678071;6580361;6580374;678065;6580367;0
klump;55;13.0;6.6;4.6;28.5;0.0;veg;674763;674769;6584164;6584175;674766;6584170;0
klump;11;4.9;3.3;157.1;28.5;6.0;veg;674976;674979;6583876;6583880;674977;6583878;0
klump;31;7.0;6.1;176.6;28.5;0.0;veg;674628;674634;6585306;6585313;674631;6585310;0
klump;14;7.9;3.0;34.5;28.5;0.0;veg;674712;674716;6584028;6584033;674714;6584030;0
klump;60;12.7;7.3;81.5;28.5;7.0;veg;675270;675281;6575167;6575174;675276;6575171;0
klump;9;5.1;3.1;23.6;28.5;0.0;veg;674574;674577;6585158;6585162;674575;6585160;0
klump;22;6.2;4.9;86.4;28.5;10.0;veg;674524;674530;6583736;6583740;674527;6583738;0
klump;14;5.2;4.0;96.6;28.5;0.0;veg;674657;674661;6584009;6584012;674659;6584010;0
klump;66;14.4;7.5;15.7;28.5;9.0;veg;674137;674146;6583946;6583959;674142;6583952;0
klump;13;5.6;4.2;173.9;28.5;0.0;veg;674804;674808;6583952;6583957;674806;6583954;0
klump;9;4.5;3.5;45.0;28.5;4.5;veg;676748;676751;6575063;6575066;676749;6575064;0
klump;23;8.7;4.6;157.2;28.5;3.0;veg;678125;678130;6581724;6581732;678127;6581728;0
klump;13;5.1;4.0;43.9;28.5;11.5;veg;666289;666293;6579389;6579393;666291;6579391;0
klump;30;8.4;6.2;165.8;28.5;0.0;veg;674719;674725;6583936;6583943;674722;6583939;0
klump;25;8.1;5.4;144.0;28.5;10.0;veg;672386;672392;6584100;6584107;672389;6584104;0
klump;96;18.9;15.8;53.1;28.5;13.5;veg;678210;678226;6578755;6578772;678218;6578763;0
klump;18;6.9;5.2;173.7;28.5;3.0;veg;678130;678135;6581685;6581691;678132;6581688;0
klump;26;6.8;6.2;168.2;28.5;4.5;veg;676737;676743;6575077;6575083;676740;6575080;0
klump;11;4.4;4.3;90.0;28.5;6.5;veg;675192;675196;6584774;6584778;675194;6584776;0
klump;78;12.2;10.6;142.9;28.5;10.0;veg;674718;674730;6583683;6583695;674723;6583690;0
klump;21;8.4;4.6;37.7;28.5;6.5;veg;675191;675197;6584740;6584746;675194;6584744;0
klump;27;6.6;5.9;112.4;28.5;10.0;veg;674810;674816;6583706;6583712;674813;6583709;1
klump;9;4.9;2.9;90.0;28.5;0.0;veg;674417;674421;6584051;6584053;674419;6584052;0
klump;12;8.1;2.5;30.5;28.5;6.0;veg;674834;674837;6583845;6583851;674836;6583848;0
klump;12;5.3;3.4;117.5;28.5;4.0;veg;675764;675768;6584774;6584777;675766;6584775;0
klump;72;14.3;9.6;61.2;28.5;4.5;veg;672506;672518;6584666;6584676;672512;6584671;0
klump;11;6.4;2.5;158.3;28.5;11.5;veg;675275;675277;6577909;6577914;675276;6577912;0
klump;58;14.0;8.2;49.4;28.5;3.0;veg;678355;678366;6581633;6581643;678360;6581638;0
klump;18;6.3;3.9;146.1;28.5;12.5;veg;675995;675999;6584103;6584107;675997;6584105;0
klump;19;6.2;5.7;34.5;28.5;10.0;veg;672589;672594;6584061;6584066;672592;6584063;0
klump;23;11.2;4.5;70.7;28.5;12.0;veg;677734;677744;6576611;6576616;677740;6576614;0
klump;8;4.9;3.0;150.8;28.5;0.0;veg;674793;674795;6584013;6584016;674794;6584015;0
klump;87;16.1;11.2;37.9;28.5;10.5;veg;674875;674888;6583268;6583283;674881;6583276;0
klump;10;4.3;3.7;113.2;28.5;0.0;veg;674429;674432;6585252;6585255;674430;6585253;0
klump;32;11.3;9.2;178.5;28.5;11.0;veg;668727;668735;6575879;6575890;668731;6575884;0
klump;39;11.2;7.2;7.3;28.5;12.0;veg;677723;677730;6576966;6576976;677726;6576971;0
klump;20;5.6;5.1;126.3;28.5;9.0;veg;674133;674138;6584153;6584157;674136;6584155;0
klump;20;6.5;4.3;7.2;28.5;9.0;veg;674009;674012;6584220;6584226;674011;6584223;0
klump;84;13.4;10.5;11.3;28.5;10.0;veg;672456;672466;6584310;6584323;672462;6584317;1
klump;19;6.0;5.2;37.4;28.5;10.0;veg;672390;672395;6583997;6584002;672392;6583999;0
klump;11;4.8;3.2;41.0;28.5;0.0;veg;674373;674376;6585264;6585267;674375;6585265;0
klump;22;9.0;5.1;8.9;28.5;11.5;veg;671128;671133;6578826;6578834;671131;6578830;0
klump;14;5.3;3.8;21.5;28.5;0.0;veg;674780;674783;6585153;6585157;674781;6585155;0
klump;71;11.1;9.8;13.6;28.5;11.5;veg;673219;673229;6577590;6577601;673223;6577596;0
klump;9;4.1;3.0;20.3;28.5;0.0;veg;674806;674808;6583861;6583864;674807;6583863;0
klump;13;5.3;3.9;152.6;28.5;7.5;veg;668305;668309;6579008;6579012;668307;6579010;0
klump;11;4.5;4.0;76.7;28.5;9.0;veg;666381;666384;6579809;6579812;666382;6579810;0
klump;12;5.1;3.4;0.0;28.5;0.0;veg;674696;674698;6585145;6585149;674697;6585147;0
klump;15;5.5;4.1;132.1;28.5;0.0;veg;674983;674987;6583591;6583595;674985;6583593;0
klump;10;5.0;2.9;142.5;28.5;9.0;veg;674070;674073;6584085;6584088;674071;6584086;0
klump;24;7.8;4.3;69.5;28.5;6.5;veg;675167;675173;6584773;6584777;675170;6584775;0
klump;111;19.2;10.3;144.5;28.5;12.5;veg;672536;672551;6583768;6583784;672544;6583776;0
klump;19;5.7;4.9;170.4;28.5;6.5;veg;676458;676462;6575531;6575536;676460;6575534;0
klump;11;4.7;3.4;25.4;28.5;7.5;veg;666865;666868;6580764;6580767;666866;6580766;0
klump;20;6.2;5.6;178.0;28.5;6.5;veg;676699;676704;6575200;6575204;676702;6575202;0
klump;29;7.6;6.2;62.6;28.5;10.5;veg;677855;677861;6581872;6581878;677858;6581875;0
klump;40;9.2;7.2;0.7;28.5;5.0;veg;671879;671885;6583317;6583325;671882;6583321;0
klump;39;8.2;7.2;93.4;28.5;0.0;veg;674487;674494;6585041;6585048;674491;6585044;0
klump;23;6.9;4.7;81.3;28.5;0.0;veg;674659;674665;6585102;6585106;674662;6585104;0
klump;21;6.0;4.7;144.8;28.5;0.0;veg;674304;674308;6583902;6583907;674306;6583905;0
klump;18;7.2;4.0;55.6;28.5;0.0;veg;674569;674574;6585193;6585197;674572;6585195;0
klump;29;8.2;5.7;165.6;28.5;11.5;bygg;674250;674256;6585310;6585318;674253;6585315;0
klump;21;6.0;5.0;43.4;28.5;6.0;veg;674966;674971;6583903;6583908;674969;6583906;0
klump;31;7.8;6.3;153.4;28.5;9.5;veg;677140;677146;6575634;6575641;677143;6575638;0
klump;36;10.4;5.9;40.0;28.5;13.0;veg;672121;672129;6584256;6584265;672125;6584260;0
klump;31;7.9;6.1;17.9;28.5;0.0;veg;674598;674604;6583858;6583864;674600;6583862;0
klump;59;10.3;9.3;150.8;28.5;12.0;veg;677718;677727;6576916;6576925;677723;6576921;0
klump;25;7.5;5.2;166.3;28.5;11.5;bygg;667357;667361;6576369;6576375;667359;6576372;0
klump;58;11.7;8.8;58.3;28.5;6.0;veg;671722;671732;6582110;6582119;671727;6582115;0
klump;23;6.3;5.9;176.7;28.5;14.5;veg;669876;669881;6581802;6581808;669879;6581805;0
klump;26;9.3;4.4;65.1;28.5;0.0;veg;674594;674601;6583995;6584000;674597;6583997;0
klump;22;6.6;6.0;63.9;28.5;5.5;veg;678077;678083;6581175;6581180;678079;6581178;0
klump;53;16.9;6.7;127.4;28.5;4.0;veg;675763;675776;6584647;6584658;675770;6584654;0
klump;10;4.2;3.9;33.2;28.5;9.0;veg;673990;673993;6583953;6583956;673992;6583955;0
klump;10;6.3;3.8;21.5;28.5;12.0;bygg;669466;669469;6576628;6576633;669467;6576630;0
klump;19;6.4;4.6;6.1;28.5;10.0;veg;674354;674358;6583528;6583534;674356;6583531;0
klump;49;14.4;8.1;137.1;28.5;5.0;veg;666188;666199;6584363;6584373;666193;6584368;0
klump;8;4.4;3.8;30.3;28.5;9.5;veg;672120;672123;6584321;6584324;672121;6584323;0
klump;13;6.7;3.0;176.5;28.5;9.0;veg;673966;673968;6583916;6583921;673967;6583918;0
klump;58;16.6;6.6;167.9;28.5;6.0;veg;666180;666187;6582481;6582496;666184;6582488;0
klump;16;5.7;4.3;171.9;28.5;11.5;veg;666290;666293;6579395;6579399;666292;6579397;0
klump;18;6.5;4.2;152.5;28.5;10.0;veg;672290;672294;6584182;6584187;672292;6584185;0
klump;34;7.4;7.2;75.3;28.5;8.5;veg;677821;677828;6581153;6581160;677825;6581156;0
klump;54;10.4;8.0;6.7;28.5;12.0;bygg;677633;677641;6576643;6576653;677636;6576648;0
klump;18;7.5;4.2;97.0;28.5;11.0;veg;674234;674240;6583541;6583544;674237;6583543;0
klump;11;4.9;4.0;15.5;28.5;3.0;veg;678135;678138;6581747;6581750;678137;6581748;0
klump;8;3.7;2.9;45.0;28.5;13.0;veg;674244;674246;6584615;6584617;674245;6584616;0
klump;37;9.3;6.2;180.0;28.5;14.0;veg;675667;675674;6577379;6577388;675670;6577384;0
klump;15;6.7;3.4;156.1;28.5;4.5;veg;675757;675760;6575088;6575093;675759;6575091;0
klump;24;8.0;5.6;48.8;28.5;4.5;veg;672638;672644;6584696;6584702;672641;6584699;0
klump;18;7.3;4.6;106.6;28.5;14.5;veg;678063;678069;6583525;6583529;678066;6583527;0
klump;24;8.4;4.6;68.4;28.5;0.0;veg;674620;674627;6583957;6583962;674623;6583959;0
klump;75;13.2;11.2;72.8;28.5;10.0;veg;671730;671741;6583804;6583814;671735;6583809;1
klump;17;9.5;3.2;82.3;28.5;9.0;bygg;673813;673821;6579757;6579760;673817;6579759;0
klump;39;10.5;5.8;101.5;28.5;11.5;veg;677717;677726;6575952;6575957;677721;6575954;0
klump;41;13.6;5.6;39.9;28.5;9.0;veg;674011;674020;6584062;6584071;674016;6584067;0
klump;36;8.8;6.8;152.7;28.5;8.0;veg;677467;677473;6580560;6580568;677470;6580564;0
klump;11;5.1;3.3;87.8;28.5;10.0;veg;672489;672493;6584106;6584109;672491;6584107;0
klump;34;7.6;6.1;78.5;28.5;0.0;veg;675144;675151;6583692;6583698;675148;6583695;0
klump;73;18.1;7.5;115.3;28.5;6.5;veg;675149;675163;6584716;6584726;675157;6584722;0
klump;25;6.4;5.8;96.8;28.5;6.5;veg;676697;676703;6575189;6575194;676700;6575192;0
klump;77;14.1;9.9;120.7;28.5;7.5;veg;674739;674750;6575447;6575459;674744;6575452;0
klump;56;12.8;6.3;68.7;28.5;10.0;veg;672363;672375;6584313;6584320;672369;6584316;1
klump;37;8.0;7.5;144.3;28.5;9.5;veg;677163;677170;6575617;6575624;677167;6575620;0
klump;28;6.5;5.9;169.7;28.5;0.0;veg;674955;674960;6583482;6583487;674958;6583484;0
klump;45;16.9;6.3;51.7;28.5;4.0;veg;673241;673254;6578526;6578536;673247;6578531;0
klump;34;11.7;6.8;99.4;28.5;0.0;veg;675002;675012;6583626;6583633;675007;6583629;0
klump;11;4.6;3.2;164.9;28.5;10.0;veg;674495;674497;6583386;6583389;674496;6583387;0
klump;12;4.7;4.5;97.5;28.5;8.0;veg;676871;676875;6575182;6575185;676873;6575183;0
klump;37;10.1;5.9;156.7;28.5;4.0;veg;675747;675754;6584721;6584730;675751;6584726;0
klump;49;13.3;6.2;137.6;28.5;10.0;veg;672345;672354;6584098;6584108;672349;6584103;0
klump;10;4.3;3.2;0.0;28.5;6.0;veg;674838;674840;6583930;6583933;674839;6583932;0
klump;9;6.1;3.2;170.8;28.5;11.0;veg;677107;677109;6584534;6584539;677108;6584537;0
klump;32;8.3;5.2;146.8;28.5;9.0;veg;674248;674254;6583971;6583978;674251;6583975;0
klump;25;6.6;5.0;45.0;28.5;9.0;veg;674188;674193;6584012;6584017;674190;6584014;0
klump;37;11.0;6.5;152.2;28.5;12.0;bygg;671505;671513;6575392;6575401;671509;6575396;0
klump;42;13.2;7.1;3.3;28.5;0.0;veg;674680;674687;6585015;6585026;674683;6585022;0
klump;10;4.1;3.3;0.0;28.5;10.0;veg;672467;672469;6584000;6584003;672468;6584001;0
klump;20;6.4;4.7;96.3;28.5;6.5;veg;676662;676667;6575214;6575218;676665;6575216;0
klump;11;4.8;3.2;59.7;28.5;10.0;veg;674620;674623;6583740;6583743;674622;6583742;0
klump;35;7.4;6.8;29.8;28.5;9.0;veg;674115;674121;6584154;6584161;674118;6584157;0
klump;26;10.0;4.0;149.6;28.5;0.0;veg;674512;674517;6585017;6585024;674515;6585021;0
klump;15;7.9;3.5;26.4;28.5;9.0;veg;673929;673933;6584004;6584010;673931;6584007;0
klump;23;8.5;4.5;163.0;28.5;9.0;veg;673954;673959;6584004;6584011;673956;6584007;0
klump;20;7.8;3.6;144.1;28.5;9.0;veg;674121;674126;6584086;6584092;674124;6584089;0
klump;8;4.1;3.2;43.8;28.5;10.0;veg;672321;672324;6584088;6584091;672322;6584090;0
klump;26;8.0;6.5;22.5;28.5;13.5;veg;674852;674858;6576771;6576778;674856;6576773;0
klump;28;6.5;5.7;107.4;28.5;0.0;veg;674994;675000;6583589;6583594;674997;6583592;0
klump;22;5.9;5.4;134.3;28.5;10.0;veg;672568;672573;6584131;6584136;672571;6584134;0
klump;33;11.8;5.7;154.7;28.5;6.5;veg;675205;675211;6584740;6584749;675207;6584745;0
klump;16;5.0;4.5;78.6;28.5;4.5;veg;675806;675810;6575005;6575008;675808;6575007;0
klump;95;25.3;11.8;150.3;28.5;12.0;veg;677733;677748;6576959;6576979;677739;6576968;0
klump;25;8.6;5.0;161.9;28.5;8.0;veg;677134;677139;6575463;6575470;677137;6575466;0
klump;21;11.0;2.8;34.1;28.5;13.5;veg;671038;671044;6576992;6577000;671041;6576996;0
klump;27;7.4;6.1;31.4;28.5;9.0;veg;674115;674121;6584069;6584075;674118;6584073;0
klump;12;5.3;3.6;115.5;28.5;7.5;veg;668300;668304;6578877;6578880;668302;6578878;0
klump;12;4.6;3.9;163.2;28.5;6.5;veg;675176;675179;6584772;6584776;675178;6584774;0
klump;23;7.7;4.2;112.3;28.5;10.0;veg;672277;672283;6584260;6584264;672280;6584262;0
klump;9;4.4;3.0;124.6;28.5;0.0;veg;674357;674360;6583900;6583903;674359;6583902;0
klump;19;6.0;4.6;136.7;28.5;10.0;veg;674757;674761;6583740;6583745;674759;6583743;0
klump;14;6.3;3.2;160.9;28.5;10.0;veg;672628;672631;6584097;6584102;672629;6584100;0
klump;17;5.1;4.7;135.7;28.5;10.0;veg;672598;672602;6584061;6584065;672600;6584063;0
klump;11;8.8;2.1;75.2;28.5;10.5;veg;671162;671168;6578490;6578492;671165;6578491;0
klump;14;6.4;4.3;108.8;28.5;9.0;veg;674084;674089;6584075;6584079;674086;6584077;0
klump;10;5.4;3.6;161.1;28.5;12.0;veg;677769;677772;6576645;6576649;677770;6576647;0
klump;16;6.9;4.4;130.2;28.5;12.0;veg;677734;677739;6576646;6576650;677736;6576648;0
klump;19;7.3;6.2;128.5;28.5;11.0;bygg;671589;671596;6577138;6577143;671593;6577141;0
klump;34;13.0;4.8;179.1;28.5;9.5;veg;672067;672072;6584326;6584336;672070;6584330;0
klump;8;3.7;2.9;45.0;28.5;0.0;veg;674653;674655;6583948;6583950;674654;6583949;0
klump;20;7.5;4.9;85.2;28.5;5.0;veg;673089;673095;6585269;6585274;673092;6585272;0
klump;14;8.3;3.1;134.2;28.5;9.0;veg;674004;674009;6583897;6583902;674006;6583900;0
klump;20;5.6;4.9;75.6;28.5;3.0;veg;678151;678156;6581743;6581747;678154;6581745;0
klump;19;7.1;4.1;153.2;28.5;9.0;veg;674059;674063;6584126;6584131;674061;6584128;0
klump;13;5.5;3.8;24.9;28.5;13.0;veg;672131;672134;6584261;6584265;672133;6584263;0
klump;15;5.5;4.2;159.4;28.5;3.0;veg;678152;678156;6581701;6581705;678154;6581703;0
klump;18;5.7;4.5;10.1;28.5;10.0;veg;674386;674390;6583752;6583756;674388;6583754;0
klump;17;6.4;4.9;35.9;28.5;6.5;veg;675227;675232;6584719;6584724;675230;6584721;0
klump;16;7.2;3.8;5.1;28.5;8.0;veg;676965;676968;6575137;6575143;676966;6575140;0
klump;46;13.8;5.8;73.9;28.5;4.5;veg;676671;676682;6575058;6575064;676677;6575061;0
klump;24;10.7;3.3;170.4;28.5;11.5;bygg;676001;676004;6576922;6576931;676002;6576927;0
klump;16;5.2;4.4;27.0;28.5;11.0;veg;674206;674210;6583568;6583572;674208;6583570;0
klump;28;6.5;5.8;51.9;28.5;0.0;veg;675009;675015;6583644;6583649;675012;6583647;0
klump;17;10.4;5.0;78.0;28.5;11.5;veg;666265;666273;6579394;6579399;666269;6579397;0
klump;35;12.0;5.3;172.6;28.5;9.0;veg;666122;666128;6581435;6581445;666125;6581440;0
klump;16;5.3;4.5;56.4;28.5;9.0;veg;674045;674049;6584136;6584140;674047;6584138;0
klump;32;8.4;6.6;93.0;28.5;6.5;veg;677659;677666;6583862;6583868;677662;6583865;0
klump;8;4.4;3.1;111.3;28.5;7.5;veg;677999;678002;6581902;6581904;678001;6581903;0
klump;11;11.2;1.7;17.3;28.5;9.0;veg;666234;666237;6580081;6580088;666235;6580084;0
klump;12;10.8;1.6;157.8;28.5;11.5;veg;675271;675274;6577916;6577924;675273;6577920;0
klump;23;8.1;4.6;40.7;28.5;9.0;veg;674074;674080;6584061;6584067;674077;6584064;0
klump;15;5.2;4.0;51.3;28.5;10.0;veg;674358;674362;6583525;6583528;674360;6583526;0
klump;10;4.3;3.3;153.4;28.5;11.5;veg;674209;674211;6585055;6585058;674210;6585057;0
klump;17;5.1;4.5;11.3;28.5;7.5;veg;668281;668284;6579000;6579004;668282;6579002;0
klump;23;6.7;5.8;163.8;28.5;12.0;veg;677698;677703;6576664;6576670;677701;6576667;0
klump;15;6.1;5.6;48.7;28.5;8.0;bygg+veg;677334;677339;6581286;6581291;677337;6581289;0
klump;14;4.8;4.6;93.6;28.5;0.0;veg;674604;674608;6585165;6585169;674606;6585167;0
klump;30;10.7;4.8;87.7;28.5;0.0;veg;675233;675242;6583621;6583626;675237;6583624;0
klump;42;12.0;8.0;4.0;28.5;15.5;veg;671717;671724;6580791;6580801;671720;6580796;0
klump;38;11.5;5.4;143.0;28.5;0.0;veg;674794;674801;6585249;6585258;674798;6585253;0
klump;36;17.8;6.0;145.5;28.5;11.5;veg;666139;666148;6579455;6579467;666144;6579462;0
klump;23;5.8;5.6;64.2;28.5;4.5;veg;676785;676790;6575091;6575096;676788;6575093;0
klump;18;5.4;4.4;31.6;28.5;10.0;veg;674560;674564;6583479;6583483;674562;6583481;0
klump;15;5.5;4.8;68.4;28.5;10.0;veg;672288;672292;6584282;6584286;672290;6584284;0
klump;22;8.5;4.7;6.3;28.5;10.0;veg;672475;672479;6583985;6583992;672477;6583988;0
klump;11;5.3;3.2;140.7;28.5;5.0;veg;666169;666172;6584373;6584377;666170;6584375;0
klump;16;6.8;4.7;150.2;28.5;10.0;veg;672614;672618;6584059;6584065;672616;6584062;0
klump;21;7.3;5.8;80.6;28.5;12.0;veg;670268;670274;6578476;6578481;670271;6578479;0
klump;30;8.7;5.5;40.6;28.5;10.0;veg;672416;672423;6583998;6584005;672419;6584001;0
klump;18;7.4;3.4;135.5;28.5;0.0;veg;674568;674572;6585202;6585207;674570;6585205;0
klump;33;14.5;5.7;63.8;28.5;9.0;veg;674093;674104;6583982;6583989;674099;6583985;0
klump;21;7.1;4.5;75.4;28.5;11.0;veg;674183;674189;6583548;6583552;674186;6583549;0
klump;17;6.5;4.8;22.1;28.5;0.0;veg;674982;674986;6583481;6583487;674984;6583484;0
klump;19;6.6;4.5;123.6;28.5;9.5;veg;677108;677113;6575660;6575665;677111;6575662;0
klump;8;3.7;2.9;45.0;28.5;12.5;bygg;674777;674779;6577374;6577376;674778;6577375;0
klump;12;4.5;4.0;90.0;28.5;3.0;veg;678087;678090;6581646;6581649;678088;6581648;0
klump;10;4.1;3.3;90.0;28.5;0.0;veg;674418;674421;6585298;6585300;674420;6585299;0
klump;30;8.9;5.6;74.9;28.5;7.5;veg;668302;668309;6578983;6578988;668305;6578985;0
klump;22;6.8;5.2;64.2;28.5;0.0;veg;674508;674514;6585093;6585097;674511;6585095;0
klump;14;5.6;3.7;136.1;28.5;9.0;veg;666197;666201;6580021;6580025;666199;6580023;0
klump;8;3.7;3.0;0.0;28.5;10.0;veg;674373;674375;6583524;6583527;674374;6583526;0
klump;17;5.7;4.2;6.8;28.5;7.5;veg;667012;667015;6581033;6581038;667013;6581035;0
klump;50;12.5;8.5;9.7;28.5;4.5;veg;672476;672483;6584445;6584457;672479;6584452;0
klump;15;6.1;3.7;163.6;28.5;6.0;veg;676932;676935;6575035;6575040;676933;6575037;0
klump;12;5.1;3.1;9.4;28.5;0.0;veg;674721;674723;6584118;6584122;674722;6584120;0
klump;12;6.0;3.8;122.7;28.5;9.0;veg;674064;674069;6584007;6584010;674066;6584008;0
klump;17;6.7;4.5;95.8;28.5;14.5;veg;678121;678127;6583524;6583528;678124;6583526;0
klump;10;5.1;3.4;48.2;28.5;9.0;veg;666112;666115;6581434;6581437;666113;6581436;0
klump;15;5.2;4.2;0.0;28.5;6.0;veg;674872;674875;6583897;6583901;674874;6583899;0
klump;13;4.9;3.7;11.3;28.5;10.5;veg;666862;666865;6576390;6576394;666863;6576392;0
klump;18;6.0;4.1;69.7;28.5;0.0;veg;674444;674449;6583893;6583896;674447;6583894;0
klump;10;6.7;2.9;167.3;28.5;9.0;veg;673925;673927;6583954;6583959;673926;6583956;0
klump;17;5.7;5.0;21.8;28.5;8.0;veg;669158;669162;6584934;6584938;669160;6584936;0
klump;29;10.9;5.0;131.9;28.5;6.0;veg;676922;676929;6575061;6575068;676926;6575065;0
klump;23;6.1;5.7;65.7;28.5;10.0;veg;672321;672326;6584066;6584071;672323;6584068;0
klump;22;6.4;5.0;78.2;28.5;6.0;veg;674898;674903;6583955;6583959;674901;6583957;0
klump;25;6.6;5.8;73.2;28.5;10.0;veg;674390;674396;6583704;6583709;674393;6583707;0
klump;22;8.0;5.6;2.0;28.5;12.0;veg;677754;677759;6576986;6576992;677757;6576989;0
klump;32;9.1;5.6;52.0;28.5;10.0;veg;672340;672347;6584047;6584054;672343;6584050;0
klump;13;4.5;4.1;121.0;28.5;0.0;veg;674665;674668;6585253;6585256;674666;6585254;0
klump;31;10.2;5.6;118.3;28.5;0.0;veg;674661;674669;6585172;6585179;674666;6585175;0
klump;17;7.0;4.3;61.0;28.5;11.5;veg;666307;666312;6579206;6579211;666309;6579209;0
klump;26;8.3;6.7;95.3;28.5;11.5;bygg;667159;667166;6576321;6576327;667163;6576324;0
klump;27;8.0;7.0;99.7;28.5;6.5;veg;672801;672809;6583816;6583822;672805;6583818;0
klump;20;7.3;4.8;37.0;28.5;11.0;veg;668699;668704;6575892;6575898;668701;6575895;0
klump;11;4.8;3.2;41.0;28.5;0.0;veg;674377;674380;6585255;6585258;674378;6585257;0
klump;17;6.2;4.2;74.3;28.5;0.0;veg;674747;674753;6585022;6585026;674750;6585024;0
klump;11;5.3;2.9;7.6;28.5;6.5;veg;676622;676624;6575242;6575246;676623;6575244;0
klump;11;4.9;4.1;42.8;28.5;9.5;veg;677171;677175;6575643;6575647;677173;6575645;0
klump;20;5.8;5.4;132.8;28.5;13.0;veg;672146;672151;6584266;6584271;672148;6584269;0
klump;9;4.1;3.5;108.9;28.5;0.0;veg;674801;674804;6585230;6585233;674803;6585232;0
klump;8;4.7;2.9;142.0;28.5;4.5;veg;676735;676738;6575059;6575062;676736;6575060;0
klump;27;8.5;4.6;56.5;28.5;10.0;veg;674503;674509;6583370;6583375;674506;6583373;0
klump;15;5.9;4.2;28.3;28.5;0.0;veg;674399;674403;6583890;6583894;674401;6583892;0
klump;8;4.4;3.3;32.5;28.5;5.0;veg;666135;666138;6584360;6584363;666137;6584361;0
klump;14;6.1;4.4;44.4;28.5;7.5;veg;667101;667106;6581170;6581174;667104;6581171;0
klump;25;11.5;4.7;4.1;28.5;12.5;veg;672657;672661;6583580;6583590;672659;6583584;0
klump;13;5.3;3.7;85.0;28.5;4.5;veg;675700;675704;6575041;6575044;675702;6575043;0
klump;8;4.5;2.9;150.1;28.5;9.0;veg;673965;673967;6583925;6583928;673966;6583926;0
klump;42;10.8;7.6;50.6;28.5;11.5;bygg;673062;673070;6577348;6577358;673066;6577352;0
klump;23;6.8;5.0;94.1;28.5;9.0;veg;674017;674023;6583860;6583864;674020;6583862;0
klump;8;8.3;1.7;36.5;28.5;4.0;veg;673158;673161;6578363;6578368;673159;6578366;0
klump;17;5.4;4.7;33.8;28.5;0.0;veg;674589;674593;6583827;6583831;674591;6583829;0
klump;14;5.8;4.2;160.7;28.5;7.0;veg;666795;666799;6579293;6579297;666797;6579295;0
klump;9;4.0;3.3;7.6;28.5;13.0;veg;672118;672120;6584199;6584202;672119;6584201;0
klump;10;4.3;3.8;115.7;28.5;0.0;veg;674641;674644;6583913;6583916;674643;6583914;0
klump;12;5.4;3.2;90.0;28.5;0.0;veg;675313;675317;6585001;6585004;675315;6585002;0
klump;8;6.0;2.0;95.2;28.5;13.0;bygg;673958;673962;6584443;6584444;673960;6584443;0
klump;13;5.3;3.4;29.6;28.5;0.0;veg;674522;674525;6585318;6585322;674523;6585320;0
klump;11;5.2;2.9;52.1;28.5;12.5;veg;672547;672550;6583734;6583737;672549;6583735;0
klump;11;5.3;3.6;80.9;28.5;12.5;veg;672462;672466;6583786;6583789;672464;6583788;0
klump;11;4.7;3.1;90.0;28.5;6.5;veg;676797;676801;6575158;6575160;676799;6575159;0
klump;11;4.5;3.6;90.0;28.5;12.5;veg;668500;668503;6577842;6577844;668502;6577843;0
klump;14;4.8;4.0;3.6;28.5;0.0;veg;675301;675304;6583583;6583587;675302;6583585;0
klump;14;4.8;4.2;26.6;28.5;10.0;veg;674510;674514;6583795;6583799;674512;6583797;0
klump;32;11.9;7.2;105.8;28.5;12.5;veg;672717;672728;6583577;6583584;672721;6583580;0
klump;10;4.4;3.4;160.1;28.5;0.0;veg;674365;674367;6584054;6584057;674366;6584056;0
klump;13;5.8;3.8;45.6;28.5;0.0;veg;675047;675051;6583423;6583427;675049;6583425;0
klump;12;5.0;3.6;175.9;28.5;0.0;veg;675075;675078;6583390;6583394;675077;6583392;0
klump;11;5.4;4.4;142.9;28.5;7.5;veg;667078;667082;6581037;6581041;667080;6581039;0
klump;14;5.5;3.9;121.3;28.5;13.0;veg;672114;672118;6584248;6584251;672116;6584250;0
klump;17;5.6;4.9;153.8;28.5;0.0;veg;674942;674946;6583589;6583594;674944;6583591;0
klump;21;5.8;5.3;105.3;28.5;8.5;veg;678125;678130;6576006;6576011;678128;6576008;0
klump;17;9.0;3.2;165.0;28.5;13.0;veg;672103;672106;6585153;6585160;672105;6585157;0
klump;9;4.0;3.4;63.4;28.5;0.0;veg;674694;674697;6584025;6584028;674696;6584026;0
klump;21;8.0;4.2;46.5;28.5;11.5;veg;677956;677962;6580430;6580436;677959;6580433;0
klump;16;5.9;4.7;60.8;28.5;6.0;veg;676924;676929;6575071;6575075;676926;6575072;0
klump;9;5.8;4.4;72.7;28.5;15.0;veg;671710;671714;6580733;6580736;671712;6580735;1
klump;13;5.9;4.5;37.3;28.5;9.0;veg;673914;673918;6583965;6583969;673916;6583967;0
klump;8;3.7;2.9;45.0;28.5;9.0;veg;673976;673978;6583982;6583984;673977;6583983;0
klump;18;5.8;4.7;61.4;28.5;9.5;veg;677143;677148;6575695;6575699;677146;6575697;0
klump;8;5.6;3.0;17.9;28.5;8.0;bygg+veg;668809;668811;6580316;6580320;668810;6580318;0
klump;12;6.1;3.0;88.5;28.5;0.0;veg;674430;674435;6585341;6585343;674433;6585342;0
klump;11;4.6;3.2;15.1;28.5;11.0;veg;674255;674257;6583545;6583548;674256;6583546;0
klump;12;5.7;3.9;51.6;28.5;14.5;veg;677948;677952;6583598;6583602;677950;6583600;0
klump;8;7.5;1.9;153.8;28.5;8.5;veg;670539;670541;6579467;6579472;670540;6579469;0
klump;10;4.7;3.4;140.2;28.5;8.0;veg;676900;676903;6575158;6575161;676901;6575159;0
klump;13;5.8;3.9;175.1;28.5;8.0;veg;668819;668822;6585143;6585147;668821;6585145;0
klump;9;4.1;3.0;110.3;28.5;9.0;veg;666128;666131;6581417;6581419;666129;6581418;0
klump;12;7.9;2.9;5.4;28.5;9.0;veg;666117;666119;6581433;6581439;666118;6581436;0
klump;8;9.1;1.6;159.3;28.5;11.5;veg;675308;675310;6577817;6577823;675309;6577820;0
klump;9;5.0;3.3;101.2;28.5;9.0;veg;673882;673885;6584027;6584029;673883;6584028;0
klump;9;4.9;3.4;17.7;28.5;7.5;veg;668267;668270;6578974;6578977;668269;6578975;0
klump;90;21.5;8.6;5.2;28.0;6.0;veg;674636;674644;6576334;6576355;674641;6576345;0
klump;32;7.8;5.9;3.4;28.0;4.5;veg;675773;675779;6575098;6575105;675776;6575101;1
klump;52;18.6;6.3;54.1;28.0;6.5;veg;676663;676676;6575131;6575141;676669;6575136;0
klump;9;4.3;3.5;138.8;28.0;8.0;veg;677104;677107;6575606;6575609;677105;6575607;0
klump;110;16.5;10.4;23.2;28.0;6.0;veg;675115;675127;6584126;6584140;675121;6584133;0
klump;31;8.3;5.1;31.6;28.0;0.0;veg;674786;674792;6583893;6583899;674789;6583896;0
klump;16;4.9;4.7;1.8;28.0;8.0;veg;676895;676899;6575167;6575171;676897;6575169;0
klump;14;6.5;3.9;26.6;28.0;4.5;veg;676752;676756;6575062;6575067;676754;6575064;0
klump;22;8.2;4.4;47.5;28.0;7.5;veg;678049;678054;6581867;6581873;678051;6581870;0
klump;14;7.0;3.9;30.1;28.0;10.0;veg;672409;672413;6584040;6584044;672411;6584042;0
klump;18;7.4;4.7;6.0;28.0;3.0;veg;678056;678059;6581699;6581705;678057;6581702;0
klump;18;5.6;4.6;20.5;28.0;9.0;veg;674175;674179;6584080;6584084;674177;6584082;0
klump;22;6.2;5.3;159.9;28.0;10.0;veg;674312;674317;6583613;6583618;674314;6583616;0
klump;16;5.5;4.2;9.6;28.0;10.0;veg;672283;672287;6584300;6584304;672285;6584302;0
klump;137;18.6;14.8;124.9;28.0;9.0;veg;673624;673643;6584178;6584195;673632;6584187;0
klump;34;10.4;6.3;130.6;28.0;10.5;veg;673152;673161;6584600;6584607;673156;6584603;0
klump;33;9.7;5.5;153.4;28.0;0.0;veg;674654;674660;6585166;6585174;674657;6585170;0
klump;57;17.5;6.6;124.0;28.0;4.5;veg;672600;672613;6584702;6584713;672606;6584708;0
klump;24;7.7;5.0;179.4;28.0;0.0;veg;675210;675215;6583475;6583481;675212;6583478;0
klump;663;46.0;22.4;169.2;28.0;9.0;bygg;670249;670276;6580090;6580135;670261;6580111;0
klump;52;14.0;6.3;79.7;28.0;10.0;veg;672546;672559;6584106;6584112;672553;6584108;0
klump;9;4.9;3.0;79.7;28.0;10.0;veg;674497;674500;6583327;6583329;674498;6583328;0
klump;23;6.5;5.2;51.2;28.0;10.0;veg;674757;674762;6583733;6583738;674759;6583735;0
klump;22;9.3;4.0;138.6;28.0;12.0;bygg;671250;671255;6578906;6578912;671253;6578909;0
klump;32;9.0;6.2;151.5;28.0;11.0;bygg;671606;671613;6577135;6577143;671609;6577139;0
klump;20;8.1;5.0;28.8;28.0;0.0;veg;674651;674656;6585175;6585181;674654;6585178;0
klump;27;11.7;5.2;148.6;28.0;9.5;veg;677857;677864;6581719;6581728;677860;6581723;0
klump;27;10.6;4.7;100.1;28.0;11.5;bygg;667426;667434;6576391;6576395;667430;6576393;0
klump;242;22.2;19.4;149.4;28.0;8.0;bygg+veg;668966;668986;6584887;6584907;668975;6584897;0
klump;69;14.7;9.9;60.9;28.0;11.5;bygg;669679;669695;6576720;6576732;669689;6576725;0
klump;21;6.6;5.4;19.9;28.0;10.0;veg;672629;672634;6584089;6584094;672631;6584091;0
klump;20;5.9;4.9;176.7;28.0;0.0;veg;674680;674684;6585181;6585186;674682;6585183;0
klump;128;16.5;11.1;64.1;28.0;6.0;veg;675284;675299;6584114;6584125;675291;6584119;0
klump;49;10.7;6.5;125.2;28.0;12.5;veg;672584;672593;6583726;6583734;672588;6583730;0
klump;41;13.3;6.2;171.4;28.0;6.5;veg;676836;676843;6575130;6575141;676840;6575135;0
klump;77;13.0;9.2;7.9;28.0;4.0;veg;675753;675763;6584803;6584815;675758;6584810;0
klump;41;9.9;7.5;45.5;28.0;6.5;veg;674249;674258;6575921;6575929;674254;6575925;0
klump;10;5.8;2.9;175.5;28.0;5.0;veg;666130;666132;6584359;6584363;666131;6584361;0
klump;24;11.0;4.3;167.5;28.0;4.0;veg;675762;675766;6584711;6584720;675764;6584716;0
klump;99;19.2;11.8;132.4;28.0;11.0;bygg;668496;668512;6575260;6575275;668503;6575267;0
klump;14;5.1;3.9;147.2;28.0;0.0;veg;674478;674482;6585080;6585084;674480;6585082;0
klump;90;19.0;8.4;104.2;28.0;9.0;veg;673924;673941;6584233;6584243;673933;6584238;0
klump;36;10.8;6.5;19.8;28.0;6.5;veg;676861;676868;6575100;6575108;676865;6575104;1
klump;50;12.7;8.1;80.4;28.0;13.0;veg;671799;671809;6584065;6584074;671804;6584069;0
klump;20;6.6;5.1;163.3;28.0;13.0;veg;672072;672076;6585170;6585176;672074;6585173;0
klump;13;4.9;3.8;8.2;28.0;7.0;veg;668974;668977;6579122;6579126;668976;6579124;0
klump;72;13.8;8.0;92.3;28.0;10.5;bygg;674196;674210;6576632;6576639;674203;6576637;0
klump;28;7.9;5.5;137.3;28.0;0.0;veg;674324;674331;6584022;6584028;674328;6584025;0
klump;41;13.6;6.5;161.0;28.0;6.0;veg;676895;676901;6575067;6575078;676898;6575072;0
klump;43;8.4;7.3;113.1;28.0;6.5;veg;676725;676732;6575122;6575128;676729;6575125;0
klump;42;11.1;7.6;99.9;28.0;9.0;veg;666161;666171;6580004;6580011;666166;6580008;0
klump;43;15.6;5.2;176.2;28.0;4.0;veg;675755;675760;6584729;6584743;675758;6584736;0
klump;14;6.2;4.6;110.5;28.0;6.5;veg;677674;677679;6583897;6583901;677677;6583899;0
klump;136;20.4;13.0;107.7;28.0;6.0;veg;674656;674674;6576345;6576359;674666;6576353;0
klump;18;5.6;5.0;84.3;28.0;4.5;veg;676730;676735;6575082;6575086;676732;6575084;0
klump;118;20.8;14.3;14.1;28.0;6.0;veg;674597;674611;6575671;6575688;674604;6575680;0
klump;26;8.6;4.9;131.4;28.0;0.0;veg;674618;674625;6585236;6585242;674621;6585239;0
klump;20;5.4;5.3;108.4;28.0;0.0;veg;674615;674620;6583856;6583861;674617;6583858;0
klump;45;14.4;6.7;101.7;28.0;0.0;veg;674629;674642;6583998;6584005;674636;6584002;0
klump;17;8.6;3.2;155.3;28.0;0.0;veg;674602;674606;6584163;6584169;674604;6584166;0
klump;14;6.2;4.9;8.8;28.0;14.5;veg;676363;676367;6583797;6583802;676365;6583800;0
klump;57;14.7;7.7;86.1;28.0;0.0;veg;675216;675229;6583679;6583687;675223;6583683;0
klump;11;6.7;3.4;137.2;28.0;15.0;veg;675246;675250;6577643;6577647;675248;6577644;0
klump;16;6.6;4.9;135.9;28.0;10.0;veg;674531;674536;6583304;6583309;674533;6583307;0
klump;24;7.5;5.0;7.0;28.0;12.5;veg;672708;672713;6583711;6583718;672711;6583714;0
klump;19;5.6;5.1;52.8;28.0;13.0;veg;672112;672116;6584216;6584221;672114;6584218;0
klump;36;14.3;5.2;23.9;28.0;11.5;veg;666150;666156;6579449;6579460;666153;6579455;0
klump;23;6.6;5.7;131.5;28.0;8.0;veg;677044;677049;6575586;6575591;677046;6575588;0
klump;114;19.7;13.3;25.6;28.0;9.0;veg;674058;674074;6584035;6584053;674066;6584045;0
klump;23;6.7;5.1;170.6;28.0;10.0;veg;672338;672342;6584123;6584129;672340;6584126;0
klump;115;23.2;10.8;44.8;28.0;12.0;veg;670135;670152;6576628;6576646;670143;6576638;1
klump;18;6.1;5.1;113.0;28.0;10.0;veg;672448;672453;6583814;6583818;672451;6583816;0
klump;12;7.0;3.6;131.2;28.0;4.5;veg;672749;672754;6584753;6584757;672752;6584755;0
klump;92;15.2;12.6;119.9;28.0;12.0;veg;677318;677333;6576929;6576942;677326;6576935;0
klump;28;6.9;5.4;125.9;28.0;4.5;veg;675670;675675;6575029;6575034;675672;6575032;0
klump;31;8.2;6.3;161.7;28.0;8.0;veg;677155;677161;6575563;6575571;677158;6575567;0
klump;69;20.1;8.7;74.8;28.0;7.5;veg;677910;677928;6581905;6581915;677920;6581911;0
klump;28;8.4;5.9;101.8;28.0;4.5;veg;676667;676675;6575046;6575051;676671;6575049;0
klump;51;14.2;9.8;61.7;28.0;12.0;veg;670598;670610;6578655;6578666;670604;6578660;0
klump;9;4.5;2.8;174.0;28.0;0.0;veg;667750;667752;6578379;6578382;667751;6578380;0
klump;37;10.3;6.5;167.6;28.0;13.0;veg;672068;672074;6585235;6585244;672071;6585240;0
klump;24;7.6;5.1;93.9;28.0;9.0;veg;674295;674301;6583910;6583915;674298;6583912;0
klump;18;7.2;4.2;73.2;28.0;4.5;veg;675672;675677;6575043;6575047;675675;6575045;0
klump;12;5.4;3.5;136.6;28.0;6.0;veg;677094;677098;6575030;6575033;677096;6575031;0
klump;34;8.3;5.6;45.7;28.0;0.0;veg;674806;674812;6583990;6583997;674809;6583994;0
klump;25;12.1;3.4;59.5;28.0;11.5;bygg;673100;673109;6577431;6577436;673105;6577434;0
klump;29;9.5;6.6;68.9;28.0;6.5;veg;676605;676613;6575217;6575223;676610;6575220;0
klump;133;24.3;11.7;146.6;28.0;0.0;veg;675911;675927;6584681;6584702;675919;6584692;0
klump;30;8.8;6.0;111.1;28.0;11.0;veg;674255;674262;6583560;6583565;674259;6583563;0
klump;160;20.4;13.5;116.4;28.0;10.0;veg;672716;672736;6583987;6584003;672726;6583994;0
klump;20;6.7;4.3;133.3;28.0;9.5;veg;677128;677133;6575690;6575694;677131;6575692;0
klump;10;5.4;2.9;87.0;28.0;6.5;veg;676600;676604;6575274;6575276;676603;6575275;0
klump;90;17.5;10.0;138.1;28.0;0.0;veg;675833;675847;6584674;6584690;675840;6584681;1
klump;52;10.5;8.7;103.6;28.0;10.0;veg;671683;671693;6583994;6584003;671688;6583998;0
klump;78;17.0;11.3;153.0;28.0;11.5;veg;678364;678378;6580359;6580372;678372;6580367;0
klump;46;12.8;6.9;160.2;28.0;0.0;veg;675223;675230;6583615;6583627;675227;6583621;0
klump;30;14.0;4.6;133.7;28.0;0.0;veg;674464;674473;6585241;6585250;674469;6585246;0
klump;91;17.5;9.3;129.0;28.0;9.0;bygg;671428;671443;6576610;6576623;671436;6576616;0
klump;28;10.5;6.0;128.6;28.0;12.0;veg;670290;670298;6578458;6578465;670294;6578461;0
klump;59;15.2;6.3;52.8;28.0;0.0;veg;674584;674595;6585297;6585308;674590;6585302;0
klump;35;14.7;5.1;40.6;28.0;9.0;veg;674001;674011;6584061;6584071;674007;6584066;0
klump;66;17.2;8.6;93.5;28.0;12.0;bygg;669088;669104;6576230;6576239;669097;6576235;0
klump;103;16.5;10.9;173.5;28.0;8.5;bygg;669316;669328;6577678;6577692;669321;6577684;0
klump;33;8.7;5.5;174.5;28.0;0.0;veg;674791;674796;6585060;6585068;674794;6585064;0
klump;9;4.9;2.9;90.0;28.0;9.0;veg;674062;674066;6583982;6583984;674064;6583983;0
klump;24;10.0;4.2;25.9;28.0;8.0;veg;677123;677128;6575489;6575496;677125;6575492;0
klump;29;8.2;5.9;54.2;28.0;5.0;veg;671864;671871;6583317;6583323;671867;6583320;0
klump;37;12.4;6.0;171.1;28.0;9.5;veg;677155;677160;6575621;6575631;677157;6575626;0
klump;41;11.0;7.5;147.9;28.0;10.0;veg;671713;671721;6583912;6583921;671717;6583916;0
klump;47;10.9;7.0;136.1;28.0;12.5;veg;673634;673643;6578991;6579001;673638;6578996;0
klump;43;15.9;6.3;78.7;28.0;10.0;veg;672368;672381;6584103;6584110;672375;6584106;0
klump;276;23.9;19.4;146.1;28.0;7.5;bygg;666933;666955;6581161;6581186;666944;6581174;0
klump;15;5.7;3.8;71.3;28.0;10.0;veg;674368;674373;6583503;6583506;674371;6583504;0
klump;42;13.0;6.8;42.7;28.0;10.0;veg;672707;672716;6583977;6583987;672712;6583983;0
klump;58;12.9;7.3;125.9;28.0;4.5;veg;676770;676781;6575079;6575087;676776;6575083;0
klump;250;22.6;18.8;119.4;28.0;7.5;bygg;666949;666972;6581179;6581203;666960;6581191;0
klump;50;14.6;6.3;150.5;28.0;10.0;veg;672626;672635;6584135;6584147;672630;6584141;0
klump;15;5.6;4.5;11.4;28.0;6.5;veg;676601;676605;6575150;6575155;676603;6575152;0
klump;35;8.4;7.0;70.8;28.0;9.5;veg;673342;673350;6583398;6583404;673346;6583401;0
klump;51;10.1;7.4;88.0;28.0;6.0;veg;677569;677578;6580018;6580025;677574;6580022;0
klump;417;35.5;16.9;170.6;28.0;8.5;bygg;672118;672136;6577977;6578009;672127;6577994;0
klump;64;12.8;9.6;159.3;28.0;12.5;veg;672276;672286;6583432;6583442;672282;6583438;0
klump;19;8.6;3.8;27.7;28.0;0.0;veg;674630;674634;6583860;6583867;674632;6583864;0
klump;46;18.6;7.8;57.7;28.0;7.0;veg;677704;677718;6577452;6577464;677712;6577457;0
klump;19;5.7;4.5;75.5;28.0;0.0;veg;674752;674757;6583917;6583921;674754;6583919;0
klump;30;9.1;5.9;132.8;28.0;10.0;veg;674489;674496;6583302;6583309;674493;6583306;0
klump;11;6.6;3.8;16.7;28.0;0.0;veg;674575;674578;6583865;6583870;674577;6583867;0
klump;25;6.9;5.0;179.7;28.0;6.0;veg;671678;671682;6582110;6582117;671680;6582114;0
klump;27;6.7;6.1;14.1;28.0;0.0;veg;674442;674448;6583832;6583838;674445;6583835;0
klump;23;7.8;5.3;55.3;28.0;6.5;veg;676651;676657;6575223;6575229;676654;6575225;0
klump;68;20.4;8.3;76.5;28.0;12.0;veg;670350;670366;6578437;6578448;670357;6578443;0
klump;30;8.0;5.9;155.2;28.0;12.0;bygg;673694;673699;6577512;6577519;673696;6577515;0
klump;39;9.9;5.9;71.0;28.0;12.0;bygg;671497;671506;6575414;6575420;671502;6575418;0
klump;27;7.1;5.5;92.6;28.0;3.0;veg;678167;678173;6581757;6581761;678170;6581759;1
klump;27;6.8;6.6;74.6;28.0;4.5;veg;672341;672347;6584561;6584567;672344;6584564;0
klump;30;8.6;5.6;164.1;28.0;10.0;veg;672507;672512;6584102;6584109;672510;6584105;0
klump;20;6.0;5.2;126.5;28.0;9.0;veg;674009;674014;6583864;6583869;674011;6583866;0
klump;13;5.5;3.9;175.8;28.0;9.0;veg;674238;674241;6583910;6583914;674240;6583912;0
klump;66;11.7;10.5;128.3;28.0;10.5;veg;674908;674919;6582846;6582857;674913;6582851;0
klump;28;12.4;4.2;75.5;28.0;0.0;veg;674633;674643;6585169;6585173;674637;6585171;0
klump;41;16.2;5.1;31.7;28.0;10.0;veg;672561;672570;6584065;6584076;672565;6584070;0
klump;31;8.5;7.7;31.1;28.0;0.0;veg;674745;674752;6585274;6585282;674748;6585278;0
klump;17;5.3;4.7;151.8;28.0;9.5;veg;672154;672158;6584463;6584467;672156;6584465;0
klump;14;7.1;3.6;122.9;28.0;0.0;veg;675323;675327;6583357;6583361;675325;6583359;0
klump;74;22.3;7.2;2.3;28.0;7.5;bygg;671835;671843;6577467;6577486;671839;6577475;0
klump;16;6.3;4.0;161.6;28.0;0.0;veg;675221;675225;6583744;6583749;675223;6583746;0
klump;28;9.5;4.8;53.9;28.0;0.0;veg;674659;674666;6585263;6585269;674663;6585266;0
klump;24;9.3;4.9;161.1;28.0;10.5;veg;674901;674906;6582860;6582868;674903;6582864;0
klump;18;8.9;5.4;26.8;28.0;11.0;veg;668729;668735;6575872;6575879;668732;6575875;0
klump;13;5.1;3.9;130.6;28.0;0.0;veg;674550;674554;6583913;6583916;674552;6583914;0
klump;12;5.3;4.2;78.0;28.0;0.0;veg;674808;674812;6585206;6585209;674810;6585207;0
klump;19;7.1;4.6;65.0;28.0;4.5;veg;675772;675778;6575060;6575065;675775;6575062;0
klump;15;6.0;3.7;89.8;28.0;0.0;veg;674584;674589;6585126;6585129;674586;6585127;0
klump;20;5.8;4.8;15.5;28.0;10.0;veg;672336;672340;6584143;6584148;672338;6584145;0
klump;23;9.5;5.9;158.2;28.0;0.0;veg;674577;674582;6585258;6585265;674580;6585261;0
klump;47;10.3;7.7;79.1;28.0;0.0;veg;675262;675272;6583719;6583726;675267;6583723;0
klump;23;7.3;5.7;27.6;28.0;7.5;veg;668317;668323;6579013;6579019;668320;6579016;0
klump;25;7.8;6.0;147.4;28.0;12.5;veg;672676;672682;6583569;6583576;672680;6583573;0
klump;26;7.0;6.4;168.1;28.0;13.0;veg;672127;672133;6584252;6584259;672130;6584255;0
klump;56;13.5;7.5;126.7;28.0;4.5;veg;672589;672600;6584711;6584722;672594;6584717;0
klump;12;6.5;2.6;20.6;28.0;6.5;veg;675221;675223;6584789;6584794;675222;6584791;0
klump;26;6.2;5.6;32.1;28.0;10.0;veg;674489;674494;6583334;6583339;674491;6583337;0
klump;16;5.6;4.1;84.4;28.0;7.0;veg;666264;666269;6582243;6582246;666267;6582245;0
klump;15;10.6;2.7;167.0;28.0;11.5;bygg;676252;676255;6583376;6583384;676254;6583381;0
klump;32;9.4;5.1;51.9;28.0;9.5;veg;672053;672060;6584726;6584732;672057;6584729;0
klump;35;13.1;7.7;43.7;28.0;11.5;veg;673179;673188;6577600;6577610;673183;6577606;0
klump;10;4.2;3.7;70.7;28.0;6.5;veg;678435;678438;6577742;6577745;678437;6577743;0
klump;88;13.2;10.8;38.9;28.0;6.0;veg;674694;674706;6576082;6576094;674700;6576088;0
klump;22;9.7;4.8;126.6;28.0;9.5;bygg+veg;669873;669880;6584110;6584115;669877;6584113;0
klump;46;16.6;8.1;5.8;28.0;4.5;veg;672747;672756;6584396;6584411;672750;6584404;0
klump;11;4.3;4.0;135.0;28.0;0.0;veg;674672;674675;6585159;6585162;674674;6585160;0
klump;10;4.5;3.3;132.3;28.0;6.0;veg;674892;674895;6583815;6583818;674893;6583817;0
klump;16;5.2;4.1;28.0;28.0;0.0;veg;674667;674670;6585163;6585167;674669;6585165;0
klump;31;7.8;5.8;29.8;28.0;10.0;veg;672333;672339;6584191;6584198;672336;6584195;0
klump;42;16.4;5.7;112.5;28.0;8.0;veg;668799;668811;6585159;6585166;668805;6585162;0
klump;35;11.9;6.5;17.3;28.0;0.0;veg;674516;674522;6585236;6585247;674519;6585241;0
klump;21;9.3;5.5;178.6;28.0;6.5;veg;672854;672859;6583920;6583927;672857;6583923;0
klump;47;15.9;8.8;44.4;28.0;6.5;veg;672907;672919;6583892;6583904;672914;6583898;0
klump;16;6.1;4.0;120.8;28.0;0.0;veg;674348;674352;6583875;6583879;674350;6583877;0
klump;49;10.8;9.2;26.3;28.0;6.0;veg;674832;674840;6583818;6583828;674836;6583824;0
klump;38;9.4;6.5;93.0;28.0;6.5;veg;676712;676721;6575135;6575142;676716;6575138;0
klump;22;7.0;5.6;55.0;28.0;10.0;veg;672511;672517;6584056;6584061;672514;6584058;0
klump;16;5.5;4.1;124.4;28.0;0.0;veg;674578;674582;6585206;6585209;674580;6585207;0
klump;50;14.0;6.8;88.6;28.0;9.0;veg;674104;674118;6583982;6583988;674112;6583985;0
klump;55;14.9;9.0;13.2;28.0;11.5;veg;678062;678071;6580329;6580342;678067;6580336;0
klump;92;19.2;10.9;50.1;28.0;7.0;veg;675291;675305;6575168;6575182;675298;6575174;0
klump;28;6.8;5.9;176.6;28.0;10.0;veg;672276;672281;6584176;6584182;672278;6584179;0
klump;40;14.7;6.3;130.5;28.0;5.5;veg;678388;678398;6580868;6580878;678393;6580873;0
klump;19;8.0;3.8;102.7;28.0;7.5;veg;674406;674412;6575410;6575413;674409;6575412;0
klump;99;18.7;12.0;98.2;28.0;6.0;veg;674619;674636;6576313;6576325;674627;6576318;0
klump;9;9.8;1.5;30.2;28.0;4.0;veg;673063;673067;6578227;6578233;673065;6578230;0
klump;8;3.7;2.9;135.0;28.0;9.0;veg;673975;673977;6583965;6583967;673976;6583966;0
klump;37;8.9;6.5;69.7;28.0;4.5;veg;676735;676743;6575064;6575070;676739;6575068;0
klump;8;4.8;4.2;69.4;28.0;8.5;veg;670548;670551;6579474;6579477;670549;6579475;0
klump;25;6.5;5.6;37.8;28.0;6.5;veg;675172;675178;6584765;6584770;675175;6584767;0
klump;59;11.8;9.1;22.2;28.0;12.0;veg;669371;669380;6580948;6580959;669376;6580953;0
klump;17;7.6;3.5;56.3;28.0;0.0;veg;674570;674575;6585267;6585271;674573;6585269;0
klump;17;5.1;4.6;37.2;28.0;10.5;veg;674974;674978;6583233;6583237;674976;6583235;0
klump;10;4.5;3.7;147.6;28.0;0.0;veg;674550;674553;6583843;6583846;674552;6583845;0
klump;9;7.1;1.9;174.2;28.0;10.0;veg;674537;674538;6583312;6583317;674537;6583314;0
klump;40;10.0;8.4;132.5;28.0;10.5;veg;674923;674932;6582786;6582794;674928;6582790;0
klump;29;10.2;4.8;82.5;28.0;10.0;veg;674370;674379;6583722;6583726;674375;6583724;0
klump;42;10.3;6.5;164.3;28.0;12.5;veg;672574;672580;6583782;6583791;672577;6583787;0
klump;22;10.7;3.9;170.5;28.0;0.0;veg;674424;674427;6585335;6585343;674425;6585339;0
klump;13;6.3;3.1;98.4;28.0;0.0;veg;674619;674624;6584165;6584167;674621;6584166;0
klump;28;10.3;5.8;130.0;28.0;6.5;veg;676821;676829;6575144;6575151;676824;6575147;0
klump;14;5.3;4.5;6.6;28.0;7.5;veg;668284;668288;6578986;6578990;668286;6578988;0
klump;38;9.6;7.2;171.2;28.0;6.5;veg;675687;675694;6575505;6575514;675691;6575510;0
klump;79;16.0;13.4;138.0;28.0;6.0;veg;666485;666499;6584864;6584878;666492;6584872;0
klump;26;7.2;5.2;101.0;28.0;10.0;veg;672470;672477;6584298;6584303;672474;6584301;0
klump;12;4.8;4.1;52.6;28.0;12.0;veg;677680;677684;6576650;6576653;677682;6576652;0
klump;23;8.5;6.5;16.6;28.0;7.5;veg;672149;672155;6580216;6580223;672152;6580220;0
klump;97;15.6;12.0;20.7;28.0;7.5;veg;677220;677233;6580042;6580056;677226;6580049;0
klump;39;11.4;5.2;91.3;28.0;9.0;veg;674165;674174;6583982;6583987;674169;6583984;0
klump;11;4.8;3.5;147.0;28.0;8.5;veg;677389;677392;6580876;6580879;677390;6580878;0
klump;12;5.8;3.7;72.1;28.0;10.0;veg;674379;674383;6583694;6583697;674381;6583696;0
klump;19;11.6;3.6;36.5;28.0;13.0;veg;672153;672159;6584264;6584272;672156;6584269;0
klump;43;10.9;8.8;166.9;28.0;9.5;veg;673359;673367;6583329;6583339;673362;6583334;0
klump;10;4.6;3.4;90.0;28.0;0.0;veg;678570;678574;6576339;6576342;678572;6576341;0
klump;22;8.3;6.1;150.9;28.0;10.5;veg;672889;672895;6584416;6584423;672892;6584419;0
klump;45;12.0;7.1;72.7;28.0;10.0;veg;674807;674817;6583747;6583754;674813;6583750;1
klump;53;13.5;8.2;3.9;28.0;0.0;veg;677921;677929;6577579;6577591;677926;6577585;0
klump;17;5.1;4.5;132.9;28.0;11.0;veg;674268;674272;6583559;6583563;674270;6583561;0
klump;30;9.1;6.9;178.0;28.0;8.5;veg;676930;676936;6580861;6580869;676933;6580865;0
klump;11;7.3;2.6;130.3;28.0;0.0;veg;674704;674708;6584013;6584017;674706;6584015;0
klump;10;5.5;4.4;111.1;28.0;4.5;veg;676829;676833;6575064;6575067;676831;6575066;0
klump;10;4.1;3.7;30.1;28.0;0.0;veg;674744;674747;6585268;6585271;674745;6585269;0
klump;73;16.7;7.0;149.8;28.0;6.5;veg;675089;675099;6584329;6584342;675094;6584336;0
klump;24;7.5;6.8;144.1;28.0;10.0;veg;672658;672664;6583810;6583816;672660;6583813;0
klump;34;8.8;7.5;15.2;28.0;5.5;veg;672859;672867;6583712;6583719;672863;6583715;0
klump;21;7.1;5.1;0.6;28.0;10.0;veg;671614;671619;6584153;6584158;671617;6584155;0
klump;60;15.6;8.0;173.7;28.0;0.0;veg;674742;674750;6583973;6583987;674746;6583980;0
klump;25;7.0;5.4;162.6;28.0;0.0;veg;674929;674934;6583519;6583525;674931;6583522;0
klump;24;10.5;5.1;101.7;28.0;9.5;veg;672231;672240;6584372;6584377;672236;6584375;0
klump;77;20.0;11.9;47.6;28.0;11.5;veg;666291;666306;6579376;6579391;666298;6579384;0
klump;21;6.6;4.9;27.5;28.0;12.0;veg;677698;677703;6576712;6576717;677700;6576714;0
klump;30;12.3;6.2;146.3;28.0;13.5;veg;677990;677997;6578705;6578715;677993;6578711;0
klump;24;6.5;6.1;129.7;28.0;0.0;veg;674776;674782;6583891;6583897;674779;6583894;0
klump;17;8.9;3.0;13.6;28.0;12.0;bygg;677599;677602;6576560;6576567;677601;6576563;0
klump;49;11.1;8.4;22.6;28.0;12.5;veg;672694;672702;6583552;6583562;672698;6583557;0
klump;13;4.8;4.2;23.2;28.0;0.0;veg;674736;674740;6585235;6585239;674738;6585237;0
klump;8;3.7;2.9;135.0;28.0;11.5;veg;666141;666143;6579460;6579462;666142;6579461;0
klump;32;12.4;4.3;28.8;28.0;0.0;veg;674654;674660;6583973;6583983;674657;6583978;0
klump;58;17.3;7.9;153.4;28.0;0.0;veg;674689;674700;6585043;6585055;674694;6585049;0
klump;52;11.8;7.7;61.5;28.0;8.0;veg;677084;677095;6575596;6575604;677090;6575599;0
klump;13;5.8;3.9;147.4;28.0;0.0;veg;674541;674545;6585288;6585292;674543;6585290;0
klump;44;13.0;6.5;175.3;28.0;10.5;veg;672800;672806;6584507;6584520;672803;6584514;0
klump;12;4.7;3.4;90.0;28.0;6.5;veg;675186;675189;6584772;6584774;675188;6584773;0
klump;19;10.1;4.1;148.5;28.0;5.0;veg;672882;672888;6585231;6585238;672885;6585234;0
klump;11;5.3;3.8;111.3;28.0;13.0;veg;672154;672158;6584150;6584153;672156;6584151;0
klump;42;13.6;5.2;166.5;28.0;9.0;veg;674192;674198;6583993;6584004;674195;6583998;0
klump;48;12.4;7.8;171.7;28.0;3.0;veg;678148;678155;6581630;6581642;678152;6581637;0
klump;17;6.4;4.2;153.4;28.0;0.0;veg;674600;674604;6583922;6583927;674602;6583924;0
klump;14;5.4;3.6;144.0;28.0;10.0;veg;672523;672526;6584166;6584170;672525;6584168;0
klump;107;17.9;11.2;81.7;28.0;11.0;veg;674256;674274;6583621;6583634;674265;6583627;0
klump;18;6.3;4.2;107.5;28.0;0.0;veg;674394;674399;6585283;6585287;674396;6585285;0
klump;14;5.3;4.1;38.6;28.0;8.0;veg;676936;676939;6575105;6575109;676937;6575107;0
klump;17;5.7;4.5;0.0;28.0;7.0;veg;666693;666696;6579278;6579282;666695;6579280;0
klump;10;4.4;3.8;171.1;28.0;0.0;veg;674422;674425;6585289;6585292;674423;6585290;0
klump;27;6.1;5.8;24.4;28.0;9.0;veg;674219;674224;6583975;6583980;674222;6583977;0
klump;55;10.7;9.1;54.1;28.0;4.5;veg;672675;672685;6584594;6584603;672681;6584599;0
klump;10;4.3;3.3;153.4;28.0;10.0;veg;672524;672526;6584133;6584136;672525;6584135;0
klump;31;9.2;5.6;136.0;28.0;0.0;veg;674478;674485;6585260;6585268;674481;6585263;0
klump;10;4.7;3.9;135.7;28.0;9.5;veg;672087;672090;6584498;6584501;672089;6584500;0
klump;40;13.4;7.0;143.7;28.0;13.0;veg;672104;672113;6585220;6585231;672109;6585225;0
klump;13;6.8;3.7;92.7;28.0;0.0;veg;674398;674403;6583865;6583868;674401;6583867;0
klump;45;14.3;5.8;26.3;28.0;0.0;veg;675320;675327;6583554;6583567;675324;6583559;0
klump;9;4.5;2.8;174.0;28.0;8.0;veg;677117;677119;6575502;6575505;677118;6575503;0
klump;15;9.8;4.2;169.1;28.0;10.5;veg;672918;672922;6584402;6584409;672920;6584405;0
klump;16;6.4;4.7;154.1;28.0;9.5;veg;672041;672045;6584732;6584737;672043;6584735;0
klump;12;4.7;3.7;113.4;28.0;0.0;veg;674627;674631;6585152;6585155;674629;6585154;0
klump;41;10.2;6.2;127.9;28.0;10.0;veg;672434;672442;6584292;6584299;672438;6584295;0
klump;15;6.6;4.0;104.2;28.0;0.0;veg;674654;674659;6585151;6585155;674657;6585153;0
klump;10;4.8;2.9;18.2;28.0;0.0;veg;674760;674762;6584019;6584022;674761;6584021;0
klump;30;8.1;5.5;135.9;28.0;4.0;veg;675623;675629;6584751;6584758;675626;6584755;0
klump;23;7.3;4.7;69.6;28.0;0.0;veg;675012;675018;6583471;6583476;675015;6583474;0
klump;61;18.3;7.8;75.5;28.0;4.5;veg;672327;672341;6584549;6584559;672334;6584553;0
klump;14;5.5;3.8;26.3;28.0;6.5;veg;676793;676796;6575105;6575109;676795;6575107;0
klump;54;12.1;7.7;99.6;28.0;8.5;veg;676256;676267;6580352;6580359;676261;6580356;0
klump;42;10.4;7.8;9.0;28.0;4.0;veg;675591;675598;6584750;6584759;675595;6584755;0
klump;18;5.8;4.3;78.4;28.0;8.5;veg;678127;678132;6576016;6576019;678129;6576017;0
klump;21;6.8;4.7;79.1;28.0;7.5;veg;678167;678173;6581851;6581855;678171;6581853;0
klump;48;10.2;8.3;177.6;28.0;9.5;bygg;677327;677335;6575846;6575855;677331;6575851;0
klump;17;9.1;4.0;159.7;28.0;11.5;veg;678512;678516;6578429;6578436;678514;6578432;0
klump;15;6.5;4.1;97.9;28.0;0.0;veg;674329;674334;6584014;6584018;674331;6584016;0
klump;26;8.5;4.6;114.4;28.0;10.0;veg;672583;672589;6584159;6584164;672586;6584162;0
klump;8;4.2;2.8;7.0;28.0;11.0;veg;674297;674299;6583566;6583569;674298;6583567;0
klump;61;11.5;9.3;73.3;28.0;9.5;veg;676860;676870;6576059;6576070;676866;6576065;1
klump;15;5.3;5.0;127.7;28.0;8.0;veg;668306;668310;6581138;6581142;668308;6581140;0
klump;59;10.7;8.3;131.0;28.0;5.5;veg;672963;672972;6583723;6583732;672967;6583728;0
klump;31;8.7;7.1;46.6;28.0;6.5;veg;675182;675189;6584763;6584770;675186;6584766;0
klump;53;11.3;8.4;124.3;28.0;12.5;veg;677273;677283;6581859;6581868;677278;6581864;0
klump;14;5.8;3.6;66.3;28.0;10.5;veg;674925;674929;6582863;6582866;674927;6582864;0
klump;21;6.4;4.7;11.3;28.0;10.0;veg;672323;672327;6584173;6584178;672325;6584175;0
klump;53;14.5;6.4;78.7;28.0;0.0;veg;674566;674578;6585163;6585170;674573;6585166;0
klump;22;6.6;5.1;113.5;28.0;10.0;veg;672620;672626;6584049;6584054;672623;6584051;0
klump;23;7.1;5.4;108.8;28.0;6.0;veg;677012;677018;6575036;6575041;677015;6575039;0
klump;19;9.1;4.0;117.0;28.0;9.0;veg;674053;674060;6583992;6583997;674056;6583994;0
klump;16;7.3;4.1;38.4;28.0;0.0;veg;674507;674512;6585042;6585047;674510;6585044;0
klump;20;5.8;4.8;20.1;28.0;9.0;veg;674184;674188;6584101;6584106;674186;6584103;0
klump;8;6.9;1.5;132.1;28.0;4.5;veg;674611;674615;6584750;6584753;674613;6584752;0
klump;16;6.7;4.6;70.1;28.0;10.0;veg;672723;672729;6584037;6584041;672726;6584039;0
klump;11;4.5;3.6;36.9;28.0;4.0;veg;675783;675786;6584661;6584664;675784;6584663;0
klump;45;14.5;7.2;0.8;28.0;3.0;veg;678372;678378;6581639;6581652;678375;6581646;0
klump;22;7.0;6.0;72.1;28.0;6.5;veg;672782;672787;6584053;6584058;672785;6584055;0
klump;30;9.5;7.0;90.5;28.0;9.5;veg;673376;673385;6583337;6583343;673381;6583340;0
klump;37;10.6;8.2;50.9;28.0;13.0;veg;676466;676475;6581432;6581440;676471;6581436;0
klump;12;7.8;4.3;98.9;28.0;9.0;veg;673926;673932;6583960;6583964;673930;6583962;0
klump;20;10.5;4.3;6.3;28.0;12.0;veg;677725;677729;6576640;6576648;677727;6576643;0
klump;16;6.2;3.8;42.4;28.0;11.0;veg;674233;674237;6583559;6583564;674235;6583562;0
klump;8;6.8;2.5;174.6;28.0;8.5;veg;672034;672036;6577901;6577906;672035;6577904;0
klump;52;9.6;8.8;174.5;28.0;8.0;bygg;672211;672220;6576368;6576378;672216;6576373;0
klump;37;10.1;6.1;109.6;28.0;12.5;veg;672714;672722;6583604;6583611;672718;6583608;0
klump;19;6.5;6.2;61.7;28.0;10.0;veg;676664;676669;6580835;6580841;676666;6580838;0
klump;52;10.7;8.0;127.2;28.0;6.0;veg;677603;677612;6580048;6580058;677608;6580053;0
klump;26;8.4;5.0;169.0;28.0;4.5;veg;676810;676815;6575095;6575102;676813;6575098;0
klump;13;5.0;3.8;161.7;28.0;11.5;veg;666282;666285;6579403;6579407;666284;6579405;0
klump;19;8.3;5.0;137.8;28.0;11.5;veg;666280;666286;6579354;6579359;666283;6579357;0
klump;17;6.2;4.0;37.3;28.0;12.0;bygg;677727;677731;6576516;6576521;677729;6576518;0
klump;40;10.8;6.9;143.4;28.0;5.5;veg;673048;673056;6583713;6583723;673051;6583718;0
klump;15;5.1;3.9;9.5;28.0;6.5;veg;675347;675350;6575206;6575210;675349;6575208;0
klump;37;8.2;6.6;54.5;28.0;10.0;veg;674790;674797;6583703;6583709;674794;6583706;0
klump;8;4.2;2.8;162.7;28.0;13.0;veg;672102;672104;6585236;6585239;672103;6585237;0
klump;8;5.2;3.2;166.1;28.0;7.5;veg;678188;678190;6581929;6581932;678189;6581931;0
klump;34;10.3;6.6;14.6;28.0;5.5;veg;678342;678349;6580934;6580944;678345;6580940;0
klump;34;11.6;4.7;18.9;28.0;10.0;veg;672608;672614;6584015;6584024;672611;6584019;0
klump;27;6.6;5.7;39.0;28.0;6.0;veg;674872;674877;6583952;6583957;674874;6583954;0
klump;34;8.1;6.6;79.8;28.0;10.0;veg;672642;672648;6583850;6583855;672645;6583853;0
klump;12;6.0;3.2;175.9;28.0;6.5;veg;676628;676630;6575235;6575239;676629;6575237;0
klump;18;7.3;4.7;42.4;28.0;6.0;veg;676922;676927;6575010;6575015;676925;6575013;0
klump;25;7.1;5.5;90.1;28.0;12.5;veg;672688;672694;6583562;6583566;672691;6583564;0
klump;12;5.0;3.5;105.8;28.0;0.0;veg;674599;674603;6585090;6585093;674601;6585091;0
klump;14;10.0;2.9;9.3;28.0;9.0;veg;666112;666115;6581401;6581409;666113;6581405;0
klump;13;9.0;2.7;138.7;28.0;9.0;veg;674063;674068;6584075;6584080;674066;6584078;0
klump;44;10.2;6.9;4.1;28.0;10.0;veg;672409;672416;6584018;6584027;672412;6584022;0
klump;28;8.9;7.2;110.4;28.0;11.5;veg;674681;674689;6576787;6576793;674685;6576790;0
klump;17;6.4;4.1;167.3;28.0;8.0;veg;676933;676936;6575603;6575608;676934;6575605;0
klump;39;12.6;7.4;101.6;28.0;11.5;veg;677987;677999;6580260;6580267;677993;6580263;0
klump;16;6.8;4.8;64.3;28.0;5.0;veg;666120;666126;6584381;6584385;666123;6584383;0
klump;21;6.7;5.4;119.9;28.0;5.0;veg;671865;671870;6583330;6583335;671867;6583333;0
klump;24;6.6;5.7;43.9;28.0;0.0;veg;674429;674435;6584020;6584025;674432;6584022;0
klump;13;4.6;4.0;28.8;28.0;9.0;veg;674176;674179;6583986;6583990;674178;6583988;0
klump;11;4.9;3.9;89.0;28.0;10.0;veg;672637;672640;6584031;6584034;672639;6584033;0
klump;22;7.7;4.2;130.3;28.0;9.5;bygg;667698;667703;6584378;6584383;667700;6584380;0
klump;33;10.3;6.1;88.6;28.0;5.0;veg;672978;672986;6585234;6585239;672982;6585237;0
klump;40;10.6;8.7;97.6;28.0;11.5;veg;673269;673279;6577589;6577598;673274;6577594;0
klump;11;4.2;3.6;108.4;28.0;0.0;veg;674612;674615;6583839;6583842;674613;6583840;0
klump;23;10.1;4.0;63.3;28.0;4.0;veg;675775;675782;6584640;6584645;675779;6584643;0
klump;43;11.7;6.3;99.0;28.0;4.5;veg;676661;676671;6575068;6575074;676666;6575071;0
klump;11;6.5;3.9;179.7;28.0;8.5;veg;666260;666263;6580375;6580380;666261;6580378;0
klump;11;4.6;3.2;164.9;28.0;6.5;veg;676680;676682;6575213;6575216;676681;6575215;0
klump;18;5.5;4.6;113.8;28.0;10.0;veg;672366;672371;6584158;6584162;672368;6584160;0
klump;21;8.1;4.1;58.6;28.0;9.0;veg;666243;666249;6580025;6580030;666246;6580027;0
klump;10;4.4;3.8;21.8;28.0;0.0;veg;674575;674578;6583941;6583944;674576;6583942;0
klump;43;11.9;9.6;125.8;28.0;6.5;veg;674976;674987;6584584;6584594;674980;6584589;0
klump;12;4.7;4.3;78.7;28.0;7.0;veg;668976;668980;6579093;6579096;668978;6579094;0
klump;8;8.6;1.5;27.1;28.0;4.0;veg;673071;673074;6578216;6578221;673072;6578219;0
klump;10;3.9;3.8;26.6;28.0;0.0;veg;674604;674607;6583876;6583879;674605;6583878;0
klump;13;5.1;3.4;129.3;28.0;0.0;veg;675288;675291;6583354;6583357;675290;6583356;0
klump;12;6.4;3.0;25.9;28.0;6.0;veg;676977;676980;6575092;6575096;676978;6575094;0
klump;13;4.5;4.1;59.0;28.0;0.0;veg;674461;674464;6584028;6584031;674462;6584030;0
klump;16;5.4;4.8;49.7;28.0;6.0;veg;677059;677063;6575027;6575031;677061;6575028;0
klump;28;9.6;5.1;49.3;28.0;9.0;veg;675348;675355;6580386;6580392;675352;6580389;0
klump;14;5.6;4.2;16.3;28.0;10.0;veg;672685;672688;6583870;6583874;672686;6583872;0
klump;23;10.3;4.2;145.4;28.0;10.0;veg;672481;672487;6583979;6583986;672484;6583983;0
klump;22;8.6;4.1;153.3;28.0;0.0;veg;674995;675000;6583365;6583371;674998;6583368;0
klump;23;6.6;5.0;163.8;28.0;0.0;veg;675306;675310;6583581;6583587;675308;6583584;0
klump;19;6.8;4.6;127.0;28.0;13.0;veg;672158;672163;6584284;6584289;672161;6584286;0
klump;18;6.5;4.1;34.5;28.0;9.0;veg;673964;673968;6584066;6584071;673966;6584069;0
klump;13;4.9;4.0;24.0;28.0;4.5;veg;675658;675661;6575022;6575025;675659;6575024;0
klump;18;5.7;5.2;33.9;28.0;9.5;veg;677151;677156;6575644;6575649;677153;6575646;0
klump;18;5.6;4.7;80.8;28.0;0.0;veg;674801;674806;6583932;6583936;674804;6583934;0
klump;13;5.4;4.2;83.7;28.0;10.0;veg;672598;672602;6584019;6584022;672600;6584020;0
klump;21;8.2;5.1;111.3;28.0;6.5;veg;677658;677664;6583856;6583861;677661;6583859;0
klump;17;6.4;3.9;35.5;28.0;0.0;veg;674984;674988;6583608;6583612;674986;6583610;0
klump;12;6.4;3.2;160.1;28.0;9.0;veg;674058;674061;6584052;6584057;674060;6584055;0
klump;17;6.1;4.9;101.8;28.0;4.5;veg;676660;676665;6575048;6575052;676663;6575050;0
klump;20;6.4;4.9;117.8;28.0;6.0;veg;676969;676974;6575071;6575075;676971;6575073;0
klump;8;5.2;3.2;39.8;28.0;6.5;veg;676707;676710;6575204;6575207;676709;6575206;0
klump;38;10.8;5.9;63.1;28.0;10.0;veg;672292;672301;6584221;6584228;672296;6584224;0
klump;12;5.6;3.8;129.4;28.0;10.5;veg;677831;677835;6581896;6581900;677833;6581898;0
klump;15;5.6;4.9;21.0;28.0;9.0;veg;674077;674081;6583999;6584004;674079;6584001;0
klump;28;7.4;5.2;125.7;28.0;0.0;veg;675304;675310;6583340;6583345;675307;6583342;0
klump;24;9.6;7.1;71.0;28.0;12.0;veg;677782;677790;6576678;6576685;677786;6576682;0
klump;18;9.4;4.2;84.8;28.0;12.5;bygg+veg;669782;669790;6577157;6577161;669786;6577159;0
klump;38;12.2;5.5;144.7;28.0;0.0;veg;674765;674773;6584059;6584069;674769;6584064;0
klump;9;7.5;2.4;135.0;28.0;13.0;veg;672056;672060;6585148;6585152;672058;6585150;0
klump;14;6.8;4.3;108.4;28.0;9.0;veg;673942;673947;6583954;6583958;673945;6583956;0
klump;10;4.4;3.6;54.2;28.0;11.5;veg;673147;673150;6577560;6577563;673149;6577561;0
klump;11;4.8;3.2;30.3;28.0;13.0;veg;672212;672215;6584985;6584988;672213;6584986;0
klump;34;8.5;6.8;120.5;28.0;4.5;veg;672610;672617;6584741;6584748;672613;6584744;0
klump;12;5.1;3.4;56.8;28.0;6.5;veg;676518;676521;6575486;6575489;676519;6575488;0
klump;10;4.9;3.6;60.3;28.0;3.0;veg;678175;678178;6581727;6581730;678177;6581728;0
klump;14;5.8;3.5;7.5;28.0;10.0;veg;674805;674808;6583741;6583746;674807;6583743;0
klump;35;13.1;8.0;169.1;28.0;4.5;veg;672420;672427;6584464;6584475;672423;6584470;0
klump;30;7.7;5.8;4.7;28.0;4.5;veg;675792;675797;6575038;6575045;675795;6575042;0
klump;8;5.2;2.7;169.7;28.0;4.0;veg;675793;675795;6584655;6584659;675794;6584657;0
klump;12;6.0;3.2;1.1;28.0;0.0;veg;674564;674566;6583854;6583859;674565;6583856;0
klump;11;5.7;3.0;85.2;28.0;10.0;veg;672551;672556;6584152;6584154;672554;6584153;0
klump;28;11.0;5.5;120.2;28.0;14.5;veg;670074;670083;6582498;6582505;670078;6582502;0
klump;8;5.2;3.0;149.5;28.0;7.5;veg;668275;668278;6578998;6579001;668276;6579000;0
klump;13;4.8;4.2;140.1;28.0;0.0;veg;675260;675264;6584989;6584993;675262;6584991;0
klump;36;11.5;7.1;135.9;28.0;9.0;veg;674014;674022;6584046;6584055;674018;6584050;0
klump;18;6.8;4.7;170.8;28.0;0.0;veg;674833;674837;6585066;6585072;674834;6585069;0
klump;9;4.9;2.5;153.4;28.0;11.5;bygg;673127;673129;6577340;6577343;673128;6577341;0
klump;34;8.3;6.0;2.1;28.0;8.0;veg;677113;677119;6575465;6575472;677116;6575468;0
klump;22;7.1;4.6;72.3;28.0;0.0;veg;674712;674718;6585090;6585094;674716;6585092;0
klump;12;5.9;3.2;11.3;28.0;9.0;veg;676446;676448;6584141;6584145;676447;6584143;0
klump;22;6.3;5.0;137.0;28.0;6.5;veg;676509;676514;6575574;6575579;676512;6575576;0
klump;15;6.1;4.0;120.8;28.0;0.0;veg;674706;674711;6585242;6585246;674709;6585244;0
klump;11;7.4;3.1;75.2;28.0;4.0;veg;675762;675767;6584650;6584653;675765;6584651;0
klump;43;8.9;7.6;24.3;28.0;9.5;veg;672041;672048;6584681;6584690;672045;6584686;0
klump;13;5.4;3.8;82.9;28.0;0.0;veg;674410;674414;6584058;6584061;674412;6584060;0
klump;13;7.9;4.6;31.0;28.0;9.5;veg;677751;677756;6581420;6581426;677754;6581423;0
klump;11;4.8;3.2;139.0;28.0;12.0;veg;677726;677729;6576611;6576614;677728;6576613;0
klump;27;9.6;5.1;78.6;28.0;6.5;veg;676632;676640;6575219;6575225;676637;6575222;0
klump;12;5.2;3.5;41.2;28.0;0.0;veg;674652;674655;6585247;6585251;674653;6585249;0
klump;29;7.6;6.2;75.4;28.0;9.0;veg;673491;673498;6584242;6584248;673495;6584245;0
klump;37;12.1;7.1;177.5;28.0;9.0;veg;674036;674044;6583972;6583983;674040;6583979;0
klump;13;5.3;3.9;26.3;28.0;7.5;veg;678222;678225;6581822;6581826;678223;6581824;0
klump;22;9.5;4.5;96.5;28.0;10.0;veg;674623;674631;6583791;6583796;674627;6583794;0
klump;16;8.2;3.6;115.5;28.0;0.0;veg;674535;674542;6585120;6585124;674538;6585122;0
klump;20;10.4;3.4;5.5;28.0;6.5;veg;676693;676696;6575201;6575209;676694;6575205;0
klump;8;4.5;2.6;135.0;28.0;6.0;veg;675045;675048;6583952;6583955;675046;6583954;0
klump;22;7.4;5.0;118.2;28.0;6.0;veg;676991;676997;6575062;6575067;676994;6575065;0
klump;17;6.0;5.0;165.1;28.0;10.0;veg;672637;672641;6584056;6584061;672639;6584059;0
klump;10;5.7;3.4;159.0;28.0;14.5;veg;678143;678146;6583495;6583499;678145;6583497;0
klump;11;4.8;3.6;56.5;28.0;9.0;veg;673982;673985;6583960;6583963;673984;6583961;0
klump;13;7.5;3.0;160.5;28.0;0.0;veg;674625;674628;6585102;6585107;674627;6585104;0
klump;21;5.6;5.1;143.8;28.0;10.5;veg;674942;674947;6582787;6582791;674944;6582789;0
klump;15;5.6;5.1;90.0;28.0;8.0;veg;677016;677020;6575537;6575541;677018;6575539;0
klump;8;4.9;3.0;150.8;28.0;9.0;veg;666112;666114;6581425;6581428;666113;6581426;0
klump;18;7.0;3.9;11.8;28.0;11.5;veg;674011;674015;6585086;6585092;674013;6585089;0
klump;14;6.3;3.6;166.4;28.0;0.0;veg;674721;674724;6585281;6585286;674723;6585284;0
klump;24;6.3;5.9;123.0;28.0;9.0;veg;674198;674203;6584100;6584105;674201;6584102;0
klump;16;5.2;4.4;0.9;28.0;10.0;veg;672284;672287;6584169;6584173;672285;6584171;0
klump;8;7.3;1.8;176.1;28.0;14.5;veg;676972;676973;6582639;6582644;676973;6582642;0
klump;10;4.8;2.9;108.2;28.0;15.0;veg;675165;675168;6577321;6577323;675166;6577322;0
klump;10;5.0;2.9;37.5;28.0;4.0;veg;675778;675781;6584648;6584651;675779;6584650;0
klump;20;11.7;5.2;100.7;28.0;0.0;veg;674611;674619;6583819;6583823;674615;6583821;0
klump;8;4.8;3.5;90.0;28.0;6.5;veg;676825;676828;6575155;6575157;676826;6575156;0
klump;11;4.8;3.6;31.0;28.0;12.0;bygg;677771;677774;6576501;6576504;677773;6576502;0
klump;10;6.3;3.2;3.5;28.0;12.0;bygg;677686;677688;6576530;6576535;677687;6576532;0
klump;15;6.0;4.1;2.1;28.0;0.0;veg;674567;674570;6584130;6584135;674568;6584133;0
klump;11;5.7;3.3;4.3;28.0;6.0;veg;666318;666320;6582326;6582330;666319;6582328;0
klump;12;4.9;3.6;0.0;28.0;4.0;veg;675804;675807;6584674;6584678;675805;6584676;0
klump;9;5.6;2.7;108.7;28.0;5.5;veg;678089;678093;6581185;6581187;678091;6581186;0
klump;8;8.4;1.7;127.1;28.0;6.5;veg;675140;675145;6584685;6584688;675143;6584687;0
klump;9;3.5;3.5;0.0;28.0;0.0;veg;674569;674571;6583854;6583856;674570;6583855;0
klump;9;4.1;3.0;69.7;28.0;0.0;veg;674398;674401;6585341;6585343;674400;6585342;0
klump;8;4.7;2.9;52.0;28.0;11.0;veg;674302;674305;6583550;6583553;674303;6583552;1
klump;17;10.1;3.7;104.5;28.0;11.5;veg;677731;677738;6575918;6575922;677734;6575920;0
klump;18;5.2;4.7;112.7;28.0;10.5;veg;677704;677708;6581972;6581976;677706;6581974;0
klump;13;5.9;4.3;140.7;28.0;11.5;bygg;667360;667364;6576382;6576386;667362;6576385;0
klump;20;6.3;5.7;58.4;28.0;9.0;veg;673902;673907;6584227;6584232;673904;6584230;0
klump;10;4.8;2.9;18.2;28.0;9.0;veg;674003;674005;6583934;6583937;674004;6583936;0
klump;10;6.3;2.6;142.9;28.0;11.5;bygg;676482;676485;6576248;6576252;676484;6576250;0
klump;9;4.3;3.4;17.3;28.0;0.0;veg;674430;674432;6585289;6585292;674431;6585291;0
klump;13;5.1;3.9;155.5;28.0;11.0;veg;674217;674220;6583615;6583619;674219;6583617;0
klump;14;5.8;3.9;83.4;28.0;9.5;veg;677090;677095;6575679;6575682;677093;6575680;0
klump;20;5.5;5.1;161.7;28.0;6.5;veg;675677;675681;6575123;6575127;675679;6575125;0
klump;12;5.0;3.8;164.0;28.0;7.5;veg;666773;666776;6580786;6580789;666775;6580788;0
klump;9;5.1;3.6;156.8;28.0;12.0;veg;677858;677861;6576999;6577003;677860;6577001;0
klump;8;5.2;3.0;172.9;28.0;6.5;veg;676645;676647;6575110;6575113;676646;6575111;0
klump;19;5.9;5.0;4.6;28.0;9.5;veg;672082;672086;6584466;6584471;672084;6584469;0
klump;32;9.9;5.1;152.5;28.0;6.0;veg;674817;674823;6583928;6583936;674821;6583932;0
klump;10;4.1;3.3;0.0;28.0;0.0;veg;674418;674420;6585311;6585314;674419;6585312;0
klump;9;3.5;3.5;0.0;28.0;0.0;veg;674765;674767;6585254;6585256;674766;6585255;0
klump;10;4.3;3.3;63.4;28.0;12.5;veg;668493;668496;6577831;6577833;668494;6577832;0
klump;11;5.1;3.0;177.5;28.0;12.5;bygg;674662;674664;6577345;6577349;674663;6577347;0
klump;11;4.5;4.4;0.0;28.0;0.0;veg;674746;674750;6585098;6585102;674748;6585100;0
klump;14;4.6;4.5;33.7;28.0;6.0;veg;674935;674939;6583879;6583883;674937;6583881;0
klump;15;6.1;3.7;140.1;28.0;0.0;veg;674692;674696;6584129;6584133;674694;6584131;0
klump;11;5.1;3.7;97.7;28.0;9.0;veg;668864;668868;6577780;6577783;668866;6577782;0
klump;9;4.8;3.5;148.8;28.0;10.0;veg;672666;672669;6584031;6584034;672668;6584032;0
klump;13;5.6;3.4;6.6;28.0;7.5;veg;668264;668267;6578998;6579002;668265;6579000;0
klump;11;5.1;3.4;149.3;28.0;10.0;veg;674622;674625;6583734;6583738;674623;6583736;0
klump;8;4.1;3.2;136.2;28.0;7.5;veg;668245;668248;6578951;6578954;668246;6578952;0
klump;10;3.9;3.8;63.4;28.0;0.0;veg;674560;674563;6583906;6583909;674561;6583908;0
klump;11;4.3;3.7;129.7;28.0;4.5;veg;675557;675560;6575025;6575028;675558;6575027;0
klump;9;5.5;3.2;52.8;28.0;9.0;veg;673918;673922;6584020;6584023;673920;6584022;0
klump;23;11.0;3.6;96.9;28.0;11.5;bygg;667429;667438;6576408;6576411;667434;6576409;0
klump;21;6.4;5.3;150.6;28.0;8.0;veg;676731;676736;6575705;6575711;676734;6575708;0
klump;30;13.2;4.3;60.3;28.0;9.0;veg;674228;674237;6583980;6583987;674233;6583984;0
klump;21;5.8;5.0;138.3;28.0;7.0;veg;666703;666707;6579261;6579266;666705;6579264;0
klump;13;5.5;3.5;37.7;28.0;9.0;veg;674138;674141;6584019;6584023;674139;6584021;0
klump;15;5.0;4.5;161.6;28.0;0.0;veg;674673;674677;6585030;6585034;674675;6585032;0
klump;11;5.6;3.8;156.5;28.0;3.0;veg;677894;677897;6581674;6581678;677895;6581676;0
klump;10;11.5;1.5;175.9;28.0;14.5;veg;676971;676972;6582646;6582654;676972;6582650;0
klump;8;6.7;3.3;148.9;28.0;10.5;veg;671103;671106;6578642;6578646;671105;6578645;0
klump;16;6.0;3.8;52.0;28.0;10.0;veg;672526;672530;6584176;6584180;672528;6584178;0
klump;21;8.9;3.3;173.2;28.0;0.0;veg;674693;674696;6585022;6585030;674694;6585026;0
klump;21;6.8;5.0;35.5;28.0;10.0;veg;672358;672363;6584143;6584148;672361;6584145;0
klump;22;6.1;5.2;47.0;28.0;9.0;veg;674041;674046;6584045;6584050;674044;6584048;0
klump;13;5.1;3.9;115.3;28.0;10.0;veg;674422;674426;6583714;6583717;674424;6583715;0
klump;16;8.5;4.4;42.4;28.0;10.0;veg;672523;672529;6584092;6584098;672526;6584095;0
klump;9;6.8;2.8;172.7;28.0;9.0;veg;666112;666114;6581411;6581415;666113;6581413;0
klump;14;5.4;4.4;0.0;28.0;6.5;veg;676611;676615;6575120;6575125;676613;6575123;0
klump;10;4.3;3.3;116.6;28.0;10.0;veg;674649;674652;6583736;6583738;674651;6583737;0
klump;10;5.3;3.4;23.8;28.0;9.0;veg;674268;674271;6583914;6583917;674270;6583916;0
klump;8;5.2;3.4;112.9;28.0;15.0;veg;675217;675221;6577640;6577643;675219;6577642;0
klump;13;5.5;3.5;32.7;28.0;7.5;veg;668298;668301;6579020;6579024;668299;6579022;0
klump;8;4.1;3.3;84.6;28.0;10.0;veg;674613;674616;6583767;6583769;674614;6583768;0
klump;9;5.6;3.0;99.2;28.0;6.5;veg;676685;676689;6575146;6575148;676687;6575147;0
klump;9;4.0;3.8;28.2;28.0;7.5;veg;678066;678069;6581887;6581890;678068;6581889;0
klump;16;14.0;1.9;62.8;28.0;9.5;veg;666836;666846;6575262;6575267;666841;6575264;0
klump;11;6.3;2.8;134.7;28.0;5.5;veg;678389;678392;6580916;6580920;678390;6580918;0
klump;17;9.6;3.6;155.3;28.0;9.5;veg;677877;677881;6581679;6581686;677879;6581682;0
klump;8;3.7;3.0;0.0;28.0;0.0;veg;674662;674664;6584041;6584044;674663;6584042;0
klump;12;4.7;3.4;90.0;28.0;0.0;veg;678673;678676;6575934;6575936;678674;6575935;0
klump;22;10.3;4.0;65.8;28.0;0.0;veg;674454;674461;6583835;6583840;674458;6583837;0
klump;12;5.9;3.8;145.0;28.0;9.0;veg;674158;674161;6584073;6584078;674159;6584076;0
klump;15;5.1;4.3;138.3;28.0;0.0;veg;675007;675011;6583452;6583456;675009;6583454;0
klump;12;5.2;4.2;18.8;28.0;6.0;veg;666332;666335;6582315;6582319;666333;6582317;0
klump;10;5.2;4.1;102.2;28.0;10.5;veg;677639;677643;6581909;6581912;677641;6581911;0
klump;13;5.2;3.7;15.7;28.0;11.0;veg;674105;674108;6583638;6583642;674107;6583640;0
klump;8;4.3;2.9;76.4;28.0;12.5;veg;668490;668493;6577857;6577859;668491;6577858;0
klump;10;3.9;3.8;153.4;28.0;0.0;veg;674768;674771;6585055;6585058;674769;6585056;0
klump;15;6.6;4.4;118.5;28.0;10.5;veg;672922;672927;6584405;6584409;672925;6584407;0
klump;8;4.0;3.0;34.7;28.0;0.0;veg;674645;674647;6585242;6585245;674646;6585244;0
klump;10;8.2;2.5;158.3;28.0;14.0;veg;671642;671645;6579435;6579441;671644;6579438;0
klump;10;5.3;2.7;29.8;28.0;0.0;veg;674579;674581;6585125;6585129;674580;6585127;0
klump;8;5.8;3.6;13.3;28.0;13.5;veg;674869;674872;6576769;6576773;674870;6576770;0
klump;14;7.5;5.2;116.4;28.0;8.5;veg;670553;670558;6579471;6579476;670555;6579473;0
klump;10;4.6;3.7;109.3;28.0;0.0;veg;674394;674397;6584084;6584087;674396;6584085;0
klump;9;10.1;1.9;57.1;28.0;4.5;veg;674800;674806;6584594;6584598;674803;6584597;0
klump;10;4.1;3.3;90.0;28.0;9.0;veg;674053;674056;6584044;6584046;674054;6584045;0
klump;8;3.7;2.9;135.0;28.0;0.0;veg;674611;674613;6585146;6585148;674612;6585147;0
klump;9;4.9;3.0;76.0;28.0;4.5;veg;676767;676771;6575070;6575072;676769;6575071;0
klump;8;5.8;3.6;143.6;28.0;14.5;veg;676384;676387;6583749;6583753;676385;6583751;0
klump;17;5.8;4.5;48.6;28.0;6.5;veg;676736;676740;6575166;6575170;676738;6575167;0
klump;14;5.0;3.7;135.0;28.0;0.0;veg;674480;674483;6583920;6583923;674482;6583922;0
klump;8;3.7;2.9;135.0;28.0;0.0;veg;674813;674815;6583921;6583923;674814;6583922;0
klump;14;7.0;3.4;139.7;28.0;7.5;veg;667589;667593;6579503;6579507;667591;6579505;0
klump;8;4.8;3.7;82.8;28.0;10.0;veg;672425;672428;6584096;6584099;672426;6584098;0
klump;8;9.3;1.7;128.4;28.0;0.0;veg;674392;674397;6584958;6584962;674394;6584960;0
klump;8;3.7;3.0;90.0;28.0;6.0;veg;674855;674858;6583847;6583849;674856;6583848;0
klump;12;6.0;3.7;127.7;28.0;0.0;veg;674596;674600;6585165;6585168;674598;6585166;0
klump;12;6.9;2.9;174.2;28.0;7.5;veg;678084;678086;6581854;6581859;678085;6581856;0
klump;12;4.6;4.0;45.0;28.0;9.0;veg;673995;673998;6583886;6583889;673997;6583888;0
klump;8;4.5;3.0;26.0;28.0;11.0;veg;674248;674250;6583600;6583603;674249;6583601;0
klump;10;5.4;3.9;178.5;28.0;7.5;veg;667000;667003;6581039;6581043;667002;6581041;0
klump;8;4.5;3.0;116.0;28.0;4.5;veg;676648;676651;6575076;6575078;676649;6575077;0
klump;22;8.7;5.1;139.1;27.5;0.0;veg;675280;675285;6583700;6583706;675282;6583703;0
klump;72;15.0;7.9;174.1;27.5;11.5;veg;675922;675930;6583345;6583358;675926;6583352;0
klump;48;10.0;7.3;152.8;27.5;10.0;veg;671580;671587;6584144;6584152;671583;6584148;0
klump;21;6.6;5.1;27.9;27.5;0.0;veg;674643;674647;6583828;6583834;674645;6583831;0
klump;18;6.9;3.8;6.1;27.5;0.0;veg;674640;674643;6585259;6585265;674641;6585262;0
klump;55;13.6;7.9;85.1;27.5;11.5;veg;675931;675944;6583301;6583308;675937;6583304;0
klump;52;11.6;7.7;172.9;27.5;6.0;veg;674705;674712;6576275;6576286;674708;6576280;0
klump;19;7.9;5.0;178.8;27.5;6.0;veg;666240;666244;6582401;6582408;666242;6582404;0
klump;13;4.5;3.8;45.0;27.5;0.0;veg;674795;674798;6585148;6585151;674796;6585149;0
klump;17;5.6;4.4;36.6;27.5;6.0;veg;675719;675723;6584832;6584836;675721;6584834;0
klump;9;4.3;3.1;12.0;27.5;9.0;veg;674060;674062;6584113;6584116;674061;6584115;0
klump;113;24.4;12.0;68.4;27.5;12.5;veg;672687;672709;6583723;6583740;672699;6583733;0
klump;18;7.9;4.2;95.3;27.5;7.5;veg;678025;678031;6581876;6581880;678028;6581878;0
klump;11;4.9;3.6;0.0;27.5;8.0;veg;677086;677088;6575552;6575555;677087;6575554;0
klump;82;14.8;9.5;110.0;27.5;13.5;veg;675887;675902;6576589;6576600;675895;6576594;0
klump;43;10.3;9.4;159.3;27.5;8.5;veg;677308;677316;6580847;6580856;677312;6580851;0
klump;11;4.7;3.6;90.0;27.5;10.0;veg;672314;672318;6584086;6584089;672316;6584087;0
klump;23;6.1;5.2;10.7;27.5;0.0;veg;674658;674662;6584119;6584124;674660;6584121;0
klump;26;7.2;5.9;40.6;27.5;5.0;veg;671805;671811;6583436;6583442;671808;6583439;0
klump;38;11.8;7.7;153.9;27.5;10.0;veg;672459;672467;6584022;6584032;672463;6584027;0
klump;47;13.0;7.2;44.1;27.5;12.5;veg;672704;672713;6583648;6583658;672709;6583653;0
klump;23;7.8;4.9;172.8;27.5;0.0;veg;674418;674422;6583851;6583857;674420;6583854;0
klump;231;22.8;18.0;3.8;27.5;9.5;bygg;669950;669966;6583995;6584015;669958;6584005;0
klump;9;5.7;3.0;122.7;27.5;6.0;veg;666562;666566;6580761;6580764;666564;6580762;0
klump;21;8.1;5.2;43.6;27.5;8.5;veg;677696;677702;6581124;6581130;677699;6581127;0
klump;342;29.1;19.5;23.3;27.5;8.5;bygg;673288;673310;6575668;6575695;673299;6575681;0
klump;114;23.0;8.5;0.2;27.5;7.0;bygg;669775;669784;6584832;6584852;669779;6584841;0
klump;16;8.6;3.4;14.9;27.5;0.0;veg;674614;674617;6585222;6585228;674615;6585225;0
klump;21;8.2;3.7;174.7;27.5;5.5;veg;678396;678399;6581087;6581094;678397;6581091;0
klump;21;6.9;4.3;9.0;27.5;0.0;veg;675282;675286;6583631;6583637;675284;6583634;0
klump;68;18.6;6.8;84.8;27.5;6.5;veg;676601;676616;6575240;6575247;676609;6575243;0
klump;25;9.5;4.3;142.1;27.5;9.5;veg;672067;672073;6584674;6584681;672070;6584677;0
klump;61;11.6;8.0;80.5;27.5;6.0;veg;674666;674676;6576257;6576264;674671;6576261;0
klump;26;8.1;7.4;56.5;27.5;0.0;veg;674801;674809;6584183;6584190;674805;6584187;0
klump;102;18.8;8.5;58.6;27.5;9.5;bygg+veg;667818;667834;6584329;6584343;667826;6584335;0
klump;48;17.8;6.5;52.9;27.5;10.0;veg;672458;672472;6583986;6583997;672464;6583991;0
klump;23;8.8;4.7;29.1;27.5;0.0;veg;674749;674755;6584007;6584013;674752;6584010;0
klump;28;8.4;6.4;101.5;27.5;8.5;veg;677573;677581;6580764;6580769;677577;6580767;0
klump;43;11.6;8.3;141.8;27.5;4.5;veg;672581;672591;6584539;6584549;672586;6584544;0
klump;17;6.0;4.4;170.0;27.5;8.0;veg;676927;676930;6575603;6575608;676928;6575606;0
klump;70;15.2;10.2;51.1;27.5;11.5;veg;674532;674545;6576771;6576783;674538;6576776;0
klump;15;5.2;4.2;35.8;27.5;0.0;veg;674606;674610;6583899;6583903;674608;6583901;0
klump;38;9.8;7.0;33.8;27.5;9.0;veg;673977;673985;6584032;6584041;673982;6584036;0
klump;67;14.7;9.9;49.7;27.5;5.5;veg;672994;673005;6583620;6583632;672999;6583625;0
klump;37;12.8;5.8;148.6;27.5;10.0;veg;672519;672526;6584043;6584053;672522;6584047;0
klump;58;10.2;8.8;0.9;27.5;8.5;veg;676264;676272;6580533;6580542;676268;6580538;0
klump;35;11.7;6.1;36.6;27.5;9.5;veg;672244;672251;6584364;6584373;672247;6584369;0
klump;17;6.1;4.8;61.3;27.5;5.0;veg;671857;671862;6583327;6583331;671859;6583329;0
klump;36;14.2;5.0;118.8;27.5;0.0;veg;675236;675246;6583731;6583738;675240;6583734;0
klump;76;18.1;9.4;66.7;27.5;10.0;veg;672363;672378;6584106;6584118;672370;6584114;0
klump;20;6.5;4.2;96.0;27.5;10.0;veg;672339;672345;6584114;6584117;672342;6584116;0
klump;25;10.2;4.6;164.0;27.5;11.5;veg;666280;666284;6579361;6579369;666282;6579365;0
klump;18;6.9;4.3;12.6;27.5;4.0;veg;675776;675780;6584706;6584711;675778;6584708;0
klump;16;6.2;4.9;162.0;27.5;8.5;veg;676932;676936;6580870;6580875;676935;6580872;0
klump;13;10.8;3.1;125.5;27.5;13.0;veg;671974;671980;6584944;6584949;671977;6584947;0
klump;25;9.9;5.2;177.5;27.5;0.0;veg;674529;674534;6583851;6583859;674532;6583855;0
klump;52;12.1;7.8;176.7;27.5;6.0;veg;671682;671690;6582110;6582122;671686;6582117;0
klump;44;9.5;8.1;66.1;27.5;8.5;veg;677811;677819;6581126;6581133;677815;6581129;0
klump;41;15.8;4.6;63.6;27.5;10.0;veg;672502;672513;6584181;6584189;672508;6584185;0
klump;57;12.0;8.9;2.7;27.5;6.0;veg;674679;674688;6576087;6576098;674685;6576092;0
klump;39;9.2;7.5;131.7;27.5;9.0;veg;673865;673873;6583981;6583989;673869;6583986;0
klump;17;5.3;4.2;164.8;27.5;0.0;veg;674549;674552;6583865;6583869;674550;6583867;0
klump;15;7.1;4.7;113.7;27.5;5.0;veg;672110;672115;6583337;6583341;672113;6583339;0
klump;65;17.4;8.1;167.8;27.5;0.0;veg;675275;675284;6583600;6583617;675279;6583609;0
klump;11;4.8;3.2;149.7;27.5;4.5;veg;675698;675701;6575036;6575039;675700;6575037;0
klump;86;15.0;9.1;152.1;27.5;6.0;veg;675100;675111;6583878;6583891;675105;6583884;0
klump;19;5.9;5.5;94.6;27.5;10.0;veg;673359;673365;6584400;6584405;673362;6584402;0
klump;11;4.9;3.7;172.6;27.5;6.5;veg;675171;675174;6584758;6584761;675172;6584759;0
klump;37;10.5;5.5;9.6;27.5;4.5;veg;674559;674564;6584481;6584490;674561;6584485;0
klump;14;5.7;3.4;46.5;27.5;0.0;veg;674492;674496;6583864;6583867;674494;6583866;0
klump;28;7.4;5.7;121.5;27.5;10.0;veg;674805;674811;6583459;6583464;674808;6583461;0
klump;37;12.0;6.6;63.3;27.5;12.0;veg;677743;677752;6576761;6576769;677747;6576765;0
klump;44;10.7;8.3;133.4;27.5;0.0;veg;675155;675164;6583689;6583699;675160;6583695;0
klump;10;5.8;3.6;62.7;27.5;9.5;veg;677876;677880;6581726;6581729;677879;6581727;0
klump;46;11.5;9.0;104.1;27.5;4.5;veg;672560;672571;6584420;6584429;672565;6584424;0
klump;30;9.7;6.0;1.6;27.5;5.0;veg;671998;672004;6583449;6583457;672001;6583453;0
klump;39;9.0;6.6;4.0;27.5;12.0;veg;677471;677477;6576247;6576256;677474;6576252;0
klump;13;5.1;3.9;174.1;27.5;0.0;veg;675165;675168;6583655;6583659;675167;6583657;0
klump;13;14.7;1.2;86.7;27.5;14.5;veg;676865;676876;6582562;6582563;676871;6582562;0
klump;21;7.0;4.9;8.8;27.5;0.0;veg;674624;674628;6585130;6585136;674626;6585133;0
klump;15;5.3;4.0;114.5;27.5;8.5;veg;678337;678341;6575978;6575981;678339;6575979;0
klump;45;11.2;6.3;117.0;27.5;10.0;veg;672339;672348;6584133;6584142;672343;6584138;0
klump;24;6.9;5.9;69.2;27.5;12.5;veg;673465;673471;6578962;6578967;673468;6578964;0
klump;22;8.2;4.9;115.9;27.5;8.0;veg;676895;676902;6575586;6575591;676899;6575589;0
klump;41;10.7;8.2;155.0;27.5;6.0;veg;674839;674846;6583913;6583922;674843;6583918;0
klump;92;14.8;11.7;51.7;27.5;11.5;veg;675131;675144;6577678;6577692;675137;6577686;0
klump;26;10.4;6.0;156.3;27.5;9.0;veg;666124;666130;6581462;6581471;666127;6581466;0
klump;20;5.7;4.9;66.2;27.5;0.0;veg;674927;674932;6585145;6585149;674930;6585147;0
klump;52;11.8;10.5;83.1;27.5;4.0;veg;675653;675663;6584746;6584756;675657;6584751;0
klump;16;7.5;3.7;159.4;27.5;0.0;veg;674442;674446;6583905;6583910;674444;6583907;0
klump;21;17.8;1.9;162.1;27.5;12.5;veg;675934;675939;6584259;6584272;675937;6584265;0
klump;441;31.6;19.2;9.8;27.5;7.5;bygg;674781;674800;6575192;6575220;674791;6575205;0
klump;11;7.1;2.6;162.1;27.5;10.0;veg;674523;674525;6583342;6583347;674524;6583344;0
klump;66;11.0;8.8;115.9;27.5;11.5;veg;674933;674943;6577975;6577984;674938;6577979;0
klump;19;7.2;5.9;66.6;27.5;0.0;veg;674460;674466;6585339;6585343;674463;6585341;0
klump;11;4.9;3.6;90.0;27.5;7.5;veg;678070;678073;6581906;6581908;678071;6581907;0
klump;21;6.7;5.9;85.0;27.5;10.5;veg;674919;674925;6582784;6582789;674922;6582786;0
klump;14;5.7;4.1;105.9;27.5;8.0;veg;676780;676785;6575757;6575760;676782;6575759;0
klump;9;4.0;3.3;172.4;27.5;11.0;veg;674281;674283;6583622;6583625;674282;6583623;0
klump;18;6.6;4.1;97.7;27.5;13.0;veg;672107;672112;6584204;6584207;672110;6584205;0
klump;13;8.6;3.3;107.2;27.5;10.5;veg;672818;672824;6584396;6584399;672821;6584397;0
klump;13;8.8;3.0;155.4;27.5;11.5;veg;670926;670930;6578917;6578923;670928;6578920;0
klump;20;6.7;4.8;173.3;27.5;9.0;veg;674175;674179;6584057;6584063;674177;6584060;0
klump;34;10.8;7.2;33.2;27.5;6.5;veg;672773;672780;6584032;6584040;672776;6584035;0
klump;13;5.1;3.9;25.3;27.5;10.0;veg;672631;672634;6584105;6584109;672632;6584107;0
klump;19;6.1;4.4;132.4;27.5;10.0;veg;671570;671575;6584124;6584129;671573;6584127;0
klump;51;14.6;6.5;34.0;27.5;12.0;veg;674708;674718;6583240;6583252;674713;6583246;0
klump;17;8.2;3.8;154.9;27.5;10.0;veg;672507;672511;6584172;6584178;672509;6584176;0
klump;20;8.4;4.5;3.8;27.5;6.0;veg;674016;674020;6575538;6575545;674018;6575542;0
klump;10;5.2;3.1;166.0;27.5;0.0;veg;674810;674812;6583888;6583892;674811;6583890;0
klump;12;4.6;3.7;145.3;27.5;0.0;veg;675245;675248;6583636;6583639;675247;6583638;0
klump;13;5.9;4.0;107.1;27.5;0.0;veg;674471;674476;6585264;6585267;674473;6585266;0
klump;108;14.6;12.9;141.8;27.5;9.5;bygg;677332;677347;6575802;6575818;677340;6575811;0
klump;9;4.5;2.8;174.0;27.5;11.5;veg;674216;674218;6585050;6585053;674217;6585051;0
klump;9;5.1;3.2;126.6;27.5;7.0;veg;666792;666795;6579268;6579271;666794;6579269;0
klump;84;15.8;10.4;160.6;27.5;8.0;veg;676468;676480;6580180;6580194;676474;6580187;0
klump;25;6.4;5.9;99.1;27.5;10.0;veg;672309;672315;6584199;6584204;672311;6584201;0
klump;55;16.6;8.0;89.1;27.5;10.5;veg;672887;672900;6584464;6584471;672893;6584467;0
klump;8;4.4;2.7;155.6;27.5;4.5;veg;676694;676696;6575006;6575009;676695;6575008;0
klump;38;9.4;6.7;117.7;27.5;9.5;bygg;677311;677320;6575935;6575941;677316;6575938;0
klump;24;9.3;4.4;89.3;27.5;0.0;veg;674598;674605;6584128;6584132;674601;6584130;0
klump;8;4.3;3.3;83.0;27.5;0.0;veg;667718;667721;6578387;6578389;667719;6578388;0
klump;19;9.3;3.3;112.9;27.5;0.0;veg;675318;675325;6583353;6583357;675322;6583355;0
klump;29;10.5;5.9;136.4;27.5;6.5;veg;672858;672865;6583922;6583930;672862;6583926;0
klump;49;16.2;5.8;163.2;27.5;0.0;veg;674462;674468;6583849;6583862;674465;6583855;0
klump;11;4.8;3.7;10.1;27.5;12.5;veg;672699;672702;6583646;6583650;672700;6583648;0
klump;37;11.2;7.6;127.9;27.5;6.5;veg;675046;675054;6584427;6584436;675051;6584432;0
klump;33;9.9;6.1;170.2;27.5;0.0;veg;669419;669426;6578589;6578598;669422;6578593;0
klump;10;4.4;3.3;71.6;27.5;4.5;veg;676724;676727;6575019;6575022;676726;6575020;0
klump;10;7.0;3.2;114.6;27.5;14.0;veg;670527;670532;6578703;6578706;670529;6578705;0
klump;15;7.1;4.3;63.4;27.5;10.5;veg;674842;674847;6583055;6583059;674845;6583057;0
klump;18;5.6;4.7;20.6;27.5;8.0;veg;677064;677068;6575562;6575567;677066;6575564;0
klump;15;5.1;4.7;75.1;27.5;10.5;veg;674866;674870;6583240;6583244;674868;6583242;0
klump;60;11.9;9.6;34.3;27.5;5.0;veg;671907;671917;6583483;6583494;671912;6583489;0
klump;17;8.6;4.6;155.2;27.5;9.0;veg;666112;666116;6581269;6581275;666114;6581272;0
klump;24;8.9;5.0;156.2;27.5;9.5;veg;672099;672104;6584318;6584325;672101;6584321;1
klump;28;7.7;6.2;167.2;27.5;10.0;veg;674765;674771;6583461;6583468;674768;6583464;0
klump;34;9.3;8.1;145.8;27.5;6.5;veg;672979;672986;6583818;6583826;672983;6583822;0
klump;29;7.2;5.4;46.8;27.5;0.0;veg;675219;675224;6583696;6583701;675222;6583698;0
klump;30;10.1;5.0;160.2;27.5;9.5;bygg;667896;667901;6583575;6583584;667899;6583579;0
klump;44;14.6;9.9;85.9;27.5;12.0;veg;677817;677828;6576700;6576710;677823;6576704;0
klump;20;6.7;4.2;77.8;27.5;0.0;veg;674704;674709;6585057;6585060;674706;6585059;0
klump;22;7.5;4.9;145.9;27.5;12.5;veg;672750;672755;6583745;6583751;672753;6583748;0
klump;27;7.2;5.5;176.4;27.5;10.0;veg;676458;676463;6580768;6580774;676461;6580771;0
klump;9;4.9;3.0;104.0;27.5;12.5;veg;676259;676262;6584080;6584082;676261;6584081;0
klump;10;7.7;1.9;92.5;27.5;10.5;veg;674937;674943;6582784;6582785;674940;6582784;0
klump;26;11.0;4.4;91.3;27.5;6.5;veg;674997;675005;6584574;6584578;675002;6584576;0
klump;27;7.6;5.7;50.9;27.5;8.0;veg;677122;677128;6575577;6575583;677125;6575580;0
klump;10;4.1;4.0;165.1;27.5;10.0;veg;674358;674361;6583765;6583768;674360;6583767;0
klump;37;10.1;6.2;148.3;27.5;6.5;veg;676683;676690;6575123;6575131;676686;6575127;0
klump;74;15.8;8.7;143.9;27.5;12.5;veg;673397;673408;6579090;6579104;673402;6579097;0
klump;14;5.5;4.2;160.3;27.5;8.0;veg;677150;677153;6575584;6575589;677151;6575586;0
klump;8;4.6;3.6;162.6;27.5;10.0;veg;672340;672342;6584099;6584102;672341;6584100;0
klump;32;7.9;7.1;49.1;27.5;8.5;veg;677301;677307;6580855;6580862;677304;6580858;0
klump;21;6.8;5.2;153.0;27.5;12.5;veg;672668;672673;6583572;6583578;672671;6583574;0
klump;28;9.5;4.3;79.1;27.5;10.0;veg;672647;672655;6584101;6584105;672651;6584103;0
klump;15;5.3;4.9;113.4;27.5;4.0;veg;675828;675832;6584657;6584661;675830;6584659;0
klump;77;15.9;10.2;71.0;27.5;5.5;veg;673057;673072;6583711;6583722;673065;6583716;0
klump;63;15.3;10.1;170.1;27.5;12.0;veg;678107;678117;6578037;6578052;678112;6578044;0
klump;10;4.3;3.2;90.0;27.5;0.0;veg;674960;674963;6583594;6583596;674962;6583595;0
klump;39;11.8;6.4;81.0;27.5;11.5;veg;675280;675290;6577727;6577734;675285;6577731;0
klump;20;8.8;4.9;93.3;27.5;10.0;veg;672586;672593;6584099;6584104;672590;6584101;0
klump;14;5.9;3.8;160.9;27.5;4.5;veg;672741;672744;6584749;6584754;672743;6584751;0
klump;12;5.3;4.6;6.9;27.5;14.0;veg;670559;670563;6578692;6578696;670561;6578694;0
klump;26;8.8;4.4;99.6;27.5;11.0;veg;674099;674106;6583650;6583654;674103;6583652;0
klump;16;5.1;4.7;143.4;27.5;6.5;veg;676595;676599;6575250;6575254;676596;6575252;0
klump;11;9.4;2.8;144.8;27.5;10.5;veg;671077;671082;6578642;6578648;671079;6578644;0
klump;13;5.4;3.7;165.5;27.5;10.0;veg;672594;672597;6584106;6584110;672595;6584108;0
klump;15;4.8;4.2;166.0;27.5;10.0;veg;672620;672623;6584065;6584069;672621;6584067;0
klump;8;4.0;3.0;145.3;27.5;12.0;veg;677760;677762;6576633;6576636;677761;6576634;0
klump;18;8.2;4.4;151.5;27.5;7.5;veg;667498;667502;6579358;6579365;667500;6579362;0
klump;23;6.8;5.0;21.2;27.5;0.0;veg;674550;674554;6585187;6585193;674552;6585190;0
klump;89;14.3;10.2;54.3;27.5;10.0;veg;676368;676380;6581050;6581061;676374;6581056;0
klump;13;4.7;4.3;101.2;27.5;8.5;veg;678113;678117;6576006;6576010;678115;6576008;0
klump;95;14.7;12.6;79.8;27.5;6.5;veg;672958;672973;6583850;6583863;672966;6583858;0
klump;33;7.5;6.1;163.6;27.5;10.0;veg;672304;672310;6584158;6584164;672307;6584161;0
klump;24;6.0;5.5;0.0;27.5;9.0;veg;674050;674055;6584155;6584160;674052;6584157;0
klump;33;11.0;5.1;0.0;27.5;6.5;veg;676595;676599;6575178;6575187;676597;6575182;0
klump;9;6.4;2.7;51.4;27.5;11.5;veg;678093;678097;6580468;6580471;678095;6580470;0
klump;30;9.3;6.9;149.5;27.5;0.0;veg;674721;674728;6585096;6585104;674724;6585100;0
klump;16;5.8;4.3;80.8;27.5;7.5;veg;678172;678177;6581862;6581866;678174;6581864;0
klump;30;7.4;6.3;63.3;27.5;8.5;veg;677830;677837;6581150;6581156;677834;6581153;0
klump;19;7.4;4.5;9.4;27.5;4.5;veg;672477;672481;6584771;6584777;672479;6584774;0
klump;19;6.2;4.5;36.4;27.5;10.0;veg;672570;672574;6583860;6583865;672572;6583863;0
klump;31;9.6;6.4;101.4;27.5;0.0;veg;675127;675134;6583605;6583611;675131;6583608;0
klump;13;7.7;2.8;24.4;27.5;11.5;veg;671126;671129;6578846;6578852;671128;6578849;0
klump;13;5.8;3.9;172.2;27.5;11.5;veg;666269;666272;6579389;6579393;666270;6579391;0
klump;54;12.2;8.2;68.8;27.5;10.0;veg;672611;672622;6584132;6584141;672617;6584136;0
klump;61;12.9;7.7;60.9;27.5;12.5;veg;673485;673497;6579011;6579020;673491;6579016;0
klump;21;6.2;5.4;152.7;27.5;9.0;veg;674049;674054;6584080;6584085;674051;6584082;0
klump;20;6.1;5.5;50.9;27.5;10.0;veg;672305;672310;6584088;6584093;672307;6584090;0
klump;29;7.0;6.6;160.1;27.5;0.0;veg;674791;674798;6584052;6584059;674795;6584055;0
klump;22;9.4;3.8;18.4;27.5;13.0;veg;674183;674187;6584359;6584367;674185;6584362;0
klump;56;13.9;7.6;86.5;27.5;6.0;veg;677840;677852;6580176;6580183;677846;6580180;0
klump;16;5.3;4.7;20.6;27.5;10.0;veg;672429;672433;6583974;6583978;672431;6583976;0
klump;20;11.6;2.7;5.0;27.5;6.5;veg;676676;676678;6575204;6575213;676677;6575208;0
klump;18;5.4;5.0;134.6;27.5;9.5;veg;677011;677016;6575976;6575981;677014;6575979;0
klump;30;14.6;3.9;134.6;27.5;0.0;veg;674745;674753;6585077;6585086;674749;6585082;0
klump;17;7.5;3.6;81.3;27.5;8.0;veg;677120;677126;6575505;6575508;677123;6575506;0
klump;28;7.4;6.3;74.5;27.5;6.0;veg;676914;676920;6575068;6575074;676917;6575071;0
klump;9;4.6;3.2;25.9;27.5;7.5;veg;667049;667052;6581163;6581166;667050;6581164;0
klump;20;6.3;4.8;160.5;27.5;9.0;veg;674257;674261;6583895;6583900;674259;6583898;0
klump;14;5.9;3.6;165.5;27.5;9.0;veg;674004;674007;6583856;6583861;674006;6583858;0
klump;21;6.0;5.1;115.0;27.5;9.0;veg;674074;674079;6584015;6584019;674077;6584017;0
klump;21;7.7;4.6;11.2;27.5;6.0;veg;666283;666287;6582306;6582313;666286;6582309;0
klump;11;5.1;3.1;26.6;27.5;6.5;veg;675501;675503;6575232;6575236;675502;6575234;0
klump;18;8.5;3.9;25.8;27.5;0.0;veg;674678;674682;6584006;6584012;674680;6584008;0
klump;32;10.7;6.5;139.0;27.5;12.0;veg;678040;678047;6578048;6578056;678043;6578052;0
klump;8;4.7;2.9;142.0;27.5;0.0;veg;674741;674743;6585271;6585274;674742;6585273;0
klump;28;9.0;4.7;4.1;27.5;9.0;veg;674193;674197;6583949;6583956;674195;6583952;0
klump;29;7.5;6.4;142.7;27.5;5.0;veg;672137;672143;6583333;6583339;672140;6583336;0
klump;39;13.4;5.6;113.1;27.5;4.5;veg;672599;672611;6584518;6584525;672605;6584521;0
klump;14;5.3;4.4;107.7;27.5;10.0;veg;672331;672335;6584116;6584119;672333;6584117;0
klump;68;13.6;10.2;20.6;27.5;5.0;veg;671983;671993;6583445;6583458;671988;6583452;0
klump;15;5.8;3.7;27.8;27.5;0.0;veg;674365;674368;6583976;6583981;674366;6583978;0
klump;30;9.3;5.8;154.8;27.5;4.5;veg;672720;672726;6584441;6584449;672723;6584444;0
klump;38;11.6;6.1;40.4;27.5;6.5;veg;676586;676594;6575165;6575174;676590;6575170;0
klump;34;10.5;7.4;44.9;27.5;9.0;veg;673583;673592;6584177;6584185;673588;6584181;0
klump;15;6.2;4.3;146.3;27.5;6.5;veg;676619;676623;6575144;6575148;676621;6575146;0
klump;26;9.6;4.9;174.7;27.5;0.0;veg;675017;675021;6583445;6583453;675019;6583449;0
klump;35;13.5;5.4;87.3;27.5;13.0;veg;672096;672106;6584187;6584193;672101;6584190;0
klump;12;4.4;3.8;160.2;27.5;6.5;veg;675216;675219;6584777;6584780;675218;6584778;0
klump;38;9.4;7.4;17.1;27.5;11.5;veg;677979;677986;6580269;6580279;677983;6580274;0
klump;21;6.0;5.6;90.0;27.5;12.0;veg;677717;677722;6576859;6576864;677720;6576861;0
klump;28;8.8;6.6;110.9;27.5;0.0;veg;674480;674488;6583872;6583879;674483;6583875;0
klump;15;5.2;5.0;174.7;27.5;7.5;veg;668280;668284;6579017;6579021;668282;6579019;0
klump;12;4.8;4.4;122.7;27.5;10.0;veg;672680;672683;6583874;6583878;672682;6583876;0
klump;12;5.1;4.1;154.4;27.5;13.0;veg;672116;672119;6585220;6585224;672117;6585222;0
klump;15;6.6;3.5;5.4;27.5;0.0;veg;674746;674749;6585286;6585291;674747;6585289;0
klump;22;8.8;4.0;12.5;27.5;0.0;veg;674420;674424;6584041;6584048;674422;6584044;0
klump;36;11.2;5.3;165.1;27.5;10.0;veg;672586;672592;6584087;6584096;672589;6584092;0
klump;16;5.5;4.5;28.4;27.5;7.0;veg;666664;666668;6579274;6579278;666666;6579276;0
klump;26;10.2;7.7;96.7;27.5;10.5;veg;673263;673271;6584817;6584824;673266;6584820;0
klump;15;6.4;4.5;125.2;27.5;8.0;veg;677083;677088;6575533;6575537;677086;6575535;0
klump;20;8.4;5.6;171.0;27.5;7.5;veg;667494;667499;6579352;6579358;667497;6579355;0
klump;22;7.7;6.0;161.3;27.5;12.5;veg;673458;673463;6578960;6578967;673461;6578964;0
klump;22;6.4;5.3;76.7;27.5;10.0;veg;672500;672505;6583954;6583959;672503;6583956;0
klump;50;10.9;8.1;40.2;27.5;9.0;veg;675429;675439;6580270;6580279;675433;6580275;0
klump;23;8.6;5.2;108.9;27.5;6.0;veg;676907;676914;6575064;6575069;676911;6575066;0
klump;12;5.9;3.5;121.6;27.5;9.0;veg;666176;666180;6581484;6581487;666178;6581486;0
klump;16;6.5;3.9;158.3;27.5;4.0;veg;675767;675771;6584728;6584733;675769;6584730;0
klump;11;5.2;3.0;30.7;27.5;10.0;veg;674534;674537;6583350;6583354;674535;6583352;0
klump;19;7.2;4.8;156.7;27.5;9.5;veg;672088;672092;6584462;6584467;672090;6584465;0
klump;17;6.1;4.4;100.6;27.5;4.5;veg;676707;676712;6575000;6575003;676709;6575002;0
klump;24;9.9;4.5;177.0;27.5;4.5;veg;676848;676852;6575057;6575066;676850;6575062;0
klump;25;11.8;4.1;5.7;27.5;0.0;veg;674618;674622;6585327;6585338;674620;6585333;0
klump;13;6.0;4.1;10.3;27.5;7.5;veg;667045;667048;6581173;6581177;667047;6581175;0
klump;19;5.7;5.3;165.5;27.5;10.0;bygg;673414;673419;6584803;6584808;673416;6584806;0
klump;27;12.3;4.7;38.5;27.5;6.0;veg;666159;666166;6582468;6582477;666163;6582473;0
klump;50;12.5;11.9;151.8;27.5;7.0;veg;677708;677720;6577639;6577652;677714;6577645;0
klump;13;5.4;3.7;129.3;27.5;4.5;veg;676768;676772;6575097;6575101;676770;6575099;0
klump;14;6.0;4.2;50.9;27.5;7.5;veg;678198;678202;6581840;6581844;678200;6581841;0
klump;61;16.4;6.6;76.5;27.5;0.0;veg;674381;674396;6584141;6584149;674389;6584145;0
klump;18;7.4;3.8;142.3;27.5;0.0;veg;675117;675121;6583755;6583760;675119;6583758;0
klump;17;7.0;3.7;93.3;27.5;10.0;veg;672312;672318;6584288;6584291;672315;6584290;0
klump;40;12.1;7.0;149.3;27.5;4.5;veg;672729;672737;6584746;6584756;672733;6584751;0
klump;8;4.3;2.9;76.4;27.5;10.0;veg;672362;672365;6584083;6584085;672363;6584084;0
klump;11;4.8;3.3;45.0;27.5;6.0;veg;674886;674889;6583992;6583995;674888;6583994;0
klump;40;11.7;6.7;49.0;27.5;10.0;veg;674349;674357;6583608;6583617;674353;6583613;0
klump;12;5.5;4.0;179.5;27.5;6.5;veg;676519;676522;6575477;6575481;676520;6575479;0
klump;37;12.9;5.4;50.3;27.5;10.0;veg;672521;672530;6584155;6584164;672526;6584159;0
klump;47;13.8;6.3;178.5;27.5;6.0;veg;673962;673968;6575556;6575567;673965;6575561;0
klump;14;5.3;3.6;172.1;27.5;6.5;veg;676849;676852;6575125;6575129;676850;6575127;0
klump;12;4.9;3.8;59.5;27.5;0.0;veg;674567;674570;6585212;6585215;674568;6585213;0
klump;9;4.1;3.0;110.3;27.5;6.0;veg;666365;666368;6582291;6582293;666367;6582292;0
klump;15;5.8;4.3;31.6;27.5;6.5;veg;676788;676792;6575160;6575165;676790;6575163;0
klump;33;8.9;7.9;70.0;27.5;4.5;veg;672693;672702;6584767;6584774;672697;6584770;0
klump;23;7.5;6.0;167.6;27.5;12.0;veg;670335;670341;6578460;6578467;670338;6578463;0
klump;19;6.8;4.0;139.8;27.5;0.0;veg;674447;674452;6583862;6583866;674450;6583864;0
klump;35;8.6;5.8;31.1;27.5;13.0;veg;672120;672126;6584151;6584158;672123;6584154;0
klump;19;6.6;4.5;26.5;27.5;4.5;veg;676707;676711;6575032;6575037;676709;6575035;0
klump;30;10.0;6.8;147.8;27.5;9.5;veg;677854;677862;6581736;6581745;677858;6581740;0
klump;16;7.0;4.5;129.2;27.5;6.0;veg;677865;677869;6580139;6580143;677867;6580141;0
klump;19;7.2;4.8;142.3;27.5;9.5;veg;672114;672119;6584331;6584336;672117;6584334;0
klump;19;8.8;4.3;165.7;27.5;10.0;veg;674345;674350;6583666;6583673;674348;6583669;0
klump;8;5.7;2.6;101.7;27.5;12.0;veg;670968;670972;6583809;6583811;670970;6583810;0
klump;17;10.0;4.9;142.2;27.5;7.0;veg;668950;668955;6579121;6579128;668953;6579125;0
klump;8;7.6;1.7;140.6;27.5;12.0;bygg;671295;671299;6575226;6575230;671297;6575228;0
klump;26;6.8;5.4;99.9;27.5;0.0;veg;674563;674569;6585318;6585323;674566;6585320;0
klump;12;9.3;2.7;41.0;27.5;12.0;veg;677664;677669;6576641;6576646;677666;6576644;0
klump;15;5.9;3.6;130.9;27.5;0.0;veg;674765;674769;6583959;6583963;674767;6583961;0
klump;54;13.4;8.0;104.5;27.5;8.0;veg;676967;676978;6575517;6575525;676972;6575521;0
klump;14;5.9;4.9;4.5;27.5;10.0;veg;672287;672291;6584190;6584195;672289;6584192;0
klump;15;5.9;3.4;142.8;27.5;0.0;veg;675229;675232;6583722;6583726;675230;6583724;0
klump;14;6.5;3.4;67.4;27.5;0.0;veg;674685;674690;6585198;6585201;674687;6585200;0
klump;16;6.2;3.7;128.7;27.5;13.0;veg;672078;672082;6585149;6585153;672080;6585152;0
klump;17;5.3;4.8;42.7;27.5;10.0;veg;672311;672315;6584248;6584252;672313;6584250;0
klump;20;6.4;5.7;116.6;27.5;9.5;veg;677163;677168;6575691;6575696;677166;6575694;0
klump;20;7.8;6.1;101.6;27.5;4.5;veg;672682;672689;6584437;6584442;672685;6584439;0
klump;15;6.7;4.6;31.8;27.5;12.0;veg;670331;670335;6578458;6578463;670333;6578460;0
klump;28;11.3;5.8;53.8;27.5;9.5;veg;672074;672082;6584368;6584376;672078;6584372;0
klump;9;4.3;3.4;107.3;27.5;9.5;veg;672059;672062;6584320;6584322;672061;6584321;0
klump;12;4.7;3.9;133.5;27.5;0.0;veg;674554;674557;6583917;6583920;674556;6583918;0
klump;21;5.9;5.3;101.8;27.5;9.5;veg;677104;677109;6575665;6575670;677106;6575667;0
klump;13;9.9;4.1;34.2;27.5;11.5;veg;674657;674662;6576774;6576781;674659;6576778;0
klump;15;6.4;5.7;15.0;27.5;12.0;veg;677742;677746;6576948;6576953;677744;6576950;0
klump;38;9.1;7.4;16.5;27.5;12.0;veg;677749;677757;6576777;6576785;677753;6576781;0
klump;16;6.7;4.8;177.5;27.5;8.0;veg;676932;676936;6575591;6575596;676934;6575593;0
klump;15;6.9;3.5;104.2;27.5;9.0;veg;673914;673919;6584229;6584232;673917;6584231;0
klump;17;5.4;4.9;0.0;27.5;9.5;veg;672082;672086;6584455;6584460;672084;6584458;0
klump;14;5.8;5.6;94.5;27.5;13.0;veg;671768;671773;6584993;6584998;671770;6584995;0
klump;21;6.1;5.2;167.7;27.5;6.5;veg;675533;675537;6575579;6575584;675535;6575581;0
klump;32;7.5;5.9;140.2;27.5;4.5;veg;675754;675759;6575030;6575036;675756;6575033;0
klump;13;4.5;4.2;11.3;27.5;0.0;veg;675059;675062;6583438;6583442;675061;6583440;0
klump;15;5.4;4.4;162.3;27.5;10.0;veg;672513;672516;6584179;6584183;672514;6584181;0
klump;13;5.4;4.1;151.2;27.5;10.5;veg;672880;672884;6584333;6584337;672882;6584335;0
klump;21;6.5;5.0;49.3;27.5;13.0;veg;672090;672095;6584157;6584162;672093;6584159;0
klump;15;5.2;4.0;75.2;27.5;9.5;veg;677185;677189;6575650;6575653;677187;6575651;0
klump;56;18.2;8.7;140.7;27.5;7.5;veg;668282;668294;6578998;6579012;668289;6579004;0
klump;32;11.2;5.4;12.0;27.5;9.0;veg;674185;674191;6583991;6584000;674188;6583995;0
klump;13;4.8;4.1;39.5;27.5;6.0;veg;674878;674881;6583948;6583951;674880;6583949;0
klump;23;8.8;5.0;7.9;27.5;6.0;veg;666176;666181;6581139;6581146;666178;6581143;0
klump;49;15.7;6.6;105.6;27.5;10.0;veg;671597;671610;6584196;6584204;671603;6584199;0
klump;13;5.8;4.5;86.8;27.5;6.5;veg;676723;676727;6575144;6575147;676725;6575145;0
klump;24;7.5;4.7;92.4;27.5;10.0;veg;674621;674627;6583696;6583700;674624;6583698;0
klump;50;10.9;6.9;107.3;27.5;9.5;bygg+veg;667847;667857;6584320;6584326;667851;6584322;0
klump;15;6.6;4.1;86.0;27.5;0.0;veg;674918;674924;6583526;6583529;674920;6583528;0
klump;15;5.4;4.2;147.2;27.5;10.0;veg;672315;672319;6584179;6584183;672317;6584181;0
klump;11;4.6;3.5;156.8;27.5;7.5;veg;668266;668269;6578969;6578972;668268;6578970;0
klump;15;5.1;4.0;155.0;27.5;0.0;veg;674672;674675;6585101;6585105;674674;6585103;0
klump;9;4.0;3.9;0.0;27.5;10.0;veg;674389;674392;6583768;6583771;674391;6583770;0
klump;14;4.7;4.2;149.9;27.5;4.5;veg;676809;676812;6575041;6575044;676810;6575043;0
klump;10;5.6;3.6;155.8;27.5;7.5;veg;668476;668479;6578948;6578952;668477;6578950;0
klump;12;6.7;2.9;168.5;27.5;5.5;veg;678070;678072;6581180;6581185;678071;6581183;0
klump;30;9.0;5.6;135.8;27.5;8.0;veg;677075;677082;6575575;6575582;677078;6575579;0
klump;16;5.2;5.0;152.1;27.5;11.5;veg;675891;675895;6583327;6583332;675893;6583330;0
klump;20;5.9;5.5;108.8;27.5;9.0;veg;673855;673860;6584022;6584027;673858;6584025;0
klump;23;7.1;4.7;176.0;27.5;10.0;veg;672686;672690;6584070;6584076;672688;6584072;0
klump;30;9.2;5.4;51.3;27.5;10.0;veg;672582;672589;6583870;6583876;672586;6583873;0
klump;15;5.0;4.2;90.0;27.5;9.0;veg;668990;668994;6577894;6577898;668992;6577896;0
klump;14;5.4;4.1;52.4;27.5;9.0;veg;674004;674008;6584045;6584049;674006;6584047;0
klump;21;6.5;4.8;95.9;27.5;10.0;veg;672554;672560;6583886;6583890;672556;6583888;0
klump;25;7.3;5.6;29.2;27.5;10.0;veg;674689;674694;6583303;6583309;674692;6583307;0
klump;38;11.6;5.2;78.9;27.5;13.0;veg;672080;672090;6584313;6584318;672085;6584316;0
klump;20;6.9;4.3;133.0;27.5;12.5;veg;672753;672758;6583735;6583740;672756;6583738;0
klump;55;18.6;7.7;34.4;27.5;6.5;veg;675198;675209;6584802;6584815;675204;6584809;0
klump;10;8.3;2.1;44.3;27.5;9.0;veg;674058;674062;6583976;6583980;674060;6583978;0
klump;21;8.2;4.5;13.8;27.5;11.5;veg;671129;671133;6578842;6578848;671131;6578845;0
klump;28;7.2;6.0;7.6;27.5;0.0;veg;674717;674722;6585243;6585249;674720;6585246;0
klump;14;5.6;4.3;116.6;27.5;6.0;veg;666140;666144;6581192;6581196;666142;6581194;0
klump;11;4.6;3.2;105.1;27.5;4.0;veg;675781;675784;6584634;6584636;675782;6584635;0
klump;11;4.9;4.0;56.5;27.5;9.0;veg;674113;674116;6584037;6584040;674114;6584039;0
klump;16;6.3;4.9;150.9;27.5;10.0;veg;672309;672313;6584054;6584059;672312;6584056;0
klump;8;4.1;3.2;133.8;27.5;4.0;veg;675745;675748;6584808;6584811;675746;6584810;0
klump;16;6.6;4.7;81.8;27.5;10.0;veg;672598;672603;6584050;6584054;672601;6584052;0
klump;13;6.7;3.4;170.1;27.5;10.0;veg;674643;674646;6583722;6583728;674645;6583725;0
klump;27;11.0;6.1;6.1;27.5;8.0;veg;668776;668782;6585277;6585286;668779;6585282;0
klump;16;8.2;5.7;97.4;27.5;11.5;veg;673153;673159;6577561;6577565;673156;6577563;0
klump;13;5.3;4.2;150.9;27.5;0.0;veg;674577;674581;6585199;6585203;674579;6585201;0
klump;10;4.4;4.2;135.0;27.5;7.0;veg;668389;668392;6579364;6579367;668390;6579366;0
klump;14;5.3;4.2;72.3;27.5;6.0;veg;666266;666270;6582272;6582275;666268;6582273;0
klump;20;6.2;4.5;25.7;27.5;9.0;veg;673909;673913;6584210;6584215;673911;6584213;0
klump;20;8.3;5.4;125.0;27.5;9.0;veg;670695;670702;6580152;6580158;670699;6580155;0
klump;11;5.9;3.7;85.8;27.5;7.5;veg;666973;666978;6580958;6580961;666976;6580959;0
klump;12;4.7;3.6;127.2;27.5;6.0;veg;674816;674819;6583817;6583820;674817;6583818;0
klump;9;4.2;3.5;0.0;27.5;6.0;veg;674889;674891;6583975;6583978;674890;6583977;0
klump;9;4.5;2.8;125.8;27.5;10.0;veg;672534;672537;6584169;6584171;672536;6584170;0
klump;9;5.1;2.8;108.4;27.5;10.0;veg;672398;672401;6584056;6584058;672400;6584057;0
klump;12;5.4;4.2;65.8;27.5;7.5;veg;667080;667084;6581197;6581201;667082;6581199;0
klump;17;6.3;4.7;176.8;27.5;5.0;veg;666199;666203;6584325;6584330;666201;6584327;0
klump;24;7.4;5.6;1.7;27.5;7.5;veg;678380;678385;6581805;6581812;678382;6581808;0
klump;8;3.7;3.3;0.0;27.5;9.0;veg;674024;674026;6584028;6584030;674025;6584029;0
klump;9;5.5;3.8;21.4;27.5;6.5;veg;676495;676498;6575488;6575491;676497;6575489;0
klump;18;5.6;5.2;52.2;27.5;13.0;veg;671987;671992;6584944;6584948;671989;6584946;0
klump;11;6.9;2.8;146.1;27.5;14.0;veg;670555;670558;6578688;6578693;670557;6578690;0
klump;10;4.1;3.7;149.9;27.5;0.0;veg;674341;674344;6584032;6584035;674343;6584033;0
klump;21;7.8;6.4;169.2;27.5;10.5;veg;674859;674864;6583220;6583226;674862;6583224;0
klump;14;9.1;3.2;117.4;27.5;10.0;veg;672448;672454;6584083;6584087;672451;6584085;0
klump;13;5.8;3.9;160.7;27.5;3.0;veg;677901;677904;6581668;6581673;677903;6581670;0
klump;40;11.0;7.2;148.7;27.5;7.0;veg;677688;677697;6577637;6577646;677692;6577642;0
klump;19;5.9;5.1;119.7;27.5;0.0;veg;674462;674467;6583888;6583892;674464;6583890;0
klump;17;5.3;4.9;105.5;27.5;10.0;veg;672643;672647;6584131;6584135;672645;6584133;0
klump;21;6.0;4.8;116.8;27.5;0.0;veg;674485;674490;6585281;6585285;674487;6585283;0
klump;10;4.6;2.8;116.6;27.5;6.0;veg;666317;666320;6582320;6582322;666318;6582321;0
klump;25;8.0;6.2;89.3;27.5;5.5;veg;673090;673097;6583663;6583669;673095;6583666;0
klump;30;7.4;5.5;153.0;27.5;0.0;veg;674674;674679;6584115;6584121;674676;6584118;0
klump;8;4.7;3.4;23.6;27.5;0.0;veg;674562;674565;6584146;6584149;674564;6584147;0
klump;10;5.1;4.1;63.0;27.5;0.0;veg;674568;674572;6583889;6583892;674570;6583891;0
klump;49;11.2;9.9;171.5;27.5;4.5;veg;672743;672752;6584336;6584346;672748;6584341;0
klump;15;4.8;4.7;45.0;27.5;9.5;veg;677116;677119;6575619;6575622;677118;6575620;0
klump;10;7.8;3.0;47.0;27.5;12.0;veg;670969;670974;6583815;6583819;670972;6583817;0
klump;11;4.2;4.0;161.6;27.5;13.0;veg;672156;672159;6584257;6584260;672157;6584258;0
klump;8;4.0;3.0;145.3;27.5;0.0;veg;674587;674589;6584076;6584079;674588;6584078;0
klump;23;6.1;5.7;13.1;27.5;5.5;veg;672941;672946;6583664;6583669;672943;6583667;0
klump;30;11.4;6.4;118.8;27.5;5.5;veg;669645;669654;6581769;6581776;669650;6581772;0
klump;9;4.1;3.0;159.7;27.5;9.0;veg;674228;674230;6583895;6583898;674229;6583897;0
klump;11;4.8;4.5;165.7;27.5;7.0;veg;666314;666317;6582226;6582230;666315;6582228;0
klump;26;10.7;5.0;140.9;27.5;10.0;veg;672387;672395;6584074;6584081;672391;6584077;0
klump;47;17.5;8.2;13.8;27.5;13.0;veg;674226;674234;6584611;6584625;674229;6584618;0
klump;28;8.5;5.9;153.9;27.5;4.0;veg;675650;675656;6584780;6584787;675653;6584783;0
klump;31;8.9;6.2;32.5;27.5;9.5;veg;677172;677177;6575655;6575662;677174;6575659;0
klump;29;13.5;4.6;10.7;27.5;6.5;veg;676733;676738;6575153;6575163;676735;6575157;0
klump;16;7.4;3.6;18.4;27.5;8.0;veg;668938;668941;6585155;6585160;668940;6585157;0
klump;20;6.3;5.1;6.2;27.5;8.0;veg;677089;677093;6575522;6575527;677091;6575524;0
klump;24;7.0;5.9;52.2;27.5;10.0;veg;674543;674549;6583738;6583743;674547;6583741;0
klump;37;11.5;8.5;36.0;27.5;0.0;veg;674618;674626;6585265;6585275;674622;6585270;0
klump;10;6.0;3.3;90.0;27.5;7.5;veg;678170;678174;6581827;6581829;678172;6581828;0
klump;17;10.4;2.2;101.6;27.5;12.5;veg;674776;674784;6577382;6577384;674780;6577383;0
klump;18;6.3;5.3;67.5;27.5;11.5;veg;667318;667323;6581373;6581377;667320;6581375;0
klump;11;6.2;3.2;25.2;27.5;8.0;veg;676787;676790;6575756;6575760;676789;6575758;0
klump;15;5.4;4.7;105.4;27.5;7.5;veg;668193;668198;6578875;6578879;668195;6578877;0
klump;16;6.1;5.1;110.4;27.5;4.0;veg;675761;675766;6584789;6584793;675763;6584792;0
klump;15;5.7;4.1;30.0;27.5;6.0;veg;666313;666317;6582310;6582314;666315;6582312;0
klump;20;6.5;5.2;10.6;27.5;10.0;veg;672709;672713;6583856;6583861;672711;6583859;0
klump;15;6.0;4.6;161.2;27.5;6.0;veg;676906;676910;6575071;6575075;676908;6575073;0
klump;19;6.9;5.1;67.2;27.5;10.0;veg;672580;672585;6584104;6584108;672582;6584106;0
klump;13;4.5;4.1;163.6;27.5;9.0;veg;674161;674164;6583979;6583982;674162;6583981;0
klump;17;4.9;4.7;135.0;27.5;4.0;veg;675671;675675;6584776;6584780;675673;6584778;0
klump;11;5.8;3.7;140.6;27.5;12.0;veg;677783;677787;6576721;6576725;677785;6576723;0
klump;12;5.8;2.9;0.0;27.5;9.0;veg;674133;674135;6584080;6584085;674134;6584082;0
klump;14;5.1;4.0;164.2;27.5;10.0;veg;672294;672297;6584174;6584178;672296;6584176;0
klump;10;4.1;3.3;90.0;27.5;0.0;veg;675290;675293;6583627;6583629;675292;6583628;0
klump;15;6.0;4.4;20.4;27.5;6.5;veg;676485;676488;6575571;6575576;676486;6575574;0
klump;26;7.3;5.2;64.7;27.5;6.5;veg;676611;676617;6575188;6575193;676614;6575191;0
klump;23;7.1;6.7;126.1;27.5;10.5;veg;672826;672833;6584386;6584392;672830;6584389;0
klump;16;7.9;3.2;102.2;27.5;0.0;veg;675319;675325;6584976;6584979;675322;6584978;0
klump;17;6.4;5.9;82.7;27.5;3.0;veg;678001;678006;6581679;6581684;678003;6581682;0
klump;21;10.5;3.9;174.1;27.5;6.5;veg;675186;675190;6584735;6584743;675188;6584739;0
klump;16;5.9;4.8;84.5;27.5;8.0;veg;676923;676928;6575127;6575131;676926;6575128;0
klump;20;8.0;4.3;52.0;27.5;3.0;veg;677887;677893;6581702;6581707;677890;6581705;1
klump;26;11.4;4.7;178.8;27.5;9.5;veg;677881;677885;6581702;6581711;677884;6581707;0
klump;8;4.8;3.0;54.6;27.5;0.0;veg;674645;674648;6584096;6584099;674646;6584097;0
klump;10;6.3;2.5;106.3;27.5;0.0;veg;675266;675270;6584988;6584990;675268;6584989;0
klump;24;11.2;4.4;165.8;27.5;7.0;veg;677881;677885;6577640;6577650;677883;6577646;0
klump;12;4.4;3.8;70.2;27.5;0.0;veg;675324;675327;6583544;6583547;675325;6583545;0
klump;27;14.5;3.9;168.7;27.5;11.0;veg;671704;671708;6583115;6583127;671706;6583121;0
klump;20;6.4;5.2;94.3;27.5;4.0;veg;675687;675693;6584821;6584825;675690;6584823;0
klump;10;6.7;3.0;101.7;27.5;10.0;veg;672472;672477;6583867;6583869;672475;6583868;0
klump;18;7.2;5.7;14.2;27.5;0.0;veg;675179;675183;6583542;6583548;675181;6583545;0
klump;20;8.0;4.4;31.8;27.5;4.0;veg;675753;675758;6584663;6584669;675756;6584666;0
klump;12;7.5;2.7;129.6;27.5;0.0;veg;674644;674649;6585176;6585180;674647;6585178;0
klump;16;5.8;5.2;101.0;27.5;8.0;veg;677130;677135;6575571;6575575;677132;6575573;0
klump;9;4.1;3.9;144.2;27.5;4.5;veg;676754;676757;6575070;6575073;676756;6575072;0
klump;13;5.9;3.6;164.0;27.5;0.0;veg;674725;674728;6583944;6583949;674726;6583947;0
klump;18;5.3;4.8;158.6;27.5;0.0;veg;675307;675311;6583628;6583632;675309;6583630;0
klump;9;5.5;4.2;36.1;27.5;10.0;veg;672700;672704;6583835;6583839;672702;6583837;0
klump;9;5.2;3.3;149.7;27.5;12.0;veg;674727;674730;6583282;6583286;674728;6583284;0
klump;12;4.7;3.8;153.8;27.5;12.0;veg;677768;677771;6576608;6576612;677770;6576610;0
klump;17;5.8;4.8;96.7;27.5;11.5;bygg;667363;667368;6576399;6576403;667365;6576401;0
klump;14;6.7;4.6;149.3;27.5;9.0;veg;673941;673946;6584200;6584205;673943;6584202;0
klump;10;4.2;3.5;45.0;27.5;0.0;veg;674971;674974;6583554;6583557;674972;6583555;0
klump;17;5.8;4.2;53.7;27.5;7.5;veg;678125;678129;6581879;6581883;678127;6581881;0
klump;18;9.9;3.9;145.9;27.5;10.5;veg;671171;671176;6578466;6578473;671174;6578470;0
klump;8;4.5;3.5;50.1;27.5;11.5;veg;666274;666277;6579362;6579364;666276;6579363;0
klump;17;6.2;4.5;107.9;27.5;0.0;veg;674808;674813;6583933;6583937;674810;6583935;0
klump;18;6.2;5.0;54.6;27.5;4.5;veg;676662;676667;6575086;6575090;676665;6575088;0
klump;12;6.3;3.5;139.1;27.5;0.0;veg;674669;674673;6585181;6585185;674671;6585183;0
klump;10;5.3;3.1;86.6;27.5;7.5;veg;667084;667088;6581184;6581186;667086;6581185;0
klump;16;5.7;4.3;64.8;27.5;0.0;veg;674782;674786;6585275;6585279;674784;6585277;0
klump;14;5.3;4.6;173.7;27.5;6.0;veg;674842;674845;6583829;6583833;674844;6583831;0
klump;10;4.3;4.3;0.0;27.5;9.0;veg;674266;674269;6583920;6583923;674267;6583922;0
klump;9;5.3;3.4;165.0;27.5;7.0;veg;677884;677887;6577283;6577287;677885;6577285;0
klump;17;6.1;4.3;30.6;27.5;6.5;veg;675142;675146;6584765;6584770;675144;6584768;0
klump;10;5.1;4.1;166.7;27.5;11.5;veg;667039;667042;6585105;6585109;667041;6585107;0
klump;15;5.2;4.0;108.4;27.5;6.0;veg;675340;675344;6584968;6584971;675342;6584970;0
klump;9;5.7;2.3;164.7;27.5;12.5;veg;675939;675941;6584253;6584257;675940;6584255;0
klump;13;4.6;4.1;30.6;27.5;11.0;veg;674182;674185;6583787;6583791;674183;6583789;0
klump;17;5.7;4.3;115.3;27.5;0.0;veg;674695;674700;6583991;6583995;674698;6583993;0
klump;21;8.4;5.2;137.7;27.5;6.0;veg;675029;675036;6583961;6583967;675032;6583964;0
klump;9;4.4;3.0;55.4;27.5;0.0;veg;674743;674746;6584103;6584106;674745;6584104;0
klump;8;4.4;3.1;21.3;27.5;0.0;veg;674580;674582;6583944;6583947;674581;6583946;0
klump;20;7.4;4.7;35.2;27.5;6.0;veg;674944;674949;6583921;6583927;674947;6583924;0
klump;18;6.0;5.1;35.6;27.5;4.5;veg;674577;674581;6584501;6584506;674579;6584504;0
klump;18;8.0;4.2;171.6;27.5;12.5;veg;673726;673730;6578855;6578862;673728;6578858;0
klump;12;6.2;3.5;151.6;27.5;0.0;veg;675276;675279;6583581;6583585;675278;6583583;0
klump;11;4.6;3.2;164.9;27.5;8.5;veg;666332;666334;6580642;6580645;666333;6580644;0
klump;17;5.8;5.2;100.6;27.5;10.0;veg;672574;672579;6583854;6583858;672577;6583856;0
klump;10;4.2;3.3;135.0;27.5;0.0;veg;674893;674896;6585126;6585129;674895;6585128;0
klump;15;6.8;4.0;30.1;27.5;9.5;veg;677122;677126;6575621;6575626;677124;6575623;0
klump;8;4.1;3.2;133.8;27.5;9.0;veg;674167;674170;6584094;6584097;674168;6584096;0
klump;26;9.2;6.4;113.5;27.5;8.5;veg;678083;678091;6575766;6575772;678087;6575769;0
klump;16;7.7;4.2;149.6;27.5;9.5;veg;677170;677174;6575693;6575698;677172;6575696;0
klump;9;4.6;2.8;60.5;27.5;10.0;veg;672491;672494;6583955;6583957;672493;6583956;0
klump;13;5.1;4.0;136.1;27.5;0.0;veg;674367;674371;6584043;6584047;674369;6584045;0
klump;22;7.3;4.9;14.0;27.5;10.0;veg;672325;672329;6584248;6584254;672327;6584251;0
klump;12;5.0;4.0;99.2;27.5;10.0;veg;674606;674610;6583734;6583737;674608;6583736;0
klump;15;5.0;4.3;155.7;27.5;9.0;veg;674020;674024;6584058;6584062;674022;6584060;0
klump;12;4.5;4.0;149.1;27.5;9.0;veg;674052;674055;6584013;6584016;674054;6584014;0
klump;9;5.4;2.6;95.9;27.5;0.0;veg;669415;669419;6578586;6578588;669417;6578587;0
klump;16;5.9;4.4;94.7;27.5;0.0;veg;675210;675214;6583741;6583744;675212;6583742;0
klump;13;4.5;3.8;45.0;27.5;7.0;veg;674980;674983;6575305;6575308;674981;6575306;0
klump;10;4.9;3.7;107.7;27.5;9.0;veg;674052;674056;6584118;6584121;674054;6584120;0
klump;13;5.5;4.1;45.0;27.5;5.0;veg;666205;666209;6584357;6584361;666207;6584359;0
klump;35;9.4;6.4;154.2;27.5;10.5;veg;672765;672771;6584561;6584569;672768;6584565;1
klump;28;8.4;5.4;87.2;27.5;10.0;veg;672388;672395;6584058;6584063;672392;6584060;0
klump;10;4.9;3.9;2.2;27.5;12.0;veg;677729;677732;6576649;6576653;677730;6576651;0
klump;20;6.4;5.4;156.6;27.5;8.5;veg;666273;666278;6580384;6580389;666275;6580387;0
klump;15;5.3;3.8;117.4;27.5;10.0;veg;672615;672619;6584102;6584105;672617;6584103;0
klump;13;5.1;4.6;54.2;27.5;0.0;veg;674522;674526;6585178;6585182;674524;6585181;0
klump;21;6.6;6.0;139.7;27.5;9.0;veg;674130;674135;6584105;6584110;674133;6584107;0
klump;10;4.3;3.2;0.0;27.5;0.0;veg;675007;675009;6583659;6583662;675008;6583660;0
klump;12;9.0;2.1;2.2;27.5;14.0;veg;670395;670396;6583180;6583187;670396;6583184;0
klump;13;5.1;3.8;82.9;27.5;9.5;veg;676910;676914;6575672;6575675;676912;6575673;0
klump;12;6.2;3.0;168.6;27.5;0.0;veg;674655;674657;6585183;6585188;674656;6585186;0
klump;13;6.7;4.1;77.2;27.5;6.0;veg;666122;666127;6581203;6581206;666124;6581205;0
klump;9;8.6;2.8;100.3;27.5;11.5;bygg;671081;671086;6578941;6578943;671083;6578942;0
klump;9;4.4;3.0;55.4;27.5;9.0;veg;674024;674027;6583852;6583855;674026;6583853;0
klump;16;6.3;4.0;144.9;27.5;8.0;veg;668788;668792;6585278;6585282;668790;6585280;0
klump;9;4.0;3.4;63.4;27.5;0.0;veg;674446;674449;6583970;6583973;674447;6583972;0
klump;10;4.5;4.0;142.0;27.5;13.0;veg;672147;672150;6584257;6584260;672149;6584258;0
klump;10;5.5;3.2;174.8;27.5;6.5;veg;678883;678885;6577727;6577731;678884;6577729;0
klump;8;10.3;1.1;162.0;27.5;11.5;veg;675268;675270;6577927;6577934;675269;6577930;0
klump;16;5.1;4.1;0.0;27.5;5.0;veg;666197;666200;6584346;6584350;666198;6584348;0
klump;16;16.2;1.7;69.9;27.5;12.0;bygg;672146;672158;6582766;6582770;672151;6582768;0
klump;8;4.2;2.8;97.0;27.5;6.5;veg;676841;676844;6575179;6575181;676843;6575180;0
klump;8;3.7;2.9;45.0;27.5;9.0;veg;674068;674070;6584080;6584082;674069;6584081;0
klump;10;4.3;3.3;153.4;27.5;0.0;veg;674984;674986;6583549;6583552;674985;6583550;0
klump;25;9.8;5.9;136.4;27.5;5.5;veg;673003;673010;6583614;6583620;673006;6583617;0
klump;8;4.5;3.4;119.0;27.5;7.5;veg;667040;667043;6581167;6581170;667041;6581168;0
klump;12;5.0;4.2;73.2;27.5;4.5;veg;676759;676763;6575044;6575048;676761;6575046;0
klump;30;10.3;6.6;12.5;27.5;4.0;veg;675806;675812;6584665;6584673;675810;6584669;0
klump;11;5.2;4.1;80.0;27.5;0.0;veg;674614;674618;6585256;6585259;674616;6585257;0
klump;20;7.0;4.5;66.1;27.5;0.0;veg;674701;674706;6585304;6585309;674704;6585307;0
klump;10;4.8;3.1;173.8;27.5;7.0;veg;668948;668950;6579119;6579123;668949;6579121;0
klump;10;4.8;2.9;97.7;27.5;4.0;veg;675667;675671;6584726;6584728;675669;6584727;0
klump;10;5.4;2.8;33.6;27.5;5.5;veg;678072;678075;6581200;6581204;678074;6581202;0
klump;8;4.8;2.5;113.2;27.5;8.5;veg;677605;677608;6580858;6580860;677606;6580859;0
klump;8;4.1;3.2;43.8;27.5;0.0;veg;675001;675004;6583476;6583479;675003;6583478;0
klump;8;4.3;4.0;90.0;27.5;12.5;veg;668492;668495;6577819;6577822;668493;6577820;0
klump;10;4.7;4.1;160.1;27.5;11.5;veg;666134;666137;6579463;6579467;666136;6579465;0
klump;9;5.7;3.7;126.7;27.5;0.0;veg;674445;674449;6583911;6583914;674447;6583912;0
klump;16;6.8;4.4;179.7;27.5;6.5;veg;676828;676832;6575149;6575155;676831;6575152;0
klump;8;10.9;0.9;64.3;27.5;12.0;bygg;672137;672144;6582762;6582765;672140;6582764;0
klump;19;7.7;5.0;170.2;27.5;10.0;veg;676647;676652;6580844;6580851;676650;6580848;0
klump;10;4.9;3.8;32.2;27.5;4.5;veg;676771;676774;6575035;6575038;676773;6575036;0
klump;11;6.2;4.1;123.6;27.5;9.5;veg;677152;677156;6575635;6575639;677154;6575637;0
klump;12;9.7;3.6;143.0;27.5;6.0;veg;675035;675040;6583973;6583979;675038;6583977;0
klump;10;6.9;3.4;116.5;27.5;0.0;veg;675182;675187;6583691;6583694;675184;6583692;0
klump;9;5.2;3.0;64.1;27.5;11.5;veg;666268;666271;6579400;6579403;666270;6579402;0
klump;9;4.5;2.8;144.2;27.5;10.0;veg;674326;674328;6583617;6583620;674327;6583619;0
klump;8;5.1;2.8;15.1;27.5;0.0;veg;674562;674564;6584181;6584185;674563;6584183;0
klump;8;4.8;2.9;144.8;27.5;0.0;veg;674633;674636;6585178;6585181;674635;6585180;0
klump;12;4.5;4.0;176.5;27.5;0.0;veg;675267;675270;6585007;6585011;675269;6585009;0
klump;25;8.9;4.8;77.8;27.5;0.0;veg;675298;675305;6583538;6583542;675301;6583540;0
klump;8;4.4;3.1;21.3;27.5;0.0;veg;674685;674687;6584025;6584028;674686;6584027;0
klump;12;5.1;4.1;139.7;27.5;6.5;veg;676699;676703;6575211;6575215;676701;6575212;0
klump;12;5.1;3.1;99.4;27.5;0.0;veg;674830;674834;6585185;6585187;674832;6585186;0
klump;9;5.7;2.6;12.4;27.5;12.0;veg;677776;677778;6576736;6576740;677777;6576738;0
klump;10;5.2;3.6;140.3;27.5;7.5;veg;667043;667046;6581154;6581158;667044;6581156;0
klump;10;5.3;3.8;0.0;27.5;0.0;veg;674422;674425;6585330;6585334;674424;6585332;0
klump;14;7.6;3.7;80.4;27.5;0.0;veg;674478;674484;6585277;6585280;674481;6585279;0
klump;8;3.7;2.9;135.0;27.5;0.0;veg;674676;674678;6584024;6584026;674677;6584025;0
klump;12;11.7;1.9;91.7;27.5;12.5;veg;669817;669826;6577412;6577413;669821;6577412;0
klump;12;5.8;3.9;45.6;27.5;8.5;veg;677905;677909;6575738;6575742;677907;6575740;0
klump;8;4.6;3.2;147.6;27.5;7.0;veg;677842;677845;6577262;6577265;677843;6577263;0
klump;10;5.5;2.6;54.6;27.5;0.0;veg;674589;674592;6585123;6585126;674591;6585124;0
klump;10;11.1;1.4;151.3;27.5;13.5;veg;677865;677869;6579283;6579290;677867;6579287;0
klump;18;8.4;4.3;141.3;27.5;0.0;veg;674468;674473;6585247;6585253;674471;6585250;0
klump;12;7.0;3.8;57.3;27.5;13.0;veg;669760;669765;6580876;6580879;669762;6580878;0
klump;20;6.2;4.9;30.0;27.5;8.0;veg;677159;677163;6575512;6575516;677161;6575514;0
klump;15;6.0;3.5;29.1;27.5;9.0;veg;674100;674103;6583959;6583963;674102;6583961;0
klump;14;8.5;2.7;69.9;27.5;4.5;veg;676842;676848;6575065;6575068;676845;6575066;0
klump;9;5.7;2.3;164.7;27.5;0.0;veg;674747;674749;6584076;6584080;674748;6584078;0
klump;8;4.7;3.0;143.2;27.5;8.0;veg;677138;677141;6575535;6575538;677139;6575536;0
klump;8;5.3;2.8;13.3;27.5;12.0;veg;677741;677743;6576606;6576610;677742;6576608;0
klump;12;5.0;3.6;36.9;27.5;10.0;veg;674611;674614;6583725;6583729;674612;6583727;0
klump;11;5.5;2.7;24.3;27.5;11.5;bygg;670837;670839;6576073;6576077;670838;6576075;0
klump;10;4.9;4.2;64.3;27.5;8.0;veg;677125;677129;6575527;6575530;677127;6575528;0
klump;9;4.6;3.8;163.2;27.5;9.0;veg;673880;673883;6584022;6584025;673882;6584024;0
klump;10;7.7;2.0;102.4;27.5;13.0;veg;674259;674264;6576699;6576701;674262;6576700;0
klump;13;6.1;5.3;11.2;27.5;5.0;veg;672181;672185;6583370;6583375;672183;6583373;0
klump;8;4.4;2.6;109.3;27.5;10.0;veg;674545;674548;6583351;6583353;674547;6583352;0
klump;17;5.9;3.8;114.9;27.5;13.0;veg;672078;672082;6584236;6584239;672080;6584238;0
klump;17;8.3;4.0;95.8;27.5;11.5;veg;666148;666154;6579444;6579447;666150;6579445;0
klump;10;4.4;4.1;171.4;27.5;11.5;veg;674670;674673;6576787;6576790;674672;6576789;0
klump;12;5.1;4.3;3.8;27.5;5.5;veg;678056;678059;6581199;6581203;678057;6581201;0
klump;8;5.0;2.8;91.9;27.5;0.0;veg;674672;674676;6585195;6585197;674674;6585196;0
klump;8;4.4;2.6;160.7;27.5;12.0;veg;677727;677729;6576904;6576907;677728;6576905;0
klump;8;3.7;3.0;90.0;27.5;0.0;veg;675245;675248;6583610;6583612;675246;6583611;0
klump;10;5.0;2.8;159.4;27.5;9.0;veg;673990;673992;6584065;6584069;673991;6584067;0
klump;12;5.7;3.1;127.7;27.5;0.0;veg;674306;674310;6583883;6583886;674308;6583884;0
klump;8;4.4;3.8;59.7;27.5;4.5;veg;676768;676771;6575079;6575082;676769;6575081;0
klump;8;7.6;1.5;110.8;27.5;12.5;veg;674413;674418;6577235;6577237;674416;6577236;0
klump;15;10.0;3.1;130.4;27.5;4.5;veg;676859;676865;6575032;6575038;676862;6575035;1
klump;9;4.5;3.5;135.0;27.5;9.5;veg;677034;677037;6575624;6575627;677035;6575626;0
klump;8;4.4;3.5;65.8;27.5;4.5;veg;675779;675782;6575058;6575061;675780;6575060;0
klump;11;4.9;4.6;42.4;27.5;4.5;veg;676816;676820;6575077;6575081;676818;6575079;0
klump;14;7.1;3.8;137.5;27.0;0.0;veg;674529;674533;6585319;6585324;674531;6585321;0
klump;18;6.0;5.2;100.5;27.0;0.0;veg;675081;675087;6583624;6583628;675084;6583626;0
klump;11;6.1;3.4;50.2;27.0;12.5;veg;672708;672712;6583722;6583726;672710;6583724;0
klump;10;4.8;3.6;46.9;27.0;9.5;veg;677051;677054;6575635;6575638;677052;6575637;0
klump;26;13.1;5.0;31.3;27.0;9.0;veg;676442;676450;6584124;6584134;676445;6584130;0
klump;44;14.2;7.3;91.3;27.0;5.5;veg;669458;669470;6582017;6582024;669463;6582021;0
klump;31;10.6;6.3;25.1;27.0;8.0;veg;667306;667312;6575245;6575254;667309;6575250;0
klump;432;32.6;29.5;173.5;27.0;9.0;bygg;676571;676600;6583865;6583895;676585;6583880;0
klump;11;5.1;3.7;87.2;27.0;8.0;veg;677101;677105;6575600;6575603;677103;6575602;0
klump;10;6.1;2.9;26.7;27.0;11.5;veg;678078;678081;6580286;6580290;678080;6580288;0
klump;628;77.8;16.6;44.2;27.0;7.5;bygg;666870;666926;6580962;6581017;666896;6580988;0
klump;76;18.1;10.0;87.2;27.0;12.5;veg;673412;673428;6578946;6578958;673421;6578952;0
klump;12;4.0;4.0;0.0;27.0;11.0;bygg;671508;671511;6576852;6576855;671510;6576854;0
klump;15;7.9;4.6;63.1;27.0;13.0;veg;676036;676042;6579315;6579319;676039;6579318;0
klump;20;9.9;3.3;12.7;27.0;10.0;veg;672543;672546;6584161;6584169;672544;6584166;0
klump;10;4.3;3.3;26.6;27.0;6.0;veg;676953;676955;6575097;6575100;676954;6575099;0
klump;22;8.1;4.9;45.3;27.0;4.5;veg;672677;672683;6584574;6584580;672680;6584577;0
klump;12;5.1;3.9;37.2;27.0;11.5;veg;677719;677722;6575961;6575965;677720;6575963;0
klump;46;9.8;7.2;112.2;27.0;6.5;veg;674942;674950;6584334;6584342;674946;6584338;0
klump;310;35.0;15.4;171.1;27.0;7.0;bygg;672362;672380;6575975;6576005;672372;6575989;0
klump;12;6.2;4.2;167.7;27.0;9.5;veg;672036;672040;6584707;6584712;672038;6584709;0
klump;12;7.4;2.3;152.8;27.0;11.5;veg;670900;670903;6579030;6579035;670902;6579032;0
klump;39;10.2;7.9;13.9;27.0;4.0;veg;675814;675822;6584716;6584726;675817;6584720;0
klump;15;7.5;3.7;14.5;27.0;6.0;veg;674839;674843;6584007;6584013;674841;6584010;0
klump;26;8.2;4.9;82.3;27.0;8.0;veg;677344;677351;6575379;6575383;677347;6575381;0
klump;41;9.4;8.5;97.4;27.0;4.5;veg;672500;672509;6584645;6584654;672505;6584650;0
klump;27;6.3;6.1;153.4;27.0;10.0;veg;672371;672376;6584145;6584151;672374;6584148;0
klump;99;18.4;10.8;70.0;27.0;10.5;veg;674943;674960;6582821;6582833;674951;6582828;0
klump;10;9.0;2.5;2.2;27.0;11.5;veg;666284;666286;6579393;6579400;666285;6579396;0
klump;9;4.3;3.1;12.0;27.0;0.0;veg;675894;675896;6584703;6584706;675895;6584705;0
klump;31;10.1;8.2;176.1;27.0;7.5;veg;666776;666783;6581123;6581133;666779;6581127;0
klump;20;6.3;5.8;15.0;27.0;6.0;veg;677007;677012;6575027;6575033;677010;6575030;0
klump;9;5.7;2.7;101.0;27.0;4.5;veg;676811;676815;6575090;6575092;676813;6575091;0
klump;26;10.2;6.1;153.8;27.0;12.5;veg;673531;673538;6578804;6578813;673534;6578808;0
klump;8;5.2;4.2;75.1;27.0;12.0;veg;677747;677751;6576739;6576742;677749;6576740;0
klump;13;6.3;4.6;128.0;27.0;11.5;veg;673153;673157;6577552;6577556;673155;6577554;0
klump;21;7.8;5.1;17.1;27.0;5.0;veg;672182;672186;6583315;6583321;672184;6583318;0
klump;10;4.2;3.3;45.0;27.0;0.0;veg;674731;674734;6583834;6583837;674733;6583835;0
klump;14;6.5;3.7;4.3;27.0;10.0;veg;672495;672498;6583904;6583909;672496;6583906;0
klump;139;21.0;11.3;77.7;27.0;7.0;bygg;675018;675039;6575112;6575124;675027;6575118;0
klump;31;8.1;6.4;132.2;27.0;10.0;veg;671593;671599;6584180;6584186;671596;6584183;0
klump;30;13.3;4.7;15.4;27.0;10.0;veg;672258;672263;6584181;6584191;672260;6584185;0
klump;13;4.8;3.9;42.7;27.0;10.0;veg;672282;672285;6584139;6584142;672283;6584141;0
klump;158;18.9;16.3;82.2;27.0;8.5;bygg;678290;678308;6578550;6578567;678299;6578560;0
klump;19;6.7;5.4;33.4;27.0;10.0;veg;672345;672350;6584110;6584115;672348;6584112;0
klump;11;6.4;3.8;121.6;27.0;4.5;veg;672656;672660;6584687;6584691;672658;6584689;0
klump;47;8.9;8.2;6.8;27.0;9.5;bygg;677319;677328;6575888;6575897;677323;6575892;0
klump;25;11.3;4.6;45.5;27.0;10.0;veg;672392;672399;6584305;6584312;672395;6584308;0
klump;13;6.0;3.3;32.6;27.0;4.0;veg;675645;675649;6584723;6584727;675647;6584725;0
klump;15;5.6;4.7;27.9;27.0;7.5;veg;678193;678197;6576151;6576156;678195;6576154;0
klump;57;10.9;10.3;178.0;27.0;5.0;veg;672083;672092;6583488;6583498;672088;6583494;0
klump;43;17.2;4.3;97.2;27.0;12.0;veg;670048;670063;6576665;6576670;670057;6576667;0
klump;28;10.8;5.7;56.0;27.0;8.0;veg;676869;676876;6575156;6575163;676872;6575160;0
klump;19;7.1;5.6;46.9;27.0;9.5;veg;677866;677872;6581272;6581277;677870;6581275;0
klump;20;6.2;5.6;37.5;27.0;5.5;veg;676716;676721;6575100;6575106;676718;6575103;1
klump;17;6.2;4.4;28.4;27.0;10.0;veg;672315;672319;6584066;6584070;672317;6584068;0
klump;49;10.8;8.0;160.0;27.0;5.0;veg;672140;672148;6583466;6583476;672144;6583471;0
klump;15;6.5;5.1;44.5;27.0;4.5;veg;672755;672759;6584403;6584408;672757;6584405;0
klump;24;7.4;4.5;44.4;27.0;10.0;veg;672497;672502;6583959;6583965;672500;6583962;0
klump;39;11.3;8.1;31.0;27.0;10.0;veg;676384;676392;6581103;6581113;676387;6581109;0
klump;27;8.3;5.3;150.2;27.0;6.0;veg;676949;676954;6575087;6575094;676951;6575090;0
klump;9;4.9;3.8;135.0;27.0;9.0;veg;666250;666253;6580039;6580042;666251;6580040;0
klump;17;6.8;5.2;109.4;27.0;8.0;veg;676893;676898;6575126;6575130;676896;6575128;0
klump;13;7.6;3.6;118.9;27.0;13.0;veg;672048;672053;6584935;6584939;672051;6584937;0
klump;33;9.1;7.4;103.7;27.0;13.0;veg;671894;671902;6583930;6583937;671898;6583933;0
klump;38;15.6;6.6;131.3;27.0;6.5;veg;675253;675264;6584688;6584698;675259;6584693;0
klump;13;7.0;5.5;77.4;27.0;3.0;veg;678390;678396;6581670;6581675;678393;6581673;0
klump;13;7.1;5.1;114.9;27.0;12.0;veg;670085;670091;6581398;6581402;670088;6581400;0
klump;16;5.3;4.3;160.9;27.0;0.0;veg;675309;675313;6583588;6583593;675311;6583591;0
klump;13;5.2;3.9;115.5;27.0;0.0;veg;674783;674787;6584041;6584044;674785;6584042;0
klump;17;8.8;4.5;130.9;27.0;10.5;veg;677550;677557;6581905;6581911;677554;6581908;0
klump;14;5.1;3.9;32.8;27.0;0.0;veg;674616;674620;6583879;6583883;674618;6583881;0
klump;51;11.6;8.4;176.9;27.0;13.0;veg;674290;674298;6584580;6584590;674295;6584586;0
klump;8;4.3;2.9;103.6;27.0;9.0;veg;674040;674043;6583844;6583846;674042;6583845;0
klump;47;12.8;7.3;87.8;27.0;0.0;veg;675315;675326;6583534;6583541;675321;6583538;0
klump;12;13.1;2.0;29.8;27.0;4.0;veg;673097;673102;6578287;6578295;673099;6578291;0
klump;16;5.2;4.4;27.3;27.0;9.0;veg;674081;674085;6584157;6584161;674083;6584160;0
klump;10;9.4;2.1;162.3;27.0;11.5;veg;675325;675327;6577797;6577804;675326;6577801;0
klump;14;5.6;4.2;63.4;27.0;13.0;veg;672054;672058;6584308;6584311;672056;6584310;0
klump;16;5.6;4.5;26.3;27.0;4.0;veg;675685;675689;6584795;6584799;675687;6584797;0
klump;31;7.8;6.4;68.9;27.0;11.5;veg;666333;666339;6579216;6579222;666336;6579219;0
klump;17;5.4;4.4;45.7;27.0;10.0;veg;674759;674763;6583773;6583777;674761;6583775;0
klump;9;5.5;2.8;173.1;27.0;10.5;veg;677610;677612;6581879;6581883;677611;6581881;0
klump;11;6.8;3.3;42.3;27.0;5.5;veg;672846;672850;6583710;6583714;672847;6583712;0
klump;23;7.2;6.1;115.3;27.0;12.5;veg;673702;673708;6578864;6578869;673705;6578866;0
klump;15;6.0;5.6;23.2;27.0;8.0;veg;676929;676933;6575553;6575558;676930;6575556;0
klump;15;7.6;4.5;75.2;27.0;0.0;veg;674751;674757;6583951;6583955;674754;6583953;0
klump;19;8.2;5.0;177.6;27.0;11.5;veg;678077;678081;6580301;6580308;678079;6580305;0
klump;19;7.9;4.6;5.9;27.0;11.5;veg;677934;677938;6580234;6580240;677936;6580237;0
klump;12;8.5;2.5;16.9;27.0;4.0;veg;675812;675815;6584644;6584650;675814;6584647;0
klump;12;4.0;4.0;0.0;27.0;0.0;veg;674621;674624;6585096;6585099;674622;6585098;0
klump;29;9.8;5.3;129.7;27.0;0.0;veg;675158;675166;6583706;6583712;675162;6583709;0
klump;15;9.2;3.2;136.6;27.0;11.5;veg;667696;667701;6581523;6581529;667698;6581526;0
klump;16;6.8;4.7;28.3;27.0;6.0;veg;676864;676868;6575058;6575063;676866;6575060;0
klump;27;8.0;5.5;49.8;27.0;0.0;veg;674876;674882;6585136;6585141;674879;6585138;0
klump;16;7.2;4.2;73.1;27.0;4.5;veg;672545;672551;6584706;6584710;672548;6584708;0
klump;36;9.8;6.8;47.0;27.0;12.0;veg;674692;674700;6583236;6583244;674697;6583240;0
klump;30;10.8;6.3;175.2;27.0;6.0;veg;671682;671688;6582094;6582103;671685;6582098;0
klump;14;4.8;4.0;93.6;27.0;0.0;veg;674556;674560;6583856;6583859;674558;6583858;0
klump;21;8.2;4.6;133.1;27.0;4.5;veg;672543;672548;6584713;6584718;672546;6584716;0
klump;26;16.6;4.2;26.5;27.0;3.0;veg;678045;678052;6581679;6581692;678049;6581685;0
klump;24;6.5;5.5;82.6;27.0;4.5;veg;676726;676731;6575041;6575045;676729;6575043;0
klump;11;7.2;3.2;22.1;27.0;12.0;veg;677784;677787;6577021;6577026;677786;6577023;0
klump;21;9.9;4.9;62.3;27.0;5.5;veg;678085;678092;6581165;6581171;678088;6581168;0
klump;22;7.6;4.9;137.9;27.0;4.5;veg;676805;676811;6575010;6575015;676808;6575012;0
klump;8;4.8;2.1;90.0;27.0;5.0;veg;672166;672169;6583296;6583297;672168;6583296;0
klump;10;7.8;2.0;15.3;27.0;9.0;veg;676437;676439;6584086;6584092;676438;6584089;0
klump;18;5.7;4.7;80.2;27.0;6.0;veg;676975;676980;6575042;6575046;676977;6575044;0
klump;15;5.7;4.7;166.3;27.0;10.0;veg;671689;671693;6583978;6583983;671691;6583980;0
klump;9;5.3;3.4;38.2;27.0;11.0;veg;674225;674228;6583583;6583586;674226;6583585;0
klump;21;6.7;5.5;112.8;27.0;10.5;veg;672871;672876;6584332;6584337;672874;6584334;0
klump;16;5.1;5.0;23.7;27.0;8.0;veg;677125;677129;6575557;6575561;677127;6575559;0
klump;18;6.8;4.5;100.6;27.0;10.0;veg;672592;672598;6584112;6584116;672595;6584114;0
klump;37;9.5;5.5;22.9;27.0;11.0;veg;674239;674245;6583777;6583785;674242;6583781;0
klump;32;10.3;5.6;57.5;27.0;10.0;bygg+veg;676685;676693;6581231;6581238;676689;6581234;0
klump;33;8.5;6.8;106.4;27.0;9.0;veg;674011;674019;6579737;6579744;674015;6579741;0
klump;8;4.5;2.8;7.8;27.0;12.5;veg;673750;673752;6579002;6579005;673751;6579003;0
klump;20;7.3;4.6;156.0;27.0;10.0;veg;672491;672495;6583913;6583919;672493;6583916;0
klump;23;10.6;5.2;35.8;27.0;11.5;veg;673118;673125;6577571;6577579;673122;6577576;0
klump;14;6.1;4.4;166.2;27.0;12.0;veg;677716;677720;6576627;6576632;677718;6576629;0
klump;36;9.8;6.7;19.4;27.0;10.0;veg;672630;672637;6583861;6583869;672634;6583865;0
klump;23;10.7;5.0;148.8;27.0;12.0;veg;677770;677776;6576717;6576724;677773;6576721;0
klump;14;7.5;3.4;58.7;27.0;0.0;veg;674839;674844;6585208;6585212;674842;6585210;0
klump;12;5.3;3.7;158.2;27.0;13.0;veg;672131;672134;6584274;6584278;672132;6584276;0
klump;16;5.3;5.1;104.9;27.0;4.0;veg;675679;675683;6584793;6584798;675681;6584796;0
klump;13;6.6;4.4;110.6;27.0;6.5;veg;677670;677675;6583874;6583878;677673;6583877;0
klump;13;5.2;4.1;48.8;27.0;10.5;veg;677664;677668;6581786;6581790;677666;6581788;0
klump;9;4.0;3.4;116.6;27.0;13.0;veg;672163;672166;6584241;6584244;672165;6584243;0
klump;88;20.0;10.2;54.0;27.0;5.0;veg;672188;672205;6583311;6583324;672196;6583318;0
klump;13;5.4;3.8;96.0;27.0;4.0;veg;675715;675719;6584712;6584715;675717;6584713;0
klump;16;5.8;4.5;68.9;27.0;12.5;veg;672495;672500;6583668;6583672;672497;6583670;0
klump;8;3.7;2.9;135.0;27.0;0.0;veg;674556;674558;6583873;6583875;674557;6583874;0
klump;17;8.7;3.1;161.9;27.0;9.0;veg;674029;674032;6584025;6584031;674030;6584028;0
klump;42;11.5;6.5;110.8;27.0;10.0;veg;674318;674328;6583669;6583676;674323;6583672;0
klump;13;5.2;3.8;159.9;27.0;9.0;veg;674140;674143;6584093;6584097;674141;6584095;0
klump;26;6.6;5.6;132.2;27.0;6.5;veg;676680;676686;6575117;6575122;676683;6575119;0
klump;14;4.9;3.8;24.4;27.0;0.0;veg;674667;674670;6585103;6585107;674669;6585105;0
klump;20;7.7;4.8;159.3;27.0;0.0;veg;674520;674524;6583872;6583879;674522;6583876;0
klump;31;7.4;6.6;20.1;27.0;10.0;veg;672354;672360;6584281;6584288;672357;6584285;0
klump;16;8.0;3.5;35.0;27.0;0.0;veg;674748;674753;6583957;6583963;674751;6583960;0
klump;22;6.3;5.4;48.2;27.0;13.0;veg;672250;672255;6584302;6584307;672253;6584305;0
klump;24;6.9;6.1;65.7;27.0;4.5;veg;672693;672699;6584587;6584592;672696;6584590;0
klump;10;5.0;4.3;166.7;27.0;9.0;veg;673884;673887;6584007;6584011;673886;6584009;0
klump;11;9.4;1.5;135.0;27.0;4.5;veg;674746;674751;6584620;6584625;674749;6584623;0
klump;41;11.8;6.5;100.1;27.0;12.5;veg;672525;672535;6583770;6583776;672530;6583773;0
klump;17;6.7;4.4;65.9;27.0;8.0;veg;677102;677108;6575534;6575538;677105;6575536;0
klump;39;8.5;6.6;158.2;27.0;10.0;veg;672302;672309;6584226;6584233;672306;6584229;0
klump;18;6.3;4.8;53.7;27.0;12.5;veg;672466;672471;6583765;6583770;672469;6583767;0
klump;31;12.7;5.5;58.1;27.0;9.5;veg;677229;677238;6575639;6575647;677233;6575643;0
klump;9;4.5;3.2;71.1;27.0;10.0;veg;674361;674364;6583561;6583563;674362;6583562;0
klump;10;4.7;3.0;140.9;27.0;0.0;veg;674463;674466;6585261;6585264;674464;6585262;0
klump;9;4.4;3.1;92.7;27.0;0.0;veg;674570;674573;6583944;6583946;674571;6583945;0
klump;38;13.5;6.2;141.9;27.0;10.0;veg;672293;672302;6584244;6584254;672297;6584249;0
klump;9;5.9;3.0;64.6;27.0;10.5;veg;674870;674874;6582931;6582933;674872;6582932;0
klump;13;7.3;3.2;18.3;27.0;10.0;veg;674360;674363;6583515;6583520;674362;6583518;0
klump;14;5.5;4.4;114.8;27.0;0.0;veg;674507;674511;6584165;6584169;674509;6584167;0
klump;12;4.7;4.5;7.5;27.0;8.0;veg;676682;676686;6575759;6575762;676684;6575761;0
klump;11;4.7;3.6;0.0;27.0;10.0;veg;674637;674640;6583744;6583748;674638;6583746;0
klump;22;7.3;5.4;175.9;27.0;3.0;veg;677956;677961;6581650;6581656;677958;6581653;0
klump;12;6.2;3.9;134.3;27.0;0.0;veg;674710;674714;6585274;6585278;674711;6585275;0
klump;11;6.1;2.8;10.1;27.0;0.0;veg;674990;674992;6583533;6583537;674991;6583535;0
klump;24;6.4;5.7;108.7;27.0;10.0;veg;674328;674333;6583664;6583669;674331;6583666;0
klump;13;5.5;3.5;32.7;27.0;10.0;veg;672626;672629;6584122;6584126;672627;6584124;0
klump;36;9.6;6.6;131.1;27.0;0.0;veg;674638;674646;6585075;6585083;674642;6585079;0
klump;13;4.5;4.2;14.3;27.0;9.0;veg;674018;674021;6584196;6584199;674020;6584198;0
klump;17;6.3;4.5;173.0;27.0;0.0;veg;674602;674606;6583838;6583843;674604;6583840;0
klump;28;12.0;4.7;75.0;27.0;10.0;veg;672534;672543;6584150;6584155;672538;6584152;0
klump;51;11.7;7.7;30.9;27.0;13.0;veg;672096;672104;6584228;6584238;672099;6584234;0
klump;43;10.5;7.9;9.0;27.0;5.0;veg;671891;671899;6583494;6583503;671895;6583499;0
klump;20;6.9;5.6;151.3;27.0;10.0;veg;671568;671572;6584105;6584111;671570;6584108;0
klump;9;3.5;3.5;0.0;27.0;0.0;veg;674570;674572;6585304;6585306;674571;6585305;0
klump;25;9.6;7.2;6.2;27.0;5.5;veg;678063;678068;6581051;6581058;678065;6581055;0
klump;15;5.9;4.7;151.0;27.0;10.0;veg;672484;672488;6584021;6584025;672487;6584023;0
klump;71;18.8;7.9;177.1;27.0;6.0;veg;675167;675175;6583908;6583925;675171;6583916;0
klump;28;12.4;5.6;0.2;27.0;10.0;veg;672707;672712;6584093;6584102;672709;6584097;0
klump;30;10.1;5.4;42.8;27.0;0.0;veg;674822;674829;6583349;6583357;674826;6583353;0
klump;27;8.9;5.3;22.9;27.0;0.0;veg;674586;674591;6584165;6584173;674589;6584168;0
klump;14;10.3;3.7;175.2;27.0;10.0;veg;676352;676355;6581076;6581084;676353;6581080;0
klump;33;9.1;8.5;80.4;27.0;6.5;veg;672860;672869;6584315;6584324;672864;6584319;1
klump;12;5.7;3.6;78.0;27.0;9.0;veg;674103;674107;6584175;6584178;674105;6584176;0
klump;9;4.6;3.4;74.3;27.0;0.0;veg;673707;673710;6577815;6577818;673709;6577817;0
klump;8;5.4;4.6;119.0;27.0;4.5;veg;672735;672738;6584741;6584744;672737;6584742;0
klump;9;4.5;2.8;125.8;27.0;9.0;veg;674001;674004;6583867;6583869;674003;6583868;0
klump;16;7.6;3.7;74.8;27.0;10.5;veg;675033;675039;6582988;6582991;675036;6582990;0
klump;10;5.6;2.7;12.9;27.0;5.0;veg;666169;666171;6584331;6584335;666170;6584333;0
klump;10;7.2;2.7;152.4;27.0;0.0;veg;674586;674589;6584128;6584133;674588;6584130;0
klump;8;5.2;3.6;10.0;27.0;4.0;veg;675657;675660;6584762;6584765;675658;6584763;0
klump;20;7.9;4.6;164.2;27.0;12.0;veg;677815;677819;6576713;6576720;677817;6576717;0
klump;8;4.2;2.8;173.0;27.0;0.0;veg;675190;675192;6584835;6584838;675191;6584837;0
klump;11;6.0;3.9;167.4;27.0;7.0;veg;669797;669800;6585128;6585133;669798;6585130;0
klump;35;9.7;7.0;159.2;27.0;6.0;veg;677562;677569;6580016;6580024;677565;6580020;0
klump;8;3.7;3.5;90.0;27.0;0.0;veg;675268;675271;6584984;6584986;675270;6584985;0
klump;35;12.2;7.4;128.5;27.0;6.0;veg;666133;666142;6582498;6582507;666137;6582503;0
klump;13;7.5;3.4;62.0;27.0;7.5;veg;678149;678155;6581881;6581885;678152;6581883;0
klump;19;6.1;4.6;164.7;27.0;12.5;veg;672720;672724;6583762;6583767;672722;6583765;0
klump;11;11.4;1.8;54.9;27.0;6.5;veg;675019;675026;6584734;6584739;675023;6584736;0
klump;14;6.0;3.3;146.9;27.0;10.0;veg;674548;674552;6583769;6583773;674550;6583771;0
klump;23;7.5;6.0;167.3;27.0;11.5;veg;678096;678101;6580322;6580329;678099;6580326;0
klump;10;5.1;3.0;23.8;27.0;6.5;veg;676768;676771;6575106;6575110;676770;6575108;0
klump;23;7.7;6.2;73.7;27.0;4.5;veg;676852;676858;6575066;6575071;676856;6575068;0
klump;13;5.8;3.2;154.1;27.0;10.0;veg;672557;672560;6584197;6584201;672558;6584199;0
klump;18;8.8;3.2;163.5;27.0;4.5;veg;675771;675774;6575046;6575053;675773;6575050;0
klump;21;6.9;5.1;45.5;27.0;10.0;veg;672587;672592;6584026;6584031;672590;6584028;0
klump;10;5.0;2.9;159.5;27.0;7.0;veg;674956;674958;6575288;6575292;674957;6575290;0
klump;47;12.6;6.1;131.4;27.0;4.0;veg;675819;675828;6584671;6584680;675823;6584675;0
klump;18;6.5;4.4;1.5;27.0;6.5;veg;675216;675220;6584766;6584771;675218;6584769;0
klump;15;9.4;4.0;138.5;27.0;0.0;veg;674595;674600;6583881;6583888;674597;6583885;0
klump;16;5.5;4.5;167.1;27.0;10.0;veg;672319;672323;6584301;6584306;672321;6584304;0
klump;24;6.4;5.5;76.5;27.0;9.0;veg;674106;674111;6584074;6584079;674109;6584076;0
klump;33;7.8;6.0;69.9;27.0;0.0;veg;674591;674597;6584014;6584019;674594;6584016;0
klump;23;7.8;5.3;142.7;27.0;13.5;veg;675902;675907;6576597;6576603;675905;6576600;0
klump;13;11.1;2.1;29.7;27.0;4.0;veg;673116;673121;6578322;6578329;673119;6578325;0
klump;21;7.3;4.8;142.2;27.0;4.5;veg;675654;675659;6575087;6575093;675657;6575090;0
klump;9;4.1;3.0;159.7;27.0;11.0;bygg;671483;671485;6576891;6576894;671484;6576893;0
klump;13;8.0;2.3;171.2;27.0;4.0;veg;675740;675742;6584622;6584629;675741;6584625;0
klump;29;11.3;4.8;159.9;27.0;5.5;veg;672769;672775;6583704;6583712;672772;6583708;0
klump;9;4.1;3.0;69.7;27.0;0.0;veg;674686;674689;6585188;6585190;674687;6585189;0
klump;41;12.2;6.9;65.5;27.0;6.0;veg;677649;677659;6579960;6579968;677654;6579964;0
klump;12;6.5;3.1;116.2;27.0;10.0;veg;672623;672628;6584079;6584082;672625;6584080;0
klump;8;5.2;2.6;135.0;27.0;10.0;veg;672531;672534;6584163;6584166;672533;6584165;0
klump;16;9.5;3.0;85.8;27.0;13.0;veg;672016;672024;6584932;6584934;672020;6584933;0
klump;50;14.6;10.8;121.6;27.0;4.5;veg;672652;672666;6584400;6584411;672658;6584405;0
klump;16;8.3;3.6;127.5;27.0;4.5;veg;672712;672718;6584411;6584416;672714;6584414;0
klump;33;10.3;5.0;100.0;27.0;10.0;veg;672583;672592;6584126;6584131;672587;6584128;0
klump;8;4.2;3.0;1.8;27.0;10.0;veg;674571;674573;6583791;6583794;674572;6583793;0
klump;15;4.8;4.2;166.0;27.0;8.5;veg;678331;678334;6575969;6575973;678332;6575971;0
klump;9;4.5;2.8;174.0;27.0;0.0;veg;674716;674718;6585153;6585156;674717;6585154;0
klump;19;7.0;5.2;11.0;27.0;9.5;veg;677116;677120;6575713;6575719;677118;6575716;0
klump;26;10.6;5.0;112.2;27.0;13.5;veg;675910;675919;6576296;6576301;675915;6576298;0
klump;12;4.6;3.5;147.9;27.0;9.0;veg;674190;674193;6583969;6583972;674191;6583971;0
klump;25;9.3;5.3;166.3;27.0;4.5;veg;672625;672630;6584710;6584718;672627;6584714;0
klump;38;12.7;7.7;165.3;27.0;12.0;veg;677741;677749;6576972;6576983;677744;6576977;0
klump;17;5.4;4.7;67.5;27.0;6.5;veg;674235;674240;6575929;6575933;674238;6575931;0
klump;11;4.8;3.2;149.7;27.0;0.0;veg;674723;674726;6585065;6585068;674724;6585067;0
klump;14;7.2;5.6;104.4;27.0;12.0;veg;670327;670333;6578432;6578437;670331;6578435;0
klump;14;5.9;4.3;107.8;27.0;10.0;veg;672638;672643;6584016;6584020;672641;6584018;0
klump;9;4.6;3.2;64.1;27.0;6.0;veg;674856;674859;6583930;6583933;674857;6583931;0
klump;16;6.1;5.2;60.4;27.0;12.5;veg;673536;673541;6579069;6579074;673538;6579071;0
klump;14;5.3;4.1;64.6;27.0;0.0;veg;674746;674750;6585038;6585041;674748;6585040;0
klump;27;8.5;5.7;86.7;27.0;6.0;veg;676985;676992;6575041;6575046;676989;6575044;0
klump;20;6.1;4.9;177.8;27.0;3.0;veg;678212;678216;6581489;6581494;678214;6581492;0
klump;13;6.5;3.8;73.8;27.0;9.0;veg;674101;674106;6584092;6584095;674103;6584094;0
klump;17;6.5;4.5;126.2;27.0;6.0;veg;677559;677563;6580026;6580031;677561;6580028;0
klump;16;6.8;3.8;61.7;27.0;13.0;veg;672155;672160;6584229;6584233;672157;6584232;0
klump;55;9.6;9.5;1.3;27.0;13.5;veg;671011;671020;6576989;6576998;671015;6576994;0
klump;31;8.1;6.3;27.2;27.0;12.5;veg;672511;672517;6583661;6583668;672513;6583665;0
klump;12;7.0;4.3;14.5;27.0;13.5;veg;677984;677988;6578709;6578715;677986;6578712;0
klump;30;7.9;5.9;3.6;27.0;12.5;veg;672296;672302;6583441;6583448;672299;6583444;0
klump;32;7.7;7.0;93.6;27.0;10.0;veg;672262;672269;6584158;6584164;672265;6584161;0
klump;25;10.9;4.7;126.4;27.0;0.0;veg;675234;675241;6583690;6583696;675237;6583693;0
klump;16;6.5;4.1;130.3;27.0;6.0;veg;675104;675109;6584120;6584125;675107;6584123;0
klump;15;6.7;3.1;142.5;27.0;8.0;veg;677175;677179;6575560;6575565;677177;6575562;0
klump;19;6.0;4.6;142.7;27.0;10.5;veg;674861;674865;6582979;6582984;674863;6582981;0
klump;14;6.9;3.7;174.3;27.0;4.5;veg;675762;675765;6575057;6575063;675763;6575060;0
klump;20;5.6;4.9;45.0;27.0;9.0;veg;674100;674104;6584115;6584119;674102;6584117;0
klump;12;4.7;3.8;26.2;27.0;7.5;veg;678175;678178;6581762;6581766;678176;6581764;0
klump;10;4.9;3.3;13.1;27.0;0.0;veg;674477;674480;6583902;6583906;674479;6583904;0
klump;34;10.1;6.3;176.7;27.0;6.5;veg;672902;672908;6583945;6583955;672905;6583950;0
klump;13;4.9;4.2;102.9;27.0;0.0;veg;674775;674779;6585109;6585112;674777;6585111;0
klump;11;5.6;3.6;60.6;27.0;7.5;veg;677904;677908;6581913;6581916;677905;6581915;0
klump;73;15.4;9.8;105.3;27.0;6.5;veg;675213;675227;6584680;6584690;675220;6584685;0
klump;25;7.0;5.5;20.4;27.0;0.0;veg;675299;675305;6583408;6583414;675302;6583411;0
klump;17;6.2;5.0;29.9;27.0;7.5;veg;668582;668586;6579139;6579144;668584;6579142;0
klump;12;5.1;3.3;178.1;27.0;0.0;veg;674368;674370;6585270;6585274;674369;6585272;0
klump;8;3.7;3.0;90.0;27.0;0.0;veg;674583;674586;6584111;6584113;674584;6584112;0
klump;10;5.0;3.5;155.8;27.0;8.0;veg;676702;676705;6575746;6575750;676704;6575748;0
klump;10;5.3;2.6;173.2;27.0;10.0;veg;671672;671674;6584042;6584046;671673;6584044;0
klump;23;9.1;5.9;34.7;27.0;12.0;veg;677784;677790;6576735;6576743;677787;6576739;0
klump;31;8.0;7.0;72.5;27.0;12.5;veg;677283;677290;6581821;6581827;677287;6581824;0
klump;39;12.7;5.8;145.1;27.0;6.5;veg;675053;675061;6584520;6584530;675057;6584526;0
klump;45;12.7;6.1;106.5;27.0;9.0;veg;674238;674248;6584100;6584107;674243;6584104;0
klump;18;7.5;4.1;38.3;27.0;6.0;veg;671728;671733;6582013;6582018;671731;6582015;0
klump;20;9.3;5.7;12.3;27.0;11.5;veg;673256;673261;6577594;6577602;673258;6577598;0
klump;9;7.3;2.4;153.9;27.0;9.0;veg;674072;674075;6584004;6584008;674073;6584006;0
klump;16;6.5;4.3;27.4;27.0;7.0;veg;666722;666726;6579207;6579212;666723;6579209;0
klump;9;4.5;2.8;174.0;27.0;0.0;veg;674716;674718;6585254;6585257;674717;6585255;0
klump;16;5.6;4.5;1.4;27.0;0.0;veg;674625;674628;6583844;6583849;674627;6583846;0
klump;11;5.0;3.9;20.1;27.0;9.5;veg;677849;677852;6581296;6581300;677850;6581298;0
klump;9;5.0;3.7;4.7;27.0;6.0;veg;666159;666161;6582462;6582465;666160;6582464;0
klump;16;7.3;4.0;159.2;27.0;6.0;veg;666131;666135;6582456;6582462;666132;6582459;0
klump;32;13.4;4.5;59.5;27.0;10.5;bygg;672194;672206;6578840;6578847;672199;6578844;0
klump;15;5.4;4.6;72.7;27.0;8.0;veg;677369;677373;6575501;6575505;677371;6575503;0
klump;21;7.1;5.6;8.6;27.0;8.5;veg;677144;677149;6580923;6580929;677146;6580927;0
klump;18;7.4;3.8;96.1;27.0;10.0;veg;672505;672511;6583870;6583873;672508;6583871;0
klump;20;5.9;5.1;11.1;27.0;6.5;veg;675185;675189;6584748;6584753;675187;6584750;0
klump;16;17.1;1.6;60.2;27.0;6.5;veg;674818;674830;6584607;6584613;674824;6584610;0
klump;29;7.3;6.6;16.2;27.0;4.0;veg;675698;675704;6584821;6584827;675702;6584823;0
klump;12;5.0;4.2;40.7;27.0;6.0;veg;676955;676959;6575083;6575087;676957;6575086;0
klump;14;5.1;4.2;153.4;27.0;0.0;veg;674813;674816;6584028;6584032;674815;6584030;1
klump;10;4.3;4.2;0.0;27.0;10.0;veg;672469;672472;6583970;6583973;672471;6583971;0
klump;11;5.3;3.5;145.8;27.0;6.0;veg;674023;674026;6575556;6575559;674024;6575557;0
klump;20;6.9;5.1;16.0;27.0;11.0;veg;674261;674266;6583554;6583560;674264;6583557;0
klump;18;6.3;3.9;34.0;27.0;10.0;veg;672653;672657;6583852;6583857;672655;6583854;0
klump;22;8.0;5.8;16.4;27.0;5.0;veg;672146;672151;6583431;6583437;672149;6583434;0
klump;22;9.2;5.6;162.4;27.0;4.5;veg;672671;672676;6584620;6584627;672673;6584624;0
klump;9;4.8;3.3;95.2;27.0;0.0;veg;674526;674530;6584172;6584174;674528;6584173;0
klump;11;5.8;2.8;164.8;27.0;4.0;veg;675734;675736;6584624;6584628;675735;6584626;0
klump;23;9.8;3.8;3.5;27.0;9.5;veg;677046;677049;6575733;6575741;677047;6575737;0
klump;15;7.2;4.3;137.3;27.0;10.0;veg;672320;672325;6584168;6584173;672322;6584171;0
klump;24;9.8;5.4;1.5;27.0;0.0;veg;675927;675932;6584695;6584703;675929;6584699;0
klump;17;5.9;5.1;25.3;27.0;8.0;veg;677110;677115;6575480;6575485;677113;6575482;0
klump;11;5.1;4.0;99.0;27.0;12.5;veg;673619;673623;6579031;6579034;673621;6579032;0
klump;8;5.8;2.5;76.0;27.0;0.0;veg;674649;674653;6583808;6583810;674651;6583809;0
klump;20;6.3;5.5;135.0;27.0;11.0;veg;674136;674141;6583606;6583612;674139;6583609;0
klump;33;8.9;5.6;173.7;27.0;0.0;veg;674562;674567;6583837;6583844;674565;6583840;0
klump;13;5.6;3.8;116.1;27.0;8.0;veg;677143;677147;6575587;6575590;677145;6575589;0
klump;8;4.2;2.8;97.0;27.0;9.0;veg;674062;674065;6584132;6584134;674063;6584133;0
klump;9;4.6;3.2;65.8;27.0;10.0;veg;672634;672637;6584099;6584101;672635;6584100;0
klump;11;4.6;3.2;74.9;27.0;0.0;veg;674423;674426;6583871;6583873;674425;6583872;0
klump;19;6.3;5.8;71.1;27.0;10.5;veg;677846;677852;6581797;6581803;677849;6581800;0
klump;9;5.7;3.9;141.8;27.0;8.0;veg;668295;668299;6581123;6581127;668297;6581125;0
klump;37;12.9;5.6;6.6;27.0;0.0;veg;674563;674568;6583807;6583818;674565;6583813;1
klump;9;5.0;2.7;13.3;27.0;9.0;veg;674294;674296;6584127;6584130;674295;6584128;0
klump;20;6.7;4.8;80.4;27.0;10.0;veg;672407;672413;6584164;6584168;672410;6584166;0
klump;10;4.8;3.1;164.0;27.0;10.0;veg;672314;672316;6584074;6584077;672315;6584075;0
klump;13;7.1;2.6;150.1;27.0;0.0;veg;674650;674653;6585167;6585172;674651;6585170;0
klump;26;10.3;5.5;140.8;27.0;3.0;veg;677910;677918;6581540;6581548;677914;6581544;0
klump;27;8.3;7.7;137.0;27.0;10.5;veg;672798;672806;6584326;6584333;672801;6584330;0
klump;28;7.9;5.6;151.2;27.0;7.5;veg;677174;677180;6580108;6580115;677177;6580111;0
klump;8;4.4;3.3;122.5;27.0;0.0;veg;667751;667754;6578347;6578350;667753;6578349;0
klump;34;9.6;5.7;109.7;27.0;10.0;veg;672307;672316;6584219;6584224;672311;6584222;0
klump;14;4.9;4.8;38.7;27.0;6.5;veg;676633;676637;6575228;6575232;676635;6575229;0
klump;17;6.2;4.9;108.5;27.0;6.5;veg;676574;676579;6575222;6575226;676577;6575224;0
klump;16;5.4;4.3;40.3;27.0;0.0;veg;674790;674794;6585234;6585238;674792;6585236;0
klump;15;5.7;3.6;158.1;27.0;8.5;veg;666338;666341;6580633;6580637;666340;6580635;0
klump;8;4.5;3.7;99.6;27.0;11.5;veg;667397;667400;6581321;6581324;667399;6581322;0
klump;13;5.9;4.6;57.1;27.0;10.0;veg;672545;672549;6584023;6584027;672546;6584025;0
klump;34;9.2;6.8;32.1;27.0;6.5;veg;672777;672784;6584056;6584064;672780;6584060;0
klump;17;5.3;4.4;62.9;27.0;0.0;veg;674737;674741;6585057;6585061;674739;6585059;0
klump;9;4.1;3.0;110.3;27.0;10.0;veg;672500;672503;6583885;6583887;672502;6583886;0
klump;21;7.9;4.9;85.0;27.0;10.0;veg;672518;672525;6584032;6584037;672521;6584035;0
klump;13;6.4;3.4;5.9;27.0;7.0;veg;666275;666277;6582243;6582248;666276;6582246;0
klump;12;4.3;4.2;135.0;27.0;0.0;veg;674728;674731;6585240;6585243;674730;6585242;0
klump;16;6.1;4.4;17.5;27.0;4.5;veg;675782;675785;6575029;6575033;675783;6575031;0
klump;11;5.8;3.8;123.0;27.0;8.0;veg;676747;676751;6575790;6575793;676749;6575791;0
klump;38;10.2;6.3;140.0;27.0;8.5;veg;677676;677684;6580821;6580829;677680;6580825;0
klump;12;6.1;3.8;169.7;27.0;5.5;veg;673086;673089;6583665;6583670;673087;6583668;0
klump;24;7.0;5.1;174.1;27.0;10.0;veg;672550;672554;6584122;6584128;672552;6584125;0
klump;12;5.5;3.8;96.6;27.0;9.5;veg;677188;677192;6575675;6575678;677191;6575677;0
klump;35;8.5;6.2;12.8;27.0;4.0;veg;675378;675384;6584808;6584815;675380;6584812;0
klump;12;6.5;3.9;115.1;27.0;10.5;veg;677585;677589;6581931;6581935;677587;6581933;0
klump;9;9.2;2.4;179.5;27.0;11.0;veg;671670;671672;6583116;6583122;671671;6583120;0
klump;12;5.7;4.1;5.5;27.0;6.0;veg;677120;677123;6575019;6575023;677121;6575021;0
klump;30;7.7;7.2;79.7;27.0;10.0;veg;672728;672734;6583810;6583817;672730;6583814;0
klump;9;4.9;4.0;90.0;27.0;11.5;bygg;673111;673114;6577381;6577384;673113;6577382;0
klump;12;6.0;3.6;3.3;27.0;7.0;veg;666709;666712;6579207;6579212;666711;6579210;0
klump;19;7.2;5.5;174.7;27.0;12.5;veg;672291;672296;6583437;6583443;672294;6583440;0
klump;9;8.2;3.1;105.1;27.0;11.5;veg;677936;677941;6580262;6580265;677938;6580263;0
klump;13;6.9;3.0;36.2;27.0;0.0;veg;678660;678664;6575920;6575924;678662;6575922;0
klump;23;6.6;5.8;9.8;27.0;9.0;veg;674141;674146;6584118;6584124;674143;6584121;0
klump;21;8.7;6.3;76.7;27.0;0.0;veg;677894;677901;6577589;6577594;677897;6577592;0
klump;35;9.2;6.6;45.9;27.0;5.0;veg;672143;672151;6583339;6583346;672147;6583343;0
klump;10;4.9;3.8;122.2;27.0;9.5;veg;677096;677099;6575652;6575655;677097;6575653;0
klump;9;5.6;3.3;59.7;27.0;9.0;veg;674030;674034;6584106;6584109;674032;6584107;0
klump;24;11.3;3.8;121.6;27.0;9.0;veg;674209;674218;6583911;6583916;674214;6583914;0
klump;14;6.9;5.7;32.5;27.0;10.5;veg;677638;677643;6581914;6581920;677641;6581918;0
klump;14;6.0;4.0;35.9;27.0;8.0;veg;677129;677133;6575565;6575569;677131;6575567;0
klump;20;7.9;5.2;21.2;27.0;11.5;veg;677991;677996;6580285;6580291;677994;6580287;0
klump;22;9.4;5.9;54.0;27.0;9.0;veg;673563;673571;6584179;6584185;673568;6584182;0
klump;64;15.6;7.6;70.2;27.0;10.5;veg;672772;672784;6584730;6584739;672779;6584734;0
klump;18;7.2;4.3;14.2;27.0;10.0;veg;672379;672383;6584053;6584059;672381;6584056;0
klump;22;6.2;5.1;33.1;27.0;11.5;veg;666297;666302;6579442;6579447;666300;6579444;0
klump;16;9.6;3.9;164.7;27.0;6.0;veg;674632;674636;6576334;6576342;674633;6576338;0
klump;11;8.4;2.3;35.2;27.0;11.0;veg;674254;674258;6583577;6583582;674256;6583580;0
klump;8;4.9;3.2;74.8;27.0;7.0;veg;666708;666711;6579240;6579242;666710;6579241;0
klump;22;9.0;5.6;57.8;27.0;12.5;veg;672721;672728;6583802;6583808;672725;6583804;1
klump;12;4.3;4.1;153.4;27.0;9.0;veg;674297;674300;6583892;6583895;674298;6583893;0
klump;8;4.5;2.9;29.9;27.0;9.5;veg;677770;677772;6581421;6581424;677771;6581422;0
klump;9;5.7;4.2;172.1;27.0;3.0;veg;678105;678108;6581736;6581740;678107;6581738;0
klump;22;9.1;4.3;84.6;27.0;6.0;veg;677469;677477;6580143;6580147;677474;6580145;0
klump;14;6.1;4.2;172.0;27.0;7.5;veg;674759;674762;6575434;6575439;674760;6575436;0
klump;19;7.8;5.0;29.4;27.0;4.5;veg;676718;676723;6575092;6575098;676721;6575095;0
klump;13;5.3;5.0;71.6;27.0;10.0;veg;672460;672464;6583958;6583962;672462;6583960;0
klump;14;5.5;4.0;23.4;27.0;8.0;veg;677107;677110;6575459;6575463;677108;6575461;0
klump;22;10.1;3.9;143.6;27.0;0.0;veg;674707;674713;6585041;6585048;674710;6585044;0
klump;39;11.3;9.3;113.7;27.0;11.5;veg;675098;675109;6577664;6577672;675103;6577667;0
klump;28;9.5;5.0;164.2;27.0;6.0;veg;677569;677574;6580029;6580037;677572;6580033;0
klump;22;8.1;4.8;103.1;27.0;9.0;veg;673861;673867;6584028;6584033;673864;6584030;0
klump;13;5.3;3.9;93.9;27.0;11.5;veg;677733;677737;6575971;6575974;677735;6575973;0
klump;8;5.2;2.8;0.0;27.0;7.5;veg;668292;668294;6578960;6578964;668293;6578962;0
klump;12;7.6;3.0;170.5;27.0;3.0;veg;677905;677908;6581561;6581567;677906;6581564;0
klump;13;5.3;4.6;113.7;27.0;7.5;veg;667005;667009;6581054;6581058;667007;6581056;0
klump;8;4.4;3.6;67.5;27.0;9.0;veg;674197;674200;6584011;6584014;674199;6584012;0
klump;38;9.2;7.8;157.3;27.0;11.0;veg;678756;678764;6575241;6575249;678760;6575245;0
klump;11;5.0;3.4;114.3;27.0;10.0;veg;672310;672314;6584178;6584181;672312;6584180;0
klump;9;4.7;4.0;146.6;27.0;7.0;bygg+veg;666933;666936;6584827;6584830;666934;6584829;0
klump;18;10.5;3.2;100.8;27.0;6.0;veg;666249;666258;6582335;6582338;666254;6582336;0
klump;8;6.9;2.6;57.6;27.0;3.0;veg;678128;678132;6581739;6581742;678130;6581740;0
klump;12;7.3;3.5;44.0;27.0;10.5;veg;672899;672903;6584395;6584400;672901;6584398;0
klump;8;6.0;3.3;83.4;27.0;10.5;veg;677666;677670;6581804;6581806;677668;6581805;0
klump;15;5.6;4.7;88.1;27.0;5.0;veg;671886;671891;6583323;6583327;671889;6583325;0
klump;14;8.5;4.7;90.6;27.0;8.0;veg;669176;669182;6585079;6585083;669179;6585081;0
klump;12;5.4;3.6;32.5;27.0;6.0;veg;666263;666266;6582301;6582305;666264;6582303;0
klump;22;7.5;4.6;56.2;27.0;10.0;veg;672377;672382;6584301;6584306;672379;6584304;0
klump;24;8.1;7.0;37.2;27.0;4.5;veg;672681;672687;6584607;6584614;672684;6584610;0
klump;8;4.5;2.8;172.2;27.0;8.0;veg;668312;668314;6581134;6581137;668313;6581135;0
klump;12;5.1;3.3;121.1;27.0;0.0;veg;674545;674548;6583823;6583826;674546;6583825;0
klump;23;7.9;5.6;145.0;27.0;6.5;veg;676644;676650;6575236;6575243;676647;6575239;0
klump;10;5.5;3.7;133.7;27.0;6.0;veg;676944;676947;6575053;6575056;676946;6575054;0
klump;9;4.7;2.8;68.7;27.0;11.5;veg;674094;674097;6585090;6585092;674096;6585091;0
klump;10;5.7;3.8;1.1;27.0;9.0;veg;673907;673910;6583959;6583963;673908;6583961;0
klump;8;3.7;2.9;45.0;27.0;0.0;veg;674492;674494;6585246;6585248;674493;6585247;0
klump;21;8.6;5.8;158.4;27.0;4.5;veg;672681;672687;6584583;6584590;672684;6584586;0
klump;18;11.9;2.0;0.4;27.0;14.0;veg;670399;670400;6583232;6583241;670400;6583236;0
klump;8;4.2;2.8;162.7;27.0;0.0;veg;674709;674711;6585280;6585283;674710;6585282;0
klump;13;4.8;4.1;39.5;27.0;0.0;veg;674961;674964;6583531;6583534;674963;6583532;0
klump;27;7.8;6.7;52.4;27.0;10.0;veg;672625;672632;6583869;6583875;672628;6583872;0
klump;14;7.4;3.8;123.9;27.0;9.5;veg;677671;677676;6581446;6581450;677674;6581448;0
klump;9;4.9;3.0;100.3;27.0;8.5;veg;678134;678137;6575993;6575995;678135;6575994;0
klump;16;6.9;4.5;149.5;27.0;0.0;veg;674632;674636;6583810;6583815;674634;6583813;0
klump;10;6.9;3.4;72.9;27.0;4.5;veg;672649;672654;6584642;6584645;672651;6584643;0
klump;10;5.5;3.4;92.7;27.0;0.0;veg;674773;674777;6585236;6585239;674775;6585238;0
klump;15;10.0;3.8;16.5;27.0;6.0;veg;666510;666514;6585074;6585081;666512;6585078;0
klump;8;5.8;2.8;86.2;27.0;11.0;bygg;669076;669080;6575686;6575688;669078;6575687;0
klump;11;4.4;3.9;9.8;27.0;10.0;veg;672324;672327;6584210;6584213;672326;6584212;0
klump;17;6.1;4.1;6.3;27.0;10.0;veg;674316;674320;6583707;6583712;674318;6583710;0
klump;11;6.5;4.2;88.7;27.0;6.5;veg;676484;676489;6575606;6575609;676486;6575608;0
klump;9;5.6;4.4;122.7;27.0;8.0;veg;677403;677407;6575523;6575527;677405;6575525;0
klump;14;5.4;3.7;38.1;27.0;10.0;veg;674509;674513;6583378;6583382;674511;6583380;0
klump;15;6.7;4.1;22.8;27.0;12.0;veg;677778;677782;6576734;6576739;677780;6576736;0
klump;13;6.2;3.7;170.3;27.0;8.0;veg;676736;676739;6575699;6575704;676737;6575701;0
klump;28;7.5;5.5;111.1;27.0;13.5;veg;674903;674909;6577124;6577129;674906;6577126;0
klump;22;11.7;3.4;38.5;27.0;5.0;veg;671752;671759;6583512;6583520;671755;6583516;0
klump;15;6.0;5.1;14.5;27.0;0.0;veg;674516;674520;6585159;6585164;674518;6585162;0
klump;17;6.7;5.8;0.3;27.0;10.5;veg;672859;672864;6584390;6584395;672861;6584392;0
klump;15;7.9;4.3;137.4;27.0;6.0;veg;674817;674822;6584140;6584145;674819;6584142;0
klump;20;6.6;6.0;131.3;27.0;6.5;veg;676674;676680;6575110;6575115;676677;6575112;0
klump;24;7.8;4.8;121.6;27.0;6.5;veg;676645;676652;6575162;6575167;676649;6575165;0
klump;25;9.3;5.8;123.3;27.0;10.0;veg;671735;671742;6583886;6583892;671739;6583889;0
klump;16;7.4;3.9;126.0;27.0;11.0;veg;674210;674216;6583618;6583623;674213;6583621;0
klump;9;6.3;4.1;99.2;27.0;11.5;veg;666286;666291;6579359;6579362;666288;6579360;0
klump;15;5.6;4.1;172.5;27.0;12.0;veg;671095;671098;6584121;6584125;671097;6584123;0
klump;27;6.7;6.2;79.1;27.0;0.0;veg;675037;675043;6583398;6583403;675040;6583401;0
klump;22;6.4;5.8;31.3;27.0;0.0;veg;674382;674388;6584056;6584061;674385;6584058;0
klump;8;4.2;2.8;162.7;27.0;7.5;veg;674482;674484;6575450;6575453;674483;6575452;0
klump;10;4.5;3.4;126.3;27.0;0.0;veg;678837;678840;6576027;6576030;678838;6576029;0
klump;12;5.9;4.2;175.3;27.0;9.5;veg;672056;672059;6584488;6584492;672058;6584490;0
klump;9;4.0;3.9;0.0;27.0;8.0;veg;666917;666920;6580677;6580680;666919;6580678;0
klump;21;10.4;5.7;177.2;27.0;7.5;veg;666729;666735;6581096;6581104;666732;6581100;0
klump;10;5.3;2.7;119.8;27.0;11.5;veg;670871;670875;6579038;6579040;670873;6579039;0
klump;8;3.7;3.0;90.0;27.0;6.5;veg;672932;672935;6583827;6583829;672934;6583828;0
klump;20;7.1;5.3;158.9;27.0;4.5;veg;672500;672504;6584658;6584664;672502;6584661;0
klump;30;11.4;5.8;171.2;27.0;6.0;veg;666503;666509;6585077;6585087;666506;6585083;0
klump;11;4.5;3.6;0.0;27.0;0.0;veg;674646;674648;6583948;6583951;674647;6583949;0
klump;31;11.1;5.7;78.5;27.0;6.5;veg;675243;675251;6584709;6584714;675247;6584711;0
klump;14;6.2;3.3;176.4;27.0;4.5;veg;675701;675703;6575029;6575034;675702;6575032;0
klump;9;8.1;1.7;31.9;27.0;11.5;veg;671574;671577;6578033;6578038;671575;6578035;0
klump;9;4.7;3.2;66.0;27.0;6.0;veg;674023;674026;6575543;6575546;674024;6575544;0
klump;8;4.5;3.2;145.3;27.0;11.5;veg;677790;677793;6575750;6575753;677792;6575752;0
klump;15;8.2;4.3;149.0;27.0;6.0;veg;666297;666302;6582331;6582337;666299;6582334;0
klump;19;16.2;2.1;7.9;27.0;9.0;veg;676441;676444;6584109;6584122;676443;6584115;0
klump;16;5.3;4.2;61.0;27.0;9.0;veg;674239;674243;6583975;6583979;674241;6583977;0
klump;19;7.1;4.6;162.5;27.0;12.5;veg;673708;673712;6578869;6578874;673710;6578871;0
klump;23;6.0;5.9;63.4;27.0;0.0;veg;674365;674370;6585281;6585287;674368;6585284;0
klump;31;8.0;6.7;123.5;27.0;0.0;veg;675197;675204;6584872;6584878;675201;6584875;0
klump;27;10.5;6.1;114.4;27.0;6.5;veg;677676;677684;6583901;6583907;677680;6583904;0
klump;13;6.4;4.1;48.1;27.0;9.5;veg;677191;677195;6575637;6575641;677192;6575640;0
klump;13;6.0;3.5;175.3;27.0;10.0;veg;672671;672674;6583972;6583977;672672;6583975;0
klump;17;7.3;3.5;153.0;27.0;0.0;veg;675277;675281;6583691;6583697;675279;6583694;0
klump;13;6.0;4.5;156.1;27.0;4.5;veg;672489;672493;6584758;6584763;672492;6584760;0
klump;8;6.5;1.8;121.2;27.0;0.0;veg;675225;675229;6583737;6583740;675227;6583738;0
klump;12;7.3;2.9;61.9;27.0;0.0;veg;674820;674825;6585186;6585189;674822;6585188;0
klump;13;5.5;3.3;22.1;27.0;10.0;veg;671574;671577;6584136;6584140;671575;6584138;0
klump;17;5.6;5.3;8.7;27.0;13.0;veg;671795;671800;6584229;6584234;671797;6584232;0
klump;8;4.2;2.8;162.7;27.0;10.0;bygg;676951;676953;6579192;6579195;676952;6579193;0
klump;20;7.2;4.0;41.5;27.0;0.0;veg;674673;674678;6585170;6585175;674676;6585173;0
klump;8;3.7;3.6;45.0;27.0;10.0;veg;674313;674316;6583574;6583577;674314;6583576;0
klump;25;7.1;5.3;129.7;27.0;6.5;veg;676801;676807;6575178;6575183;676805;6575181;0
klump;12;4.6;3.8;169.7;27.0;0.0;veg;675257;675260;6583578;6583581;675259;6583580;0
klump;9;4.3;3.5;45.0;27.0;10.0;bygg;675439;675442;6576370;6576373;675440;6576371;0
klump;9;5.4;3.2;78.2;27.0;12.0;veg;677748;677752;6576609;6576611;677750;6576610;0
klump;13;5.1;3.5;154.2;27.0;6.5;veg;675660;675663;6575152;6575156;675662;6575154;0
klump;8;4.3;3.3;78.7;27.0;0.0;veg;678257;678260;6576776;6576778;678259;6576777;0
klump;12;6.8;3.5;122.4;27.0;4.5;veg;676840;676844;6575058;6575061;676842;6575060;0
klump;11;4.9;4.6;132.4;27.0;5.5;veg;672840;672843;6583701;6583705;672841;6583703;0
klump;8;5.0;2.9;41.1;27.0;10.5;veg;672816;672819;6584404;6584407;672818;6584406;0
klump;8;3.7;2.9;135.0;27.0;0.0;veg;674554;674556;6583866;6583868;674555;6583867;0
klump;12;5.8;3.9;65.7;27.0;11.5;veg;677939;677943;6580265;6580268;677941;6580266;0
klump;9;6.8;2.7;71.5;27.0;6.0;veg;674866;674871;6583957;6583959;674869;6583958;0
klump;9;6.5;2.8;147.4;27.0;12.0;veg;670343;670346;6578464;6578468;670344;6578466;0
klump;17;7.1;4.0;0.4;27.0;13.0;veg;672122;672125;6585216;6585222;672123;6585218;0
klump;32;8.3;6.2;116.4;27.0;10.0;veg;674705;674712;6583673;6583679;674708;6583676;0
klump;9;4.3;3.5;41.2;27.0;3.0;veg;677963;677966;6581656;6581659;677964;6581658;0
klump;22;6.0;5.2;22.6;27.0;9.0;veg;674057;674061;6584159;6584164;674059;6584162;0
klump;10;5.6;4.1;154.1;27.0;11.5;veg;666270;666274;6579356;6579360;666272;6579359;0
klump;14;5.2;4.5;132.1;27.0;4.5;veg;677123;677127;6580393;6580397;677125;6580395;0
klump;11;4.5;3.7;7.6;27.0;0.0;veg;674558;674561;6585103;6585106;674559;6585104;0
klump;11;5.3;3.9;107.9;27.0;9.5;veg;677037;677041;6575619;6575622;677039;6575621;0
klump;12;5.6;3.8;105.8;27.0;10.5;veg;666301;666305;6575776;6575779;666303;6575778;0
klump;13;5.2;3.9;93.1;27.0;10.0;veg;672485;672489;6584012;6584015;672487;6584013;0
klump;10;5.4;3.4;56.7;27.0;12.5;veg;672492;672496;6583757;6583760;672494;6583759;0
klump;20;7.4;4.9;41.5;27.0;0.0;veg;674498;674503;6585193;6585198;674500;6585195;0
klump;8;4.8;2.9;8.1;27.0;10.0;veg;674379;674381;6583802;6583805;674380;6583803;0
klump;13;6.6;5.2;59.7;27.0;11.5;veg;667692;667697;6581520;6581524;667695;6581522;0
klump;13;6.1;3.1;58.6;27.0;4.0;veg;675773;675777;6584690;6584693;675775;6584691;0
klump;11;6.0;3.9;55.7;27.0;9.0;veg;674202;674207;6584009;6584013;674205;6584011;0
klump;29;8.8;5.7;152.7;27.0;4.5;veg;676653;676659;6575071;6575078;676656;6575075;0
klump;10;6.2;2.9;144.5;27.0;8.5;veg;672348;672351;6585142;6585146;672350;6585144;0
klump;16;7.1;4.8;106.7;27.0;10.0;veg;672299;672305;6584068;6584073;672303;6584071;0
klump;12;5.1;3.3;88.1;27.0;7.5;veg;674382;674386;6575515;6575517;674384;6575516;0
klump;13;4.5;3.9;166.2;27.0;13.0;veg;672103;672106;6584123;6584126;672104;6584124;0
klump;14;4.9;3.8;65.6;27.0;5.5;veg;672891;672895;6583756;6583759;672893;6583758;0
klump;11;4.8;3.6;35.0;27.0;0.0;veg;674345;674348;6585299;6585302;674346;6585301;0
klump;21;8.3;5.0;100.3;27.0;4.5;veg;672465;672472;6584820;6584824;672469;6584822;0
klump;12;5.3;3.9;17.3;27.0;6.0;veg;677203;677206;6575036;6575040;677204;6575038;0
klump;16;7.5;5.3;94.7;27.0;13.0;veg;672114;672120;6585170;6585174;672117;6585172;0
klump;22;9.4;4.4;76.2;27.0;6.0;veg;671673;671681;6582126;6582130;671677;6582128;0
klump;18;5.9;4.6;126.2;27.0;10.5;veg;674859;674864;6582999;6583004;674862;6583002;0
klump;15;6.2;4.3;155.9;27.0;6.5;veg;676646;676650;6575244;6575249;676648;6575247;0
klump;17;5.5;4.2;139.3;27.0;0.0;veg;674366;674370;6585330;6585334;674368;6585332;0
klump;17;7.2;5.4;77.2;27.0;9.5;veg;677764;677770;6581414;6581419;677767;6581417;0
klump;24;7.3;6.9;133.8;27.0;5.0;veg;666138;666144;6584371;6584377;666141;6584374;0
klump;14;6.2;3.8;19.5;27.0;8.5;veg;677603;677606;6581129;6581134;677604;6581131;0
klump;31;9.5;5.8;53.3;27.0;6.5;veg;675189;675196;6584701;6584708;675193;6584705;0
klump;8;4.2;2.8;173.0;27.0;8.5;veg;678167;678169;6575833;6575836;678168;6575834;0
klump;23;7.3;4.9;157.5;27.0;4.5;veg;676849;676854;6575075;6575081;676851;6575078;0
klump;10;8.4;3.0;56.0;27.0;0.0;veg;678562;678567;6576350;6576354;678565;6576352;0
klump;13;8.4;4.1;133.2;27.0;13.5;veg;674900;674905;6577121;6577126;674902;6577124;0
klump;8;4.2;2.8;97.0;27.0;0.0;veg;674886;674889;6585127;6585129;674888;6585128;0
klump;9;4.4;4.0;168.4;27.0;11.5;veg;666499;666502;6579200;6579203;666500;6579202;0
klump;10;5.7;3.2;158.2;27.0;0.0;veg;675179;675181;6583663;6583667;675180;6583666;0
klump;15;10.0;4.0;25.7;27.0;12.0;veg;677696;677701;6576641;6576647;677698;6576644;0
klump;11;4.6;3.2;15.1;27.0;10.0;veg;672528;672530;6584131;6584134;672529;6584133;0
klump;15;5.0;4.4;113.5;27.0;9.5;veg;676882;676886;6575633;6575636;676884;6575635;0
klump;18;8.5;5.4;70.7;27.0;12.5;veg;672289;672296;6583647;6583652;672292;6583649;0
klump;21;10.1;4.6;45.7;27.0;0.0;veg;674515;674521;6585172;6585178;674518;6585176;0
klump;16;6.6;4.9;50.0;27.0;7.5;veg;666788;666792;6581126;6581130;666790;6581128;0
klump;8;3.7;3.6;45.0;27.0;7.0;veg;666949;666952;6579240;6579243;666951;6579241;0
klump;11;8.8;2.0;33.4;27.0;4.0;veg;673112;673116;6578315;6578320;673114;6578317;0
klump;8;5.3;2.6;136.1;27.0;11.5;veg;667167;667170;6581566;6581569;667168;6581567;0
klump;13;5.1;3.5;19.8;27.0;10.0;veg;672313;672316;6584263;6584267;672315;6584265;0
klump;9;5.1;2.8;108.4;27.0;10.0;veg;672385;672388;6584051;6584053;672386;6584052;0
klump;21;7.7;6.3;81.1;27.0;0.0;veg;675266;675272;6583575;6583581;675269;6583578;0
klump;8;4.4;2.6;19.3;27.0;8.5;veg;678350;678352;6575974;6575977;678351;6575976;0
klump;11;5.5;3.6;50.2;27.0;12.5;veg;672682;672686;6583663;6583666;672684;6583664;0
klump;10;4.2;3.5;135.0;27.0;0.0;veg;674654;674657;6585101;6585104;674655;6585103;0
klump;13;5.7;3.5;67.1;27.0;0.0;veg;674778;674783;6584152;6584155;674780;6584154;0
klump;8;4.2;2.8;107.3;27.0;0.0;veg;674534;674537;6583889;6583891;674536;6583890;0
klump;20;6.8;4.4;67.9;27.0;7.0;veg;668951;668956;6579132;6579136;668954;6579134;0
klump;10;4.7;3.2;35.1;27.0;13.0;veg;672121;672124;6584211;6584214;672122;6584213;0
klump;10;4.2;3.9;56.8;27.0;9.0;veg;674240;674243;6583961;6583964;674242;6583963;0
klump;10;5.2;3.1;109.1;27.0;10.5;veg;674944;674948;6582854;6582857;674946;6582856;0
klump;18;9.9;3.5;153.6;27.0;12.0;veg;677719;677723;6576641;6576648;677721;6576645;0
klump;35;9.9;6.5;134.3;27.0;4.5;veg;672491;672499;6584773;6584780;672495;6584777;0
klump;14;5.4;4.3;150.6;27.0;6.5;veg;672905;672908;6583831;6583835;672907;6583833;0
klump;8;4.6;4.0;66.3;27.0;9.0;veg;673928;673931;6583974;6583977;673929;6583975;0
klump;17;7.5;4.1;174.2;27.0;9.5;veg;672198;672202;6584352;6584359;672200;6584356;0
klump;8;6.1;2.9;35.5;27.0;8.5;veg;677139;677142;6580911;6580915;677141;6580913;0
klump;10;7.8;2.3;165.9;27.0;11.5;veg;670861;670863;6579034;6579040;670862;6579037;0
klump;9;5.5;3.3;122.0;27.0;11.5;veg;666275;666278;6579345;6579348;666277;6579347;0
klump;9;4.4;3.0;55.4;27.0;8.5;veg;677138;677141;6580923;6580926;677140;6580924;0
klump;11;5.2;4.1;88.3;27.0;11.5;veg;666275;666279;6579350;6579353;666278;6579352;0
klump;11;4.6;4.0;59.0;27.0;0.0;veg;674557;674561;6583812;6583815;674559;6583813;0
klump;13;5.7;4.2;156.1;27.0;9.0;veg;674238;674241;6583939;6583943;674239;6583941;0
klump;21;7.8;6.2;34.4;27.0;10.0;bygg+veg;672740;672745;6584004;6584010;672743;6584007;0
klump;22;9.6;6.2;38.7;27.0;13.0;veg;671962;671968;6583993;6584000;671965;6583996;0
klump;11;7.3;3.0;173.6;27.0;12.5;veg;673406;673408;6579083;6579089;673407;6579086;0
klump;9;5.0;3.0;11.5;27.0;10.5;veg;675287;675289;6583283;6583286;675288;6583284;0
klump;14;6.4;5.5;148.7;27.0;12.5;veg;673470;673475;6578967;6578972;673472;6578970;0
klump;9;3.5;3.5;0.0;27.0;4.0;veg;675774;675776;6584695;6584697;675775;6584696;0
klump;12;9.8;3.1;55.1;27.0;9.0;veg;676450;676456;6584136;6584141;676454;6584138;0
klump;11;5.2;3.0;30.7;27.0;4.0;veg;675767;675770;6584639;6584643;675769;6584641;0
klump;9;4.5;3.9;45.0;27.0;0.0;veg;675271;675274;6584978;6584981;675273;6584979;0
klump;14;5.6;4.6;97.7;27.0;10.0;veg;671673;671677;6584010;6584013;671675;6584012;0
klump;9;9.3;1.4;80.1;27.0;8.5;veg;670517;670524;6579544;6579545;670520;6579544;0
klump;10;4.1;3.3;0.0;27.0;10.0;veg;674533;674535;6583372;6583375;674534;6583373;0
klump;10;5.6;3.9;117.8;27.0;12.5;veg;668497;668501;6577834;6577837;668499;6577835;0
klump;8;4.7;3.3;93.1;27.0;7.0;veg;667655;667658;6579543;6579545;667656;6579544;0
klump;8;4.4;3.1;21.3;27.0;6.0;veg;666318;666320;6582286;6582289;666319;6582288;0
klump;9;5.3;3.3;2.3;27.0;10.0;veg;672331;672333;6584051;6584055;672332;6584053;0
klump;10;3.9;3.8;26.6;27.0;10.5;veg;674866;674869;6583076;6583079;674868;6583077;0
klump;19;6.4;5.2;105.0;27.0;6.0;veg;674675;674680;6576350;6576354;674678;6576352;0
klump;18;7.8;4.3;167.9;27.0;0.0;veg;674593;674596;6584170;6584176;674594;6584172;0
klump;8;4.0;3.0;145.3;27.0;4.0;veg;675707;675709;6584785;6584788;675708;6584786;0
klump;9;5.1;3.8;157.5;27.0;7.5;veg;666774;666777;6580793;6580797;666776;6580795;0
klump;9;4.9;2.9;90.0;27.0;9.0;veg;674104;674108;6583989;6583991;674106;6583990;0
klump;8;4.2;2.8;162.7;27.0;10.0;veg;674351;674353;6583537;6583540;674352;6583539;0
klump;16;7.4;3.8;117.5;27.0;9.0;veg;669657;669662;6580249;6580253;669659;6580251;0
klump;10;5.0;3.8;113.2;27.0;8.0;veg;666655;666659;6580714;6580717;666657;6580715;0
klump;8;3.7;2.9;135.0;27.0;0.0;veg;674644;674646;6583962;6583964;674645;6583963;0
klump;15;5.6;4.9;164.7;27.0;5.0;veg;672040;672044;6583422;6583427;672041;6583425;0
klump;9;4.9;2.7;33.4;27.0;8.5;veg;677143;677146;6580917;6580920;677144;6580919;0
klump;13;7.3;4.4;18.2;27.0;11.5;veg;677998;678001;6580284;6580290;677999;6580287;0
klump;8;4.2;3.4;125.0;27.0;13.0;veg;674170;674173;6584374;6584377;674172;6584376;0
klump;12;7.0;3.5;27.0;27.0;10.5;veg;672859;672862;6584383;6584388;672861;6584385;0
klump;8;4.4;2.6;70.7;27.0;9.0;veg;674064;674067;6584117;6584119;674065;6584118;0
klump;11;5.9;2.8;165.6;27.0;10.0;veg;674650;674652;6583725;6583730;674651;6583728;0
klump;8;5.8;2.8;39.5;27.0;10.0;veg;672630;672633;6584026;6584029;672631;6584028;0
klump;13;5.4;4.2;132.4;27.0;9.0;veg;673634;673638;6584174;6584178;673636;6584176;0
klump;17;5.9;4.8;30.5;27.0;10.0;veg;672593;672597;6584055;6584059;672595;6584057;0
klump;15;5.7;4.4;166.3;27.0;4.5;veg;672578;672581;6584537;6584541;672579;6584539;0
klump;8;6.9;2.5;31.0;27.0;9.0;veg;674091;674094;6583915;6583919;674092;6583918;0
klump;9;5.5;3.4;175.7;27.0;4.5;veg;676689;676691;6575045;6575049;676690;6575047;0
klump;8;10.3;1.1;72.0;27.0;8.5;veg;670526;670533;6579546;6579548;670530;6579547;0
klump;12;5.7;3.3;151.3;27.0;5.0;veg;673110;673113;6585277;6585281;673112;6585279;0
klump;21;6.6;5.5;137.8;27.0;7.5;veg;674743;674748;6575442;6575447;674746;6575445;0
klump;11;4.7;3.9;150.0;27.0;0.0;veg;674625;674628;6583863;6583866;674627;6583864;0
klump;11;4.6;3.9;166.7;27.0;10.5;veg;674883;674886;6583030;6583034;674885;6583032;0
klump;12;5.0;4.3;17.7;27.0;10.0;veg;674321;674324;6583617;6583620;674322;6583618;0
klump;8;4.8;2.9;126.3;27.0;10.5;veg;674882;674885;6583053;6583055;674884;6583054;0
klump;9;4.4;3.0;145.4;27.0;6.5;veg;676780;676783;6575143;6575146;676782;6575145;0
klump;9;4.4;3.0;55.4;27.0;10.0;veg;674679;674682;6583742;6583745;674680;6583744;0
klump;8;5.4;3.7;4.1;27.0;12.5;veg;668492;668495;6577824;6577828;668494;6577826;0
klump;14;4.9;3.9;125.5;27.0;0.0;veg;674740;674743;6585161;6585164;674742;6585163;0
klump;12;5.5;4.1;8.3;27.0;10.0;veg;672659;672662;6584112;6584116;672660;6584114;0
klump;9;4.1;3.0;20.3;27.0;6.5;veg;675209;675211;6584757;6584760;675210;6584759;0
klump;8;3.7;2.9;135.0;27.0;11.5;veg;677716;677718;6575945;6575947;677717;6575946;0
klump;9;5.8;3.1;20.7;27.0;9.5;bygg;669882;669885;6584042;6584046;669883;6584044;0
klump;15;5.4;4.1;10.6;27.0;11.0;bygg;668388;668391;6575314;6575318;668390;6575316;0
klump;9;9.9;1.9;41.3;27.0;11.5;veg;667332;667337;6581357;6581362;667334;6581359;0
klump;21;10.6;4.2;141.8;27.0;8.0;veg;677156;677162;6575578;6575585;677159;6575582;0
klump;11;4.8;3.2;165.3;27.0;0.0;veg;674313;674315;6584027;6584031;674314;6584029;0
klump;11;4.7;3.8;150.9;27.0;12.0;veg;669771;669774;6581746;6581749;669773;6581747;0
klump;9;5.0;2.7;103.3;27.0;0.0;veg;674703;674707;6584028;6584030;674705;6584029;0
klump;8;3.7;2.9;45.0;27.0;0.0;veg;674736;674738;6583955;6583957;674737;6583956;0
klump;12;4.8;3.8;121.3;27.0;7.5;veg;678147;678150;6581843;6581846;678149;6581845;0
klump;10;5.5;2.8;87.3;27.0;12.0;veg;677763;677767;6576599;6576601;677765;6576600;0
klump;8;4.0;3.0;34.7;27.0;7.0;veg;677585;677587;6577250;6577253;677586;6577252;0
klump;9;4.6;2.8;150.5;27.0;10.0;veg;672537;672539;6583866;6583869;672538;6583868;0
klump;8;3.7;2.9;135.0;27.0;0.0;veg;674362;674364;6585247;6585249;674363;6585248;0
klump;8;4.0;3.0;124.7;27.0;9.0;veg;673956;673959;6584065;6584067;673958;6584066;0
klump;9;4.0;3.3;7.6;27.0;10.0;veg;672632;672634;6584081;6584084;672633;6584082;0
klump;9;6.8;2.7;148.9;27.0;10.5;bygg;671874;671877;6579069;6579073;671876;6579071;0
klump;8;3.7;3.0;0.0;27.0;9.0;veg;674077;674079;6583994;6583997;674078;6583996;0
klump;13;9.6;3.1;65.8;27.0;9.0;veg;674035;674041;6584127;6584131;674037;6584129;0
klump;9;4.1;3.5;18.4;27.0;8.0;veg;677286;677289;6575576;6575579;677288;6575578;0
klump;10;5.6;4.0;113.0;27.0;9.5;veg;672143;672147;6584453;6584456;672145;6584455;0
klump;9;9.0;1.4;42.6;27.0;12.0;veg;668954;668958;6576399;6576404;668956;6576402;0
klump;8;4.6;3.3;121.7;27.0;4.5;veg;676744;676747;6575053;6575056;676746;6575054;0
klump;9;4.6;2.8;150.5;27.0;0.0;veg;674463;674465;6583894;6583897;674464;6583896;0
klump;11;4.6;3.6;72.6;26.5;0.0;veg;675225;675229;6583690;6583693;675227;6583691;0
klump;12;5.4;4.0;93.1;26.5;8.5;veg;677368;677372;6580850;6580853;677370;6580852;0
klump;20;9.0;4.3;85.1;26.5;8.5;veg;678076;678084;6575778;6575782;678079;6575781;0
klump;13;6.6;3.5;106.6;26.5;10.0;veg;674567;674572;6583680;6583683;674569;6583681;0
klump;257;25.0;15.5;102.0;26.5;7.0;bygg;674980;675003;6575104;6575121;674991;6575112;0
klump;39;16.4;6.3;13.1;26.5;4.5;veg;672490;672497;6584719;6584732;672494;6584725;0
klump;15;7.4;4.4;111.8;26.5;5.0;veg;672150;672156;6583296;6583299;672153;6583297;0
klump;15;6.9;4.2;99.5;26.5;9.0;veg;674065;674071;6583974;6583977;674068;6583976;0
klump;8;4.8;2.5;23.2;26.5;0.0;veg;674920;674922;6583521;6583524;674921;6583522;0
klump;1051;73.3;23.6;57.9;26.5;8.0;bygg;668612;668671;6582376;6582426;668644;6582400;0
klump;176;23.8;15.8;179.7;26.5;8.5;bygg+veg;670655;670670;6579202;6579224;670663;6579212;0
klump;32;14.5;4.6;64.4;26.5;10.0;veg;672482;672492;6584149;6584156;672487;6584152;0
klump;11;5.5;2.8;22.2;26.5;6.5;veg;676667;676669;6575104;6575108;676668;6575106;0
klump;11;6.6;3.5;53.1;26.5;10.5;veg;672822;672826;6584510;6584514;672824;6584512;0
klump;8;3.7;3.3;0.0;26.5;0.0;veg;674473;674475;6583906;6583908;674474;6583907;0
klump;38;9.6;7.8;168.9;26.5;12.0;veg;677691;677698;6576848;6576857;677694;6576852;0
klump;8;5.3;2.4;78.2;26.5;0.0;veg;678576;678580;6577476;6577478;678578;6577477;0
klump;10;5.1;4.4;45.0;26.5;7.5;veg;677930;677933;6581908;6581912;677931;6581910;0
klump;18;10.6;2.8;142.9;26.5;0.0;veg;675084;675089;6583726;6583733;675087;6583730;0
klump;9;4.7;3.8;30.3;26.5;5.5;veg;672770;672773;6583667;6583670;672771;6583669;0
klump;15;7.4;5.3;154.5;26.5;3.0;veg;678027;678032;6581669;6581675;678029;6581671;0
klump;8;4.0;3.0;124.7;26.5;10.0;veg;674533;674536;6583785;6583787;674534;6583786;0
klump;13;5.2;4.1;63.7;26.5;7.5;veg;675736;675740;6582989;6582993;675738;6582991;0
klump;27;12.0;5.5;131.7;26.5;6.0;veg;674653;674662;6576191;6576198;674656;6576195;0
klump;21;7.6;5.3;61.9;26.5;6.5;veg;676631;676637;6575239;6575245;676634;6575242;0
klump;36;11.8;7.2;118.2;26.5;4.5;veg;674530;674540;6584502;6584510;674535;6584506;0
klump;9;4.9;3.1;0.0;26.5;4.5;veg;672357;672359;6584540;6584544;672358;6584542;0
klump;9;5.2;3.6;73.9;26.5;12.0;veg;677691;677695;6576645;6576647;677693;6576646;0
klump;68;20.1;8.2;158.2;26.5;9.0;veg;674142;674153;6584122;6584140;674147;6584131;0
klump;50;11.0;7.5;8.5;26.5;10.5;bygg;672221;672228;6578874;6578883;672224;6578879;0
klump;9;6.4;2.4;102.0;26.5;11.5;veg;676054;676059;6576720;6576722;676056;6576721;0
klump;21;7.3;4.7;17.5;26.5;9.5;veg;677129;677133;6575673;6575678;677131;6575675;0
klump;12;5.4;3.2;176.8;26.5;10.5;veg;674849;674851;6583220;6583224;674850;6583222;0
klump;20;7.1;5.5;33.1;26.5;12.0;veg;677767;677772;6576747;6576753;677769;6576750;0
klump;11;6.5;3.9;173.1;26.5;11.5;veg;678082;678085;6580300;6580305;678084;6580303;0
klump;9;4.5;4.0;83.7;26.5;9.0;veg;674055;674058;6584185;6584188;674056;6584186;0
klump;10;4.8;3.6;111.8;26.5;10.0;veg;674795;674798;6583741;6583744;674797;6583743;0
klump;14;6.1;4.2;80.7;26.5;6.5;veg;675212;675217;6584781;6584784;675214;6584783;0
klump;42;11.5;7.5;47.6;26.5;4.5;veg;672483;672492;6584797;6584806;672488;6584801;0
klump;16;8.3;4.9;137.8;26.5;5.0;veg;671855;671860;6583459;6583465;671858;6583462;0
klump;12;8.4;2.0;48.5;26.5;9.0;veg;676432;676437;6584118;6584123;676434;6584120;0
klump;10;4.6;4.1;8.9;26.5;5.5;veg;678066;678069;6581203;6581206;678068;6581205;0
klump;9;6.7;2.6;106.3;26.5;13.5;veg;670812;670817;6575487;6575489;670814;6575488;0
klump;8;6.0;3.3;0.0;26.5;10.5;veg;672852;672854;6584356;6584360;672853;6584358;0
klump;14;12.7;1.9;134.2;26.5;4.5;veg;674734;674741;6584630;6584637;674737;6584634;0
klump;11;6.1;4.0;27.7;26.5;5.5;veg;678043;678047;6581202;6581207;678045;6581204;0
klump;9;4.0;3.3;97.6;26.5;9.0;veg;674293;674296;6583998;6584000;674294;6583999;0
klump;9;5.0;3.6;163.4;26.5;13.5;veg;677999;678001;6578704;6578707;678000;6578706;0
klump;9;6.5;2.6;167.5;26.5;3.0;veg;678053;678055;6581695;6581700;678054;6581697;0
klump;13;5.4;3.5;124.7;26.5;6.5;veg;675237;675241;6584717;6584720;675239;6584719;0
klump;17;8.1;5.0;151.7;26.5;11.5;veg;677912;677917;6580289;6580295;677914;6580292;0
klump;12;9.2;2.6;150.4;26.5;8.5;veg;677191;677195;6580909;6580915;677193;6580912;0
klump;8;6.0;2.8;0.0;26.5;11.5;veg;677991;677993;6580443;6580447;677992;6580445;0
klump;9;4.1;3.0;159.7;26.5;10.0;veg;672598;672600;6584123;6584126;672599;6584125;0
klump;12;6.0;4.0;158.9;26.5;6.0;veg;674897;674900;6583821;6583826;674898;6583823;0
klump;27;8.0;7.6;148.9;26.5;4.5;veg;672665;672672;6584571;6584578;672669;6584575;0
klump;10;5.2;4.5;154.3;26.5;10.0;veg;672601;672605;6584069;6584073;672603;6584070;0
klump;11;4.6;3.5;23.2;26.5;13.0;veg;672250;672253;6584289;6584292;672251;6584290;0
klump;10;4.9;3.5;116.2;26.5;8.5;veg;666144;666147;6580473;6580476;666145;6580475;0
klump;8;5.4;3.2;14.7;26.5;10.0;veg;672471;672473;6583964;6583968;672472;6583966;0
klump;10;5.0;3.5;155.8;26.5;0.0;veg;675317;675320;6583566;6583570;675319;6583568;0
klump;14;6.7;4.7;78.6;26.5;4.5;veg;676960;676965;6580389;6580393;676962;6580391;0
klump;17;6.1;4.9;89.7;26.5;11.5;veg;666303;666308;6579430;6579434;666306;6579432;0
klump;15;8.0;4.2;100.5;26.5;5.5;veg;676406;676413;6580714;6580718;676410;6580716;0
klump;30;12.4;4.2;145.2;26.5;10.0;bygg;676920;676927;6579189;6579199;676923;6579193;0
klump;20;7.4;5.3;135.0;26.5;5.0;veg;671975;671981;6583451;6583456;671977;6583453;0
klump;22;6.2;5.1;170.1;26.5;6.5;veg;676569;676573;6575263;6575269;676571;6575266;0
klump;19;8.2;4.0;0.5;26.5;8.0;veg;676862;676865;6575130;6575137;676864;6575133;1
klump;8;4.4;3.2;73.7;26.5;0.0;veg;674554;674557;6583924;6583926;674555;6583925;0
klump;8;3.7;2.9;135.0;26.5;0.0;veg;678693;678695;6575935;6575937;678694;6575936;0
klump;22;11.3;4.4;42.0;26.5;6.0;veg;677602;677609;6580034;6580042;677606;6580038;0
klump;20;7.4;5.4;162.4;26.5;9.5;veg;672100;672105;6584327;6584332;672103;6584329;0
klump;20;7.9;4.0;71.4;26.5;8.0;veg;677164;677171;6575438;6575442;677167;6575440;0
klump;43;12.6;7.0;89.2;26.5;6.0;veg;674640;674650;6576191;6576198;674645;6576195;0
klump;16;7.0;3.2;23.3;26.5;5.0;veg;672028;672031;6583429;6583435;672029;6583432;0
klump;9;6.2;4.2;45.6;26.5;8.0;veg;668780;668784;6585272;6585276;668782;6585274;0
klump;9;5.8;3.3;118.9;26.5;0.0;veg;674812;674816;6585209;6585212;674814;6585210;1
klump;8;6.0;3.6;25.5;26.5;0.0;veg;674469;674472;6585210;6585213;674470;6585212;0
klump;25;8.2;4.9;100.3;26.5;10.0;veg;674417;674424;6583635;6583640;674420;6583637;0
klump;12;5.4;4.4;160.7;26.5;8.0;veg;676895;676899;6575593;6575597;676897;6575594;0
klump;8;4.2;2.8;7.0;26.5;12.0;veg;677736;677738;6576741;6576744;677737;6576743;0
klump;11;4.5;3.6;90.0;26.5;6.0;veg;666240;666243;6582414;6582416;666241;6582415;0
klump;17;14.3;2.1;0.7;26.5;9.5;bygg;669830;669831;6584000;6584010;669831;6584005;0
klump;9;5.8;2.3;125.8;26.5;10.5;veg;674885;674888;6582949;6582952;674887;6582951;0
klump;21;7.4;4.7;176.5;26.5;10.0;veg;674612;674616;6583675;6583681;674614;6583678;0
klump;12;5.5;4.7;146.2;26.5;5.5;veg;678069;678073;6581189;6581193;678072;6581191;0
klump;19;7.5;4.9;120.8;26.5;6.0;veg;674754;674759;6576269;6576274;674757;6576272;0
klump;14;6.2;5.4;105.1;26.5;7.5;veg;677929;677934;6581922;6581927;677931;6581925;0
klump;15;6.4;3.7;140.7;26.5;9.0;veg;674122;674126;6584048;6584052;674123;6584050;0
klump;20;9.3;3.5;115.1;26.5;12.5;veg;672336;672343;6583530;6583535;672339;6583533;0
klump;21;7.8;5.2;65.8;26.5;9.0;veg;673829;673836;6584060;6584065;673832;6584062;0
klump;16;6.5;4.6;33.7;26.5;4.5;veg;672688;672693;6584602;6584607;672690;6584604;0
klump;30;8.7;5.0;74.9;26.5;4.5;veg;675689;675696;6575070;6575075;675692;6575073;0
klump;12;5.5;3.3;30.0;26.5;6.5;veg;675260;675263;6584707;6584711;675261;6584709;0
klump;30;10.8;5.5;75.3;26.5;5.5;veg;673161;673171;6583639;6583645;673166;6583642;0
klump;25;6.9;5.6;91.5;26.5;6.0;veg;674812;674818;6583841;6583846;674815;6583844;1
klump;12;5.1;3.7;155.4;26.5;10.0;veg;672274;672277;6584284;6584287;672275;6584285;0
klump;10;4.2;3.7;45.0;26.5;9.5;veg;672016;672019;6584410;6584413;672018;6584411;0
klump;17;6.2;4.4;98.3;26.5;0.0;veg;675157;675163;6583715;6583719;675160;6583717;0
klump;11;5.9;3.0;153.4;26.5;0.0;veg;674572;674575;6584164;6584168;674573;6584166;0
klump;133;20.9;10.4;13.1;26.5;10.5;bygg;672027;672039;6579032;6579052;672033;6579043;0
klump;19;6.5;5.3;77.9;26.5;0.0;veg;678600;678605;6575901;6575906;678602;6575904;0
klump;14;8.0;3.6;10.5;26.5;0.0;veg;674550;674553;6583853;6583859;674551;6583857;0
klump;17;6.1;4.9;145.3;26.5;0.0;veg;675190;675194;6583684;6583689;675192;6583686;0
klump;22;7.0;4.7;132.7;26.5;6.0;veg;674941;674946;6584178;6584183;674944;6584180;0
klump;12;5.1;3.3;91.9;26.5;0.0;veg;675211;675215;6583694;6583696;675213;6583695;0
klump;16;6.7;4.1;160.6;26.5;10.0;veg;672431;672435;6583995;6584000;672433;6583998;0
klump;13;5.5;4.6;60.6;26.5;6.0;veg;677735;677739;6580221;6580225;677737;6580223;1
klump;8;4.2;2.8;17.3;26.5;9.0;veg;674208;674210;6583989;6583992;674209;6583991;0
klump;10;4.9;3.5;24.3;26.5;6.5;veg;676774;676777;6575150;6575153;676776;6575152;0
klump;23;8.4;4.7;88.6;26.5;11.5;veg;674095;674102;6584961;6584965;674098;6584963;0
klump;9;3.5;3.5;0.0;26.5;9.0;veg;674178;674180;6583981;6583983;674179;6583982;0
klump;9;5.2;3.0;64.1;26.5;6.0;veg;666271;666274;6582306;6582309;666272;6582307;0
klump;13;5.1;4.3;135.0;26.5;0.0;veg;674685;674689;6585310;6585314;674687;6585312;0
klump;16;7.0;4.0;117.7;26.5;10.0;bygg;676914;676919;6579188;6579192;676917;6579190;0
klump;8;8.1;1.4;55.0;26.5;6.5;veg;675012;675017;6584729;6584732;675014;6584730;0
klump;33;8.7;7.3;129.2;26.5;5.0;veg;671963;671971;6583315;6583322;671968;6583319;0
klump;8;4.2;2.8;162.7;26.5;13.0;veg;671760;671762;6585016;6585019;671761;6585018;0
klump;47;10.2;7.6;176.2;26.5;9.5;bygg;670105;670112;6584065;6584074;670109;6584069;0
klump;29;11.7;5.9;20.6;26.5;6.0;veg;677599;677605;6580039;6580049;677601;6580044;0
klump;25;7.6;7.1;108.4;26.5;4.5;veg;672473;672480;6584821;6584827;672476;6584824;0
klump;8;6.4;2.1;138.6;26.5;9.0;veg;670701;670704;6580154;6580158;670703;6580156;0
klump;13;4.5;4.4;161.6;26.5;6.5;veg;675744;675747;6575105;6575109;675745;6575107;0
klump;15;6.8;3.5;143.2;26.5;9.0;veg;674049;674053;6584206;6584211;674051;6584209;0
klump;16;8.6;3.4;36.7;26.5;12.0;veg;670611;670616;6578639;6578645;670613;6578642;0
klump;10;5.0;2.8;69.4;26.5;11.5;veg;674942;674946;6577972;6577974;674944;6577973;0
klump;10;4.7;3.2;162.0;26.5;10.0;veg;672418;672421;6584290;6584294;672420;6584292;0
klump;40;10.5;8.3;125.7;26.5;10.0;bygg+veg;676919;676928;6579107;6579116;676924;6579111;0
klump;8;4.6;3.4;139.0;26.5;12.5;veg;672723;672726;6583755;6583758;672725;6583757;0
klump;10;5.4;2.9;146.3;26.5;5.5;veg;678307;678310;6581044;6581048;678309;6581046;0
klump;10;4.3;3.3;63.4;26.5;0.0;veg;675284;675287;6583501;6583503;675285;6583502;0
klump;10;8.8;1.7;58.8;26.5;6.5;veg;674973;674978;6584704;6584708;674976;6584706;0
klump;23;9.0;6.1;120.2;26.5;6.0;veg;674690;674697;6576305;6576311;674694;6576308;0
klump;23;8.4;5.4;52.6;26.5;0.0;veg;675244;675250;6583674;6583679;675247;6583676;0
klump;25;7.9;6.3;8.2;26.5;6.0;veg;674597;674602;6576329;6576336;674600;6576332;0
klump;8;4.8;2.8;56.3;26.5;0.0;veg;674440;674443;6583867;6583869;674442;6583868;0
klump;31;9.6;6.9;16.2;26.5;10.0;veg;672619;672626;6584107;6584116;672622;6584111;0
klump;17;5.4;4.6;122.5;26.5;8.0;veg;676935;676939;6575124;6575128;676937;6575126;0
klump;9;5.6;3.9;4.0;26.5;3.0;veg;678077;678080;6581641;6581645;678078;6581643;0
klump;9;4.0;3.3;82.4;26.5;4.5;veg;676861;676864;6575067;6575069;676862;6575068;1
klump;10;5.3;3.4;27.8;26.5;12.0;veg;677681;677684;6576659;6576663;677682;6576661;0
klump;28;7.4;6.2;83.7;26.5;6.0;veg;677625;677632;6580070;6580076;677629;6580073;0
klump;20;6.2;4.8;24.6;26.5;9.5;veg;672080;672084;6584707;6584713;672082;6584710;0
klump;8;3.7;3.3;90.0;26.5;9.0;veg;673997;673999;6584050;6584052;673998;6584051;0
klump;12;6.1;3.4;31.8;26.5;7.5;veg;667029;667033;6581036;6581040;667031;6581038;0
klump;10;6.3;3.1;112.7;26.5;5.0;veg;671967;671971;6583442;6583445;671969;6583444;0
klump;16;8.5;3.9;128.8;26.5;4.5;veg;676855;676861;6575078;6575083;676858;6575081;0
klump;13;6.6;4.5;145.0;26.5;3.0;veg;677896;677900;6581721;6581726;677898;6581723;0
klump;18;5.7;5.3;175.6;26.5;6.0;veg;676940;676944;6575045;6575050;676942;6575047;0
klump;19;7.9;4.5;17.7;26.5;0.0;veg;674776;674780;6583986;6583992;674778;6583989;0
klump;17;6.5;5.2;19.4;26.5;12.0;veg;677734;677739;6576763;6576769;677737;6576766;0
klump;14;9.9;3.3;175.0;26.5;4.5;veg;676797;676800;6575068;6575076;676798;6575072;0
klump;22;8.6;6.9;125.5;26.5;6.0;veg;674634;674641;6576184;6576191;674638;6576188;0
klump;16;5.3;4.6;170.4;26.5;6.5;veg;675196;675199;6584806;6584810;675198;6584808;0
klump;13;4.8;4.3;176.1;26.5;0.0;veg;674438;674442;6585189;6585193;674440;6585191;0
klump;35;9.5;8.1;90.3;26.5;4.5;veg;672475;672483;6584729;6584736;672479;6584733;0
klump;22;9.6;3.2;175.6;26.5;13.0;veg;674268;674270;6576708;6576716;674269;6576712;0
klump;24;13.5;3.9;166.2;26.5;0.0;veg;674631;674636;6585261;6585271;674633;6585266;0
klump;18;7.2;5.0;39.7;26.5;12.0;veg;677813;677818;6576875;6576880;677816;6576877;0
klump;14;6.2;3.6;41.4;26.5;7.5;veg;677253;677257;6579994;6579999;677255;6579997;0
klump;18;8.8;5.5;173.1;26.5;10.0;veg;671682;671687;6583913;6583920;671685;6583917;0
klump;11;6.5;3.2;147.6;26.5;8.0;veg;677125;677128;6575571;6575575;677127;6575573;0
klump;9;4.1;3.5;108.4;26.5;10.0;veg;674484;674487;6583512;6583515;674486;6583513;0
klump;10;5.0;2.9;142.5;26.5;0.0;veg;675023;675026;6583462;6583465;675024;6583464;0
klump;11;5.8;4.0;131.6;26.5;4.5;veg;672620;672624;6584668;6584672;672622;6584670;0
klump;42;11.8;6.7;83.4;26.5;7.5;veg;677190;677200;6580123;6580129;677195;6580127;0
klump;22;9.1;5.2;141.2;26.5;4.5;veg;676648;676653;6575066;6575072;676651;6575070;0
klump;12;6.1;3.4;134.6;26.5;0.0;veg;674767;674771;6584043;6584046;674769;6584045;0
klump;33;10.1;6.3;1.2;26.5;6.5;veg;675822;675828;6575122;6575131;675825;6575127;0
klump;21;6.5;5.7;124.4;26.5;6.5;veg;674239;674245;6575933;6575938;674242;6575935;0
klump;10;5.1;3.2;0.0;26.5;0.0;veg;675298;675300;6583599;6583602;675299;6583600;0
klump;16;6.8;3.9;169.5;26.5;10.0;veg;672679;672683;6583974;6583980;672681;6583977;0
klump;10;5.9;3.9;108.0;26.5;7.0;veg;668713;668717;6581631;6581634;668715;6581632;0
klump;15;9.1;3.6;164.4;26.5;9.0;veg;673961;673964;6584074;6584080;673963;6584077;0
klump;10;5.0;3.3;138.0;26.5;0.0;veg;675076;675079;6583439;6583442;675078;6583441;0
klump;15;5.4;4.3;177.6;26.5;6.5;veg;676621;676624;6575214;6575218;676622;6575216;0
klump;49;8.6;8.0;17.2;26.5;7.5;bygg;675676;675684;6582806;6582815;675680;6582811;0
klump;23;7.3;4.8;38.5;26.5;6.0;veg;677592;677597;6580021;6580026;677594;6580024;0
klump;8;3.7;2.9;135.0;26.5;0.0;veg;678843;678845;6576024;6576026;678844;6576025;0
klump;9;5.4;2.5;48.9;26.5;6.0;veg;675125;675128;6584294;6584297;675126;6584296;0
klump;25;8.3;6.2;94.7;26.5;13.0;veg;670105;670112;6581171;6581176;670108;6581174;0
klump;20;6.9;5.0;53.8;26.5;4.5;veg;677119;677124;6580400;6580405;677121;6580402;0
klump;11;4.5;3.9;174.7;26.5;10.0;veg;672296;672299;6584166;6584169;672298;6584167;0
klump;9;4.4;3.7;120.7;26.5;9.0;veg;674108;674111;6584064;6584067;674110;6584066;0
klump;14;5.8;3.7;84.6;26.5;9.0;veg;673901;673905;6584209;6584212;673903;6584210;0
klump;17;5.8;4.6;28.5;26.5;10.0;veg;672706;672710;6584087;6584091;672708;6584089;0
klump;12;6.1;3.6;89.4;26.5;5.0;veg;672012;672017;6583415;6583418;672015;6583416;0
klump;19;6.1;5.1;11.6;26.5;10.0;veg;674776;674781;6583728;6583734;674778;6583731;0
klump;51;12.9;7.4;57.1;26.5;6.0;veg;677872;677884;6580156;6580165;677878;6580161;0
klump;47;10.7;6.1;11.2;26.5;0.0;veg;674647;674653;6584109;6584118;674650;6584113;0
klump;17;6.7;5.7;154.8;26.5;6.0;veg;674747;674752;6576242;6576248;674749;6576245;0
klump;20;7.5;4.1;137.4;26.5;5.0;veg;671892;671897;6583574;6583579;671894;6583576;0
klump;17;16.2;1.8;159.5;26.5;11.5;veg;675279;675284;6577914;6577925;675281;6577920;0
klump;25;8.6;5.6;46.3;26.5;5.0;veg;671818;671824;6583436;6583442;671821;6583439;0
klump;10;7.4;3.5;12.2;26.5;6.0;veg;674532;674535;6576365;6576370;674533;6576368;0
klump;9;4.0;3.3;97.6;26.5;4.5;veg;672429;672432;6584503;6584505;672430;6584504;0
klump;11;6.0;3.4;37.8;26.5;13.0;veg;672100;672104;6584197;6584201;672102;6584199;0
klump;11;4.7;4.0;62.6;26.5;0.0;veg;675148;675152;6583703;6583706;675150;6583704;0
klump;25;8.3;6.0;2.2;26.5;12.5;veg;672689;672695;6583695;6583702;672692;6583699;0
klump;11;5.4;3.5;161.2;26.5;0.0;veg;675936;675939;6584701;6584705;675938;6584703;0
klump;13;6.1;5.1;122.9;26.5;0.0;veg;674595;674600;6583808;6583813;674597;6583810;0
klump;9;4.1;3.5;108.4;26.5;4.0;veg;675678;675681;6584806;6584809;675680;6584807;0
klump;18;6.7;4.0;81.7;26.5;6.5;veg;674935;674940;6584650;6584654;674937;6584652;0
klump;9;5.0;3.1;125.8;26.5;10.0;veg;672681;672684;6583968;6583971;672682;6583969;0
klump;10;4.8;3.1;74.0;26.5;6.5;veg;676786;676789;6575136;6575138;676787;6575137;0
klump;13;5.5;4.4;104.7;26.5;6.0;veg;674960;674964;6583910;6583914;674962;6583912;0
klump;9;6.8;3.0;99.5;26.5;9.0;veg;666170;666174;6580017;6580019;666172;6580018;0
klump;13;5.1;4.7;111.4;26.5;9.0;veg;674279;674283;6583894;6583898;674281;6583897;0
klump;31;9.5;6.4;110.7;26.5;6.0;veg;674757;674765;6576316;6576321;674762;6576319;0
klump;11;4.6;4.4;39.3;26.5;6.0;veg;674846;674849;6583984;6583988;674847;6583986;0
klump;11;7.1;3.3;159.8;26.5;7.0;veg;666727;666730;6579210;6579215;666728;6579212;0
klump;21;7.7;5.9;98.5;26.5;12.0;veg;677758;677764;6576712;6576717;677761;6576714;0
klump;12;7.0;4.3;160.5;26.5;10.5;veg;671189;671193;6578469;6578474;671191;6578472;0
klump;16;6.4;4.6;109.7;26.5;13.0;veg;672081;672086;6585188;6585192;672084;6585190;0
klump;8;7.4;3.6;132.6;26.5;8.0;veg;669002;669006;6585097;6585101;669004;6585098;0
klump;13;5.4;4.2;32.9;26.5;8.0;veg;676576;676580;6580193;6580197;676578;6580195;0
klump;17;7.2;3.2;150.7;26.5;0.0;veg;674540;674544;6585145;6585150;674542;6585147;0
klump;9;8.2;2.4;135.0;26.5;9.5;veg;677845;677850;6581317;6581321;677848;6581319;0
klump;20;9.5;4.4;33.5;26.5;8.5;veg;677805;677810;6581073;6581080;677807;6581077;0
klump;13;6.0;4.1;75.6;26.5;8.5;veg;677718;677723;6580815;6580819;677721;6580817;0
klump;23;7.2;5.2;70.1;26.5;8.0;veg;676525;676531;6580142;6580147;676528;6580144;0
klump;26;7.7;6.0;124.5;26.5;12.5;veg;672682;672689;6583735;6583741;672685;6583738;0
klump;13;6.0;4.1;33.2;26.5;10.0;veg;671647;671650;6583902;6583907;671649;6583904;0
klump;35;11.0;4.5;139.4;26.5;10.0;bygg;675462;675469;6576618;6576625;675465;6576622;0
klump;13;7.0;4.0;82.3;26.5;0.0;veg;674384;674389;6584075;6584078;674386;6584076;0
klump;13;8.4;3.4;96.0;26.5;10.0;veg;676549;676556;6580831;6580834;676553;6580832;0
klump;10;5.2;3.4;148.0;26.5;11.0;veg;674293;674296;6583561;6583564;674295;6583563;0
klump;16;7.2;4.6;137.7;26.5;13.0;veg;671981;671986;6584040;6584045;671984;6584043;0
klump;22;6.6;6.1;115.9;26.5;13.0;veg;671978;671984;6584918;6584924;671981;6584921;0
klump;13;5.9;3.6;56.4;26.5;6.0;veg;676960;676965;6575059;6575062;676963;6575060;0
klump;12;7.1;4.3;132.4;26.5;13.0;veg;676687;676691;6581601;6581605;676690;6581604;0
klump;16;7.8;4.7;18.2;26.5;12.5;veg;672261;672265;6583497;6583503;672263;6583500;0
klump;10;6.4;3.0;73.9;26.5;10.5;veg;672797;672802;6584479;6584482;672799;6584481;0
klump;8;4.2;3.0;91.8;26.5;11.5;veg;678057;678060;6580343;6580345;678059;6580344;0
klump;14;7.1;5.3;152.2;26.5;9.5;veg;672070;672074;6584683;6584688;672072;6584685;0
klump;18;6.6;4.9;38.7;26.5;6.5;bygg;672816;672821;6583952;6583957;672818;6583954;0
klump;9;4.3;3.1;78.0;26.5;10.0;veg;672616;672619;6584017;6584019;672617;6584018;0
klump;11;4.4;3.6;127.7;26.5;10.0;veg;672324;672327;6584141;6584144;672325;6584143;0
klump;18;6.6;3.7;125.0;26.5;11.0;veg;674259;674264;6583544;6583548;674262;6583546;0
klump;22;6.8;4.4;16.5;26.5;9.0;veg;673951;673955;6584210;6584216;673953;6584213;0
klump;8;5.1;2.6;91.7;26.5;4.5;veg;676840;676844;6575069;6575071;676842;6575070;0
klump;18;5.5;5.4;147.0;26.5;11.5;veg;677978;677982;6580298;6580302;677980;6580300;0
klump;11;7.1;3.8;66.4;26.5;9.0;veg;673846;673851;6584015;6584018;673849;6584016;0
klump;10;4.9;3.8;58.8;26.5;5.5;veg;678202;678205;6581084;6581087;678204;6581086;0
klump;12;5.3;3.4;129.4;26.5;9.0;veg;674043;674047;6584088;6584091;674045;6584090;0
klump;11;7.9;4.1;169.6;26.5;6.0;veg;666150;666154;6582472;6582478;666152;6582475;0
klump;19;17.3;2.3;147.7;26.5;7.5;veg;672145;672153;6580206;6580217;672149;6580211;0
klump;10;6.3;4.2;139.7;26.5;6.0;veg;677078;677082;6575028;6575032;677080;6575030;0
klump;8;5.0;3.0;4.1;26.5;12.0;veg;677811;677813;6576593;6576597;677812;6576595;0
klump;22;7.6;4.6;101.1;26.5;10.0;veg;672298;672304;6584076;6584080;672301;6584078;0
klump;13;5.2;3.7;107.2;26.5;13.0;veg;672056;672060;6584936;6584939;672058;6584937;0
klump;9;4.1;3.5;161.1;26.5;0.0;veg;675254;675257;6583799;6583802;675256;6583801;0
klump;14;6.6;3.7;89.5;26.5;9.0;veg;674095;674100;6584162;6584165;674098;6584164;0
klump;16;5.8;4.6;157.4;26.5;0.0;veg;674923;674927;6583567;6583572;674925;6583569;0
klump;29;11.5;5.1;112.7;26.5;4.5;veg;672553;672562;6584787;6584793;672557;6584790;0
klump;24;9.0;5.3;120.3;26.5;6.5;veg;675239;675246;6584687;6584692;675242;6584689;0
klump;10;5.3;4.3;171.4;26.5;6.0;veg;676865;676868;6575094;6575098;676866;6575096;0
klump;15;9.8;4.0;51.4;26.5;8.5;veg;677676;677683;6581125;6581131;677680;6581128;0
klump;28;11.2;4.6;43.7;26.5;10.0;veg;674708;674715;6583686;6583694;674711;6583690;0
klump;10;5.5;3.7;170.2;26.5;6.0;veg;677577;677580;6580047;6580051;677578;6580048;0
klump;18;7.8;4.9;143.2;26.5;6.5;veg;676554;676559;6575181;6575187;676557;6575184;0
klump;17;10.4;3.6;91.0;26.5;5.0;veg;671919;671928;6583465;6583468;671923;6583466;0
klump;51;11.2;9.4;126.8;26.5;4.0;veg;675325;675335;6584736;6584746;675330;6584741;1
klump;10;5.9;3.7;58.5;26.5;5.5;veg;678312;678316;6581045;6581048;678314;6581047;0
klump;52;13.1;8.1;121.9;26.5;0.0;veg;675166;675177;6583739;6583749;675172;6583745;0
klump;30;10.1;5.6;57.3;26.5;8.0;veg;676436;676443;6580196;6580203;676440;6580199;0
klump;14;5.8;3.6;9.3;26.5;10.0;veg;672392;672395;6584298;6584303;672393;6584300;0
klump;12;6.9;3.0;132.1;26.5;12.0;veg;677693;677698;6576694;6576698;677695;6576696;0
klump;8;5.2;3.3;0.0;26.5;6.0;veg;666279;666281;6582335;6582339;666280;6582337;0
klump;14;7.1;4.9;174.4;26.5;10.0;veg;671700;671704;6583885;6583891;671702;6583888;0
klump;26;7.2;6.4;7.4;26.5;11.0;veg;674200;674205;6583622;6583628;674203;6583625;0
klump;16;6.6;4.5;102.0;26.5;6.5;veg;675131;675136;6584743;6584747;675134;6584745;0
klump;11;5.7;3.7;22.8;26.5;6.0;veg;666386;666389;6582288;6582292;666387;6582290;0
klump;10;4.9;3.4;73.8;26.5;11.5;veg;673135;673139;6577560;6577562;673137;6577561;0
klump;9;5.9;2.8;110.8;26.5;10.0;veg;673383;673387;6584538;6584540;673385;6584539;0
klump;22;6.1;5.2;28.8;26.5;11.5;veg;674978;674982;6578003;6578008;674980;6578006;0
klump;10;5.7;4.1;46.6;26.5;6.5;veg;676662;676666;6575138;6575142;676664;6575140;0
klump;18;8.5;4.5;39.5;26.5;10.0;veg;674419;674425;6583627;6583633;674422;6583630;0
klump;12;5.8;3.5;173.4;26.5;9.0;veg;674124;674127;6583940;6583944;674126;6583942;0
klump;10;5.8;3.8;119.6;26.5;10.0;veg;672341;672345;6584176;6584179;672344;6584178;0
klump;18;5.6;4.4;157.4;26.5;6.5;veg;675174;675177;6584806;6584810;675176;6584808;0
klump;12;7.7;4.0;59.7;26.5;8.0;veg;668950;668955;6585159;6585163;668953;6585160;0
klump;10;6.1;2.7;101.7;26.5;11.5;veg;676053;676058;6576717;6576719;676055;6576718;0
klump;10;4.8;2.9;108.2;26.5;6.5;veg;675171;675174;6584818;6584820;675173;6584819;0
klump;20;7.1;5.7;79.3;26.5;10.0;veg;671667;671673;6583917;6583922;671670;6583919;0
klump;11;6.8;2.6;45.2;26.5;10.0;veg;672405;672409;6584025;6584029;672407;6584027;0
klump;16;8.0;4.2;125.7;26.5;6.0;veg;666116;666122;6582448;6582453;666119;6582451;0
klump;8;6.8;2.8;44.3;26.5;0.0;veg;674735;674738;6585160;6585164;674737;6585162;0
klump;33;10.8;5.4;139.4;26.5;0.0;veg;675192;675199;6583672;6583680;675196;6583676;0
klump;20;6.7;5.4;132.4;26.5;10.5;veg;677675;677680;6581810;6581815;677678;6581813;0
klump;18;7.8;4.0;30.1;26.5;13.0;veg;672247;672251;6584270;6584276;672249;6584273;0
klump;11;5.5;3.2;81.4;26.5;5.5;veg;678394;678398;6580899;6580902;678396;6580901;0
klump;9;5.6;3.4;95.9;26.5;11.5;veg;678363;678367;6580361;6580363;678365;6580362;0
klump;24;8.7;5.0;89.7;26.5;6.5;veg;672886;672893;6583930;6583935;672889;6583933;0
klump;22;7.6;5.4;118.4;26.5;4.5;veg;676973;676979;6580696;6580701;676976;6580698;0
klump;16;8.6;3.2;66.9;26.5;0.0;veg;674766;674772;6585044;6585048;674770;6585046;0
klump;8;4.4;2.6;109.3;26.5;10.0;veg;674425;674428;6583625;6583627;674427;6583626;0
klump;9;6.3;2.5;64.8;26.5;6.0;veg;671232;671236;6581915;6581918;671234;6581917;0
klump;19;11.5;6.0;67.9;26.5;9.0;veg;674187;674196;6583898;6583904;674191;6583902;0
klump;12;5.7;4.6;47.4;26.5;10.0;veg;672550;672554;6584062;6584066;672553;6584064;0
klump;21;8.2;4.2;141.7;26.5;0.0;veg;675273;675278;6583701;6583706;675276;6583704;0
klump;19;7.9;4.7;115.3;26.5;0.0;veg;674820;674826;6583726;6583731;674823;6583728;0
klump;11;5.8;2.8;15.2;26.5;6.0;veg;675333;675335;6584964;6584968;675334;6584966;0
klump;24;7.8;6.0;161.4;26.5;0.0;veg;674741;674747;6583991;6583998;674744;6583994;0
klump;10;7.0;3.4;35.4;26.5;5.5;veg;669453;669457;6582021;6582026;669455;6582024;0
klump;18;9.2;3.5;11.0;26.5;12.5;veg;672650;672654;6583592;6583599;672652;6583595;0
klump;48;12.5;7.2;141.2;26.5;5.5;bygg+veg;677978;677987;6581077;6581087;677983;6581082;0
klump;17;8.7;4.2;153.5;26.5;0.0;veg;678601;678605;6575912;6575919;678603;6575915;0
klump;27;12.6;4.7;162.3;26.5;0.0;veg;674846;674851;6583735;6583745;674849;6583741;0
klump;10;5.3;3.9;0.0;26.5;10.0;veg;672372;672375;6584045;6584049;672374;6584047;0
klump;9;4.9;3.0;62.6;26.5;6.5;veg;675236;675239;6584734;6584736;675237;6584735;0
klump;12;4.9;3.9;102.6;26.5;4.5;veg;676755;676759;6575033;6575036;676757;6575035;0
klump;9;4.9;3.2;138.8;26.5;9.0;veg;674058;674061;6584205;6584208;674059;6584206;0
klump;24;8.0;5.3;166.0;26.5;8.0;veg;668902;668907;6584933;6584940;668905;6584937;0
klump;11;4.8;4.4;114.0;26.5;13.0;veg;672246;672249;6584263;6584266;672248;6584264;0
klump;15;5.8;3.9;53.8;26.5;0.0;veg;674355;674359;6584030;6584034;674357;6584032;0
klump;15;6.6;4.1;105.6;26.5;13.0;veg;671723;671728;6583799;6583802;671725;6583801;0
klump;8;4.4;3.5;65.8;26.5;0.0;veg;674350;674353;6585324;6585327;674351;6585326;0
klump;8;4.4;3.3;57.5;26.5;0.0;veg;674725;674728;6583869;6583872;674727;6583870;0
klump;13;5.2;4.6;122.1;26.5;6.0;veg;666323;666327;6582302;6582305;666325;6582304;0
klump;9;5.8;3.5;63.4;26.5;4.5;veg;672383;672387;6584335;6584338;672385;6584336;0
klump;21;10.0;4.1;53.6;26.5;0.0;veg;674969;674975;6583367;6583373;674972;6583370;0
klump;10;4.7;3.3;54.6;26.5;10.0;veg;672458;672461;6583953;6583956;672460;6583955;0
klump;11;7.8;3.0;85.8;26.5;9.5;veg;677091;677097;6575684;6575686;677094;6575685;0
klump;24;6.9;6.1;163.9;26.5;8.0;veg;676982;676988;6575528;6575534;676985;6575530;0
klump;13;5.9;3.9;161.7;26.5;3.0;veg;678018;678022;6581643;6581648;678020;6581645;0
klump;13;7.2;4.2;146.4;26.5;6.0;veg;676893;676897;6575030;6575035;676895;6575032;0
klump;9;4.5;3.9;135.0;26.5;9.0;veg;673885;673888;6584031;6584034;673887;6584033;0
klump;29;8.9;5.5;98.7;26.5;6.5;veg;675090;675097;6584481;6584486;675093;6584483;0
klump;22;6.9;5.9;116.4;26.5;13.0;veg;670445;670451;6577934;6577939;670448;6577936;0
klump;35;12.7;7.9;163.3;26.5;10.0;veg;674701;674709;6583452;6583462;674705;6583457;0
klump;12;5.5;4.6;32.1;26.5;9.5;veg;672040;672044;6584391;6584395;672042;6584393;0
klump;8;4.4;2.7;65.6;26.5;10.0;veg;672556;672559;6584169;6584171;672558;6584170;0
klump;19;7.1;5.0;130.1;26.5;9.0;veg;674151;674157;6583824;6583829;674154;6583827;0
klump;10;4.3;3.3;63.4;26.5;7.5;veg;674673;674676;6575189;6575191;674674;6575190;0
klump;18;7.2;4.0;171.1;26.5;9.0;veg;674077;674080;6584174;6584180;674079;6584177;0
klump;20;11.5;4.8;23.6;26.5;8.0;veg;668792;668797;6585281;6585291;668795;6585286;0
klump;11;7.5;3.2;66.6;26.5;9.0;veg;674235;674240;6583887;6583890;674238;6583889;0
klump;13;6.3;3.4;146.9;26.5;9.0;veg;674170;674174;6583974;6583979;674172;6583977;0
klump;8;4.2;3.5;5.9;26.5;6.0;veg;674828;674830;6583984;6583987;674829;6583985;0
klump;11;5.7;5.1;71.1;26.5;8.0;veg;676919;676923;6575567;6575571;676921;6575569;0
klump;18;7.9;4.5;81.4;26.5;0.0;veg;674596;674602;6585287;6585291;674598;6585289;0
klump;17;8.1;3.9;145.9;26.5;6.0;veg;677511;677516;6580050;6580055;677514;6580053;0
klump;10;4.9;3.4;132.9;26.5;9.0;veg;673935;673938;6584217;6584220;673937;6584218;0
klump;19;6.7;4.8;116.1;26.5;6.5;veg;675121;675127;6584427;6584431;675124;6584429;0
klump;30;9.9;7.0;30.1;26.5;7.5;veg;666803;666810;6581057;6581064;666806;6581060;0
klump;16;6.3;4.9;16.6;26.5;4.5;veg;672714;672718;6584579;6584584;672716;6584581;0
klump;24;7.2;4.4;13.5;26.5;11.0;veg;674188;674192;6583627;6583633;674190;6583630;0
klump;17;6.1;4.6;77.2;26.5;13.0;veg;672104;672109;6584901;6584905;672107;6584904;0
klump;20;7.7;4.5;103.4;26.5;4.5;veg;672487;672493;6584339;6584343;672490;6584340;0
klump;11;4.5;3.6;90.0;26.5;4.5;veg;676689;676692;6575016;6575018;676691;6575017;0
klump;11;6.9;3.7;119.8;26.5;3.0;veg;678392;678397;6581629;6581633;678394;6581631;0
klump;39;9.6;6.4;98.8;26.5;8.5;veg;676100;676108;6580684;6580690;676103;6580686;0
klump;11;7.2;3.6;118.3;26.5;8.0;veg;668794;668799;6585278;6585281;668796;6585279;0
klump;12;8.2;2.9;171.2;26.5;10.5;veg;677660;677663;6581802;6581808;677662;6581805;0
klump;9;5.9;3.4;141.7;26.5;0.0;veg;674653;674656;6583855;6583859;674655;6583857;0
klump;27;11.1;7.5;78.5;26.5;13.0;veg;671990;671998;6584089;6584095;671994;6584092;0
klump;8;4.2;3.0;178.2;26.5;0.0;veg;674338;674340;6584002;6584005;674339;6584003;0
klump;10;4.3;3.2;90.0;26.5;10.0;veg;672614;672617;6584142;6584144;672616;6584143;0
klump;10;8.8;2.7;51.2;26.5;10.0;veg;674440;674445;6583563;6583567;674442;6583565;0
klump;20;7.2;5.0;10.6;26.5;6.5;veg;676555;676559;6575207;6575213;676558;6575210;0
klump;12;6.3;3.0;124.0;26.5;12.0;veg;677721;677725;6576881;6576885;677723;6576883;0
klump;15;5.2;4.8;96.7;26.5;4.5;veg;676652;676656;6575083;6575087;676654;6575085;0
klump;23;9.2;5.0;82.6;26.5;8.5;veg;677727;677735;6580930;6580934;677731;6580932;0
klump;18;6.4;4.4;124.3;26.5;10.0;veg;674322;674327;6583556;6583560;674324;6583558;0
klump;9;4.6;3.6;20.5;26.5;6.5;veg;676619;676621;6575255;6575258;676620;6575256;0
klump;9;5.2;3.3;164.9;26.5;6.5;veg;676597;676599;6575210;6575214;676598;6575212;0
klump;14;4.7;4.2;26.6;26.5;12.5;veg;672745;672748;6583652;6583655;672747;6583653;0
klump;9;4.5;2.8;96.0;26.5;9.0;veg;674024;674027;6583886;6583888;674026;6583887;0
klump;13;6.3;3.9;93.0;26.5;0.0;veg;674457;674462;6583813;6583816;674460;6583814;0
klump;8;8.7;1.5;152.2;26.5;7.5;veg;672177;672180;6580189;6580194;672178;6580191;0
klump;12;5.8;4.4;138.8;26.5;12.5;veg;677292;677296;6581827;6581831;677294;6581828;0
klump;18;7.2;4.3;2.1;26.5;8.5;veg;675990;675993;6580698;6580704;675991;6580701;0
klump;14;5.5;4.6;177.9;26.5;6.5;veg;675718;675722;6575506;6575510;675720;6575508;0
klump;16;6.0;4.2;127.2;26.5;4.5;veg;676851;676855;6575090;6575094;676853;6575092;0
klump;9;4.2;3.5;101.3;26.5;6.0;veg;676882;676885;6575045;6575048;676883;6575047;0
klump;10;4.2;3.7;45.0;26.5;9.0;veg;674195;674198;6584095;6584098;674197;6584096;0
klump;10;6.0;3.8;19.6;26.5;10.5;veg;677659;677662;6581794;6581798;677661;6581796;0
klump;21;6.7;5.4;0.0;26.5;8.5;veg;675992;675996;6580663;6580668;675994;6580665;0
klump;9;4.9;3.0;10.3;26.5;10.0;veg;672352;672354;6584308;6584311;672353;6584309;0
klump;14;6.9;4.1;82.9;26.5;10.0;veg;672701;672707;6584064;6584068;672704;6584066;0
klump;9;4.3;3.9;28.2;26.5;5.5;veg;673122;673125;6583681;6583684;673123;6583683;0
klump;14;8.8;3.7;164.0;26.5;4.5;veg;677064;677067;6580376;6580383;677066;6580380;0
klump;9;4.4;3.1;92.7;26.5;9.0;veg;674283;674286;6583950;6583952;674285;6583951;0
klump;9;4.1;3.5;108.4;26.5;10.0;veg;672499;672502;6584140;6584143;672501;6584141;0
klump;17;6.6;4.5;125.1;26.5;11.0;veg;674243;674248;6583543;6583548;674246;6583545;0
klump;12;5.4;4.5;66.2;26.5;9.0;veg;674043;674047;6584055;6584058;674045;6584056;0
klump;9;6.3;2.1;145.2;26.5;0.0;veg;674790;674793;6584157;6584161;674791;6584159;0
klump;12;5.3;4.9;74.7;26.5;7.5;veg;666820;666824;6581098;6581102;666822;6581100;0
klump;10;5.4;2.8;56.4;26.5;4.5;veg;672473;672477;6584674;6584677;672475;6584675;0
klump;11;4.8;3.7;4.3;26.5;12.0;veg;677753;677756;6576763;6576767;677755;6576765;0
klump;12;6.0;2.9;84.0;26.5;6.0;veg;674995;675000;6583890;6583892;674998;6583891;0
klump;10;5.6;3.6;137.6;26.5;4.5;veg;672502;672506;6584777;6584781;672504;6584779;0
klump;8;5.3;3.2;167.5;26.5;12.5;veg;672319;672321;6583461;6583464;672320;6583462;0
klump;16;9.2;3.7;160.2;26.5;9.0;veg;674040;674044;6584148;6584154;674042;6584151;0
klump;15;5.5;4.1;14.8;26.5;4.5;veg;672672;672676;6584542;6584547;672674;6584544;0
klump;10;5.7;3.3;135.0;26.5;7.5;veg;678196;678199;6581871;6581874;678198;6581873;0
klump;31;7.6;6.6;160.9;26.5;6.5;veg;675111;675118;6584321;6584328;675114;6584324;0
klump;15;7.1;3.7;80.2;26.5;13.0;veg;672062;672067;6584229;6584232;672064;6584231;0
klump;9;5.4;2.7;39.1;26.5;12.0;veg;670144;670147;6576628;6576631;670145;6576630;0
klump;13;6.9;3.6;32.1;26.5;8.5;veg;678073;678077;6575768;6575773;678075;6575771;0
klump;9;4.3;3.5;138.8;26.5;0.0;veg;675225;675228;6583804;6583807;675226;6583805;0
klump;12;4.8;4.0;63.0;26.5;3.0;veg;678124;678128;6581607;6581610;678126;6581609;0
klump;11;6.8;2.3;10.9;26.5;0.0;veg;675907;675909;6584674;6584679;675908;6584677;0
klump;9;4.7;3.2;43.9;26.5;6.5;veg;676723;676726;6575151;6575154;676725;6575153;0
klump;14;6.6;3.5;1.6;26.5;9.5;veg;672082;672084;6584443;6584449;672083;6584446;0
klump;20;6.9;5.2;82.1;26.5;10.0;veg;672612;672617;6584124;6584128;672615;6584126;0
klump;11;7.8;3.5;42.3;26.5;3.0;veg;678143;678148;6581637;6581642;678146;6581640;0
klump;12;5.3;4.2;168.0;26.5;0.0;veg;677903;677906;6577643;6577647;677905;6577644;0
klump;17;6.0;4.9;85.2;26.5;9.0;veg;673837;673842;6584050;6584054;673840;6584052;0
klump;13;5.1;4.1;54.0;26.5;6.0;veg;674873;674877;6583983;6583987;674876;6583985;0
klump;8;7.0;2.0;123.8;26.5;8.5;veg;678063;678067;6575778;6575781;678065;6575780;0
klump;14;5.3;4.5;108.9;26.5;8.0;veg;676903;676907;6575558;6575562;676905;6575560;0
klump;13;4.8;3.8;101.3;26.5;8.0;veg;676878;676882;6575612;6575615;676880;6575614;0
klump;16;5.9;4.6;46.6;26.5;6.5;veg;676604;676608;6575174;6575178;676606;6575176;0
klump;9;3.5;3.5;0.0;26.5;10.0;veg;674521;674523;6583323;6583325;674522;6583324;0
klump;14;4.8;4.3;91.0;26.5;11.5;veg;674911;674915;6577964;6577968;674913;6577966;0
klump;12;8.3;3.9;69.1;26.5;7.0;veg;668691;668697;6581647;6581650;668694;6581648;0
klump;15;6.7;3.8;79.4;26.5;9.0;veg;674038;674043;6584069;6584072;674041;6584071;0
klump;18;5.3;4.7;93.0;26.5;0.0;veg;674502;674506;6583836;6583840;674504;6583838;0
klump;15;7.5;3.7;145.5;26.5;4.5;veg;672695;672699;6584595;6584600;672697;6584598;0
klump;9;4.4;3.5;0.0;26.5;10.0;veg;672278;672280;6584266;6584269;672279;6584268;0
klump;10;5.7;2.6;22.4;26.5;9.0;bygg;670278;670280;6580103;6580107;670279;6580105;0
klump;9;4.5;3.1;94.7;26.5;10.0;veg;672550;672553;6584039;6584041;672552;6584040;0
klump;9;8.5;2.9;124.1;26.5;12.0;veg;677736;677741;6576743;6576747;677738;6576746;0
klump;18;5.4;4.8;66.3;26.5;9.0;veg;674209;674214;6583899;6583903;674211;6583901;0
klump;9;5.0;3.2;160.0;26.5;0.0;veg;674970;674973;6583483;6583487;674971;6583485;0
klump;14;8.4;4.4;75.9;26.5;0.0;veg;674573;674579;6584000;6584004;674575;6584002;0
klump;10;6.7;3.0;48.0;26.5;12.5;veg;677275;677279;6581817;6581821;677277;6581819;0
klump;8;7.3;2.8;20.2;26.5;13.0;veg;671025;671028;6577895;6577900;671027;6577897;0
klump;9;7.1;3.6;162.8;26.5;4.5;veg;676870;676873;6580257;6580262;676871;6580260;0
klump;13;5.0;4.1;70.0;26.5;6.5;veg;676690;676694;6575128;6575131;676692;6575129;0
klump;10;8.3;4.0;151.6;26.5;8.5;veg;678090;678094;6575772;6575778;678092;6575775;0
klump;8;7.3;1.9;26.5;26.5;4.0;veg;673103;673106;6578267;6578271;673105;6578269;0
klump;8;5.2;2.7;169.7;26.5;12.5;veg;673722;673724;6578862;6578865;673723;6578864;0
klump;13;6.0;3.7;143.3;26.5;12.0;veg;677705;677709;6576635;6576639;677707;6576637;0
klump;12;6.1;4.2;58.9;26.5;6.0;veg;676948;676952;6575011;6575015;676950;6575013;0
klump;8;4.8;2.2;125.4;26.5;0.0;veg;674658;674661;6585268;6585270;674660;6585269;0
klump;8;9.6;1.8;46.2;26.5;9.0;veg;676426;676430;6584113;6584118;676428;6584115;0
klump;8;4.1;3.7;0.0;26.5;11.0;veg;674301;674304;6583590;6583593;674302;6583591;1
klump;8;7.7;2.6;117.9;26.5;6.0;veg;675141;675146;6583901;6583904;675144;6583902;0
klump;13;6.1;4.6;16.5;26.5;12.0;veg;670538;670542;6578518;6578523;670540;6578520;0
klump;17;8.8;3.5;140.0;26.5;0.0;veg;674634;674639;6583912;6583917;674636;6583915;0
klump;29;11.8;5.1;37.4;26.5;10.0;veg;672466;672474;6584309;6584317;672470;6584313;0
klump;18;7.4;4.0;159.0;26.5;4.0;veg;675653;675657;6584771;6584777;675655;6584773;0
klump;15;9.8;2.9;70.6;26.5;0.0;veg;674791;674799;6584165;6584168;674795;6584167;0
klump;23;10.1;5.4;31.1;26.5;5.5;veg;676837;676844;6580239;6580247;676840;6580243;0
klump;13;7.4;5.0;8.9;26.5;12.0;veg;677707;677711;6576627;6576633;677710;6576630;0
klump;9;5.1;3.3;174.0;26.5;4.5;veg;672379;672381;6584486;6584490;672380;6584488;0
klump;11;5.6;3.2;121.4;26.5;4.0;veg;675826;675830;6584680;6584683;675828;6584682;0
klump;21;8.4;5.8;22.5;26.5;6.5;veg;675669;675674;6575495;6575501;675671;6575498;0
klump;18;7.3;5.1;82.2;26.5;6.5;veg;675189;675196;6584810;6584814;675192;6584812;0
klump;8;4.3;3.2;158.2;26.5;12.5;veg;672696;672698;6583566;6583569;672697;6583567;0
klump;12;9.7;2.3;13.5;26.5;11.0;veg;671631;671634;6583053;6583060;671632;6583057;0
klump;11;5.0;3.2;173.1;26.5;10.0;veg;672675;672678;6584062;6584066;672677;6584064;0
klump;10;5.8;2.9;173.8;26.5;6.5;veg;676674;676676;6575219;6575223;676675;6575220;0
klump;10;4.7;3.4;36.6;26.5;8.5;veg;677734;677737;6580806;6580809;677735;6580807;0
klump;13;5.9;3.6;77.1;26.5;6.0;veg;674634;674639;6576182;6576185;674636;6576183;0
klump;8;6.3;3.4;46.4;26.5;9.0;veg;669364;669368;6579572;6579576;669366;6579574;0
klump;10;5.7;4.1;84.8;26.5;9.5;veg;677825;677829;6581277;6581280;677826;6581279;0
klump;8;5.3;3.2;41.9;26.5;4.5;veg;672756;672759;6584738;6584741;672758;6584739;0
klump;8;5.5;2.3;67.7;26.5;0.0;veg;674591;674595;6584111;6584113;674593;6584112;0
klump;13;5.5;4.9;153.8;26.5;5.0;veg;671890;671894;6583540;6583544;671892;6583542;0
klump;8;4.7;2.9;128.0;26.5;0.0;veg;675902;675905;6584705;6584708;675903;6584706;0
klump;8;5.1;2.8;74.9;26.5;0.0;veg;674386;674390;6584091;6584093;674388;6584092;0
klump;23;10.4;5.7;4.2;26.5;6.5;veg;672788;672793;6583987;6583995;672790;6583991;0
klump;10;5.9;2.9;60.2;26.5;10.0;veg;674769;674773;6583791;6583794;674771;6583792;0
klump;15;6.2;3.5;137.0;26.5;10.0;veg;672405;672409;6584294;6584298;672407;6584296;0
klump;11;5.5;3.3;145.3;26.5;9.0;veg;674039;674042;6584142;6584146;674040;6584144;0
klump;11;5.3;4.1;137.2;26.5;4.5;veg;676796;676800;6575059;6575063;676798;6575061;0
klump;24;11.1;5.8;151.8;26.5;10.5;veg;674826;674831;6583177;6583185;674828;6583181;0
klump;11;4.3;4.1;139.7;26.5;0.0;veg;674721;674724;6585040;6585043;674723;6585041;0
klump;9;5.1;2.8;71.6;26.5;6.0;veg;676934;676937;6575003;6575005;676935;6575004;0
klump;12;6.2;2.7;99.2;26.5;9.0;veg;666382;666387;6579794;6579796;666385;6579795;0
klump;8;4.2;2.8;97.0;26.5;9.0;veg;674249;674252;6583958;6583960;674251;6583959;0
klump;9;4.5;2.8;174.0;26.5;0.0;veg;675182;675184;6584856;6584859;675183;6584858;0
klump;9;5.0;3.6;154.6;26.5;6.5;veg;676753;676756;6575168;6575172;676755;6575170;0
klump;10;5.1;3.2;120.2;26.5;9.0;veg;673986;673989;6584061;6584064;673988;6584062;0
klump;17;7.2;4.7;94.1;26.5;13.0;veg;672039;672045;6584017;6584021;672042;6584019;0
klump;8;5.1;2.3;68.6;26.5;5.0;veg;672122;672125;6583404;6583406;672124;6583405;0
klump;8;4.3;3.0;0.0;26.5;0.0;veg;674412;674414;6584137;6584140;674413;6584138;0
klump;10;5.1;4.1;63.9;26.5;4.5;veg;672644;672647;6584555;6584558;672645;6584556;0
klump;9;4.3;3.8;114.7;26.5;0.0;veg;674652;674655;6585235;6585238;674654;6585236;0
klump;9;11.0;0.0;90.0;26.5;13.5;veg;675860;675868;6576606;6576606;675864;6576606;0
klump;15;5.3;4.2;63.3;26.5;10.0;veg;672468;672472;6584005;6584008;672470;6584006;0
klump;21;6.1;5.2;111.5;26.5;9.0;veg;674186;674191;6583981;6583986;674188;6583984;0
klump;20;8.3;4.8;60.9;26.5;6.0;veg;677553;677559;6579899;6579904;677556;6579901;0
klump;14;6.4;4.8;146.4;26.5;13.0;veg;671975;671979;6584043;6584048;671976;6584046;0
klump;10;5.5;3.7;147.2;26.5;5.0;veg;672078;672081;6583738;6583742;672080;6583740;0
klump;15;7.8;3.7;9.9;26.5;0.0;veg;674911;674914;6585162;6585168;674912;6585165;0
klump;27;10.9;6.1;101.0;26.5;4.5;veg;672661;672670;6584542;6584548;672666;6584545;0
klump;13;6.8;3.3;160.3;26.5;12.0;veg;670317;670320;6578433;6578438;670319;6578435;0
klump;10;4.8;3.9;173.6;26.5;6.0;veg;666153;666156;6582493;6582497;666154;6582495;0
klump;8;5.0;3.4;67.5;26.5;6.0;veg;666146;666149;6582499;6582502;666148;6582500;0
klump;16;8.0;5.0;21.9;26.5;8.5;veg;676936;676941;6580858;6580864;676939;6580860;0
klump;24;6.6;6.4;166.0;26.5;6.0;veg;673977;673983;6575594;6575600;673980;6575597;0
klump;16;6.5;4.3;93.5;26.5;8.5;veg;678095;678100;6578585;6578588;678098;6578586;0
klump;11;4.6;4.4;108.4;26.5;11.5;veg;666373;666377;6579211;6579214;666375;6579212;0
klump;8;8.2;2.9;157.4;26.5;8.5;veg;666257;666260;6580367;6580372;666259;6580369;0
klump;9;4.5;3.1;30.7;26.5;8.0;veg;677159;677162;6575450;6575453;677160;6575452;0
klump;8;4.8;3.3;128.7;26.5;6.0;veg;666115;666118;6581205;6581208;666116;6581207;0
klump;11;5.2;4.0;145.5;26.5;6.0;veg;677008;677011;6575085;6575088;677010;6575087;0
klump;8;5.0;2.5;157.2;26.5;10.0;veg;672547;672549;6584093;6584096;672548;6584094;0
klump;16;5.8;4.5;174.8;26.5;10.0;veg;674707;674710;6583695;6583700;674709;6583697;0
klump;8;5.8;2.8;3.8;26.5;9.0;veg;674234;674236;6583938;6583942;674235;6583940;0
klump;9;4.9;2.7;90.0;26.5;7.5;veg;678154;678158;6581935;6581937;678156;6581936;0
klump;10;6.3;3.5;128.8;26.5;13.0;veg;671748;671752;6583954;6583958;671750;6583956;0
klump;8;8.1;1.4;35.0;26.5;4.0;veg;673075;673078;6578224;6578229;673076;6578226;0
klump;10;5.0;4.3;69.2;26.5;12.0;veg;671700;671704;6578917;6578920;671702;6578919;0
klump;12;5.5;3.0;85.2;26.5;4.5;veg;672360;672364;6584319;6584321;672362;6584320;1
klump;10;5.5;2.6;125.4;26.5;6.0;veg;674832;674835;6583923;6583926;674834;6583925;0
klump;12;6.2;4.4;40.2;26.5;9.0;veg;673566;673570;6584173;6584177;673569;6584175;0
klump;9;4.9;3.5;33.7;26.5;6.5;veg;676710;676713;6575124;6575127;676712;6575126;0
klump;10;5.1;2.9;9.3;26.5;0.0;veg;674522;674524;6585252;6585256;674523;6585254;0
klump;12;5.2;3.6;16.8;26.5;6.5;veg;676570;676573;6575249;6575253;676572;6575251;0
klump;9;4.5;2.8;144.2;26.5;0.0;veg;675301;675303;6583625;6583628;675302;6583627;0
klump;9;4.5;2.8;125.8;26.5;10.5;veg;674900;674903;6582908;6582910;674901;6582909;0
klump;12;5.6;4.4;103.4;26.5;12.5;veg;668504;668509;6577808;6577812;668506;6577810;0
klump;9;7.5;2.2;27.5;26.5;10.5;veg;677713;677716;6581938;6581943;677715;6581941;0
klump;9;6.7;1.9;54.4;26.5;6.5;veg;674997;675001;6584720;6584723;674999;6584721;0
klump;15;7.9;3.6;103.0;26.5;0.0;veg;674741;674747;6583946;6583949;674744;6583948;0
klump;8;4.0;3.0;55.3;26.5;11.0;veg;674268;674271;6583613;6583615;674270;6583614;0
klump;14;7.8;3.7;114.4;26.5;10.5;veg;674894;674900;6582904;6582908;674897;6582906;0
klump;8;3.7;3.6;135.0;26.5;10.0;veg;672646;672649;6584042;6584045;672648;6584044;0
klump;10;5.7;3.5;137.0;26.5;9.0;veg;666132;666135;6581283;6581287;666133;6581285;0
klump;8;4.3;3.2;111.8;26.5;9.5;veg;677114;677117;6575658;6575660;677116;6575659;0
klump;16;6.2;5.1;62.1;26.5;10.0;veg;672624;672629;6583836;6583840;672627;6583838;0
klump;16;9.0;3.9;128.4;26.5;4.5;veg;674539;674545;6584426;6584431;674542;6584428;0
klump;10;5.9;2.9;31.9;26.5;8.5;veg;677529;677532;6580765;6580769;677530;6580767;0
klump;11;4.3;3.9;125.0;26.5;0.0;veg;675046;675049;6583404;6583407;675047;6583405;0
klump;12;5.0;3.9;166.9;26.5;4.0;veg;675736;675739;6584747;6584751;675738;6584750;0
klump;8;4.6;4.0;23.7;26.5;6.5;veg;676677;676680;6575146;6575149;676678;6575147;0
klump;11;4.8;4.0;45.0;26.5;6.0;veg;677016;677019;6575061;6575065;677017;6575063;0
klump;21;10.1;4.6;64.7;26.5;6.0;veg;674766;674774;6576113;6576119;674770;6576116;0
klump;10;5.2;3.8;43.0;26.5;0.0;veg;674485;674489;6585153;6585157;674487;6585155;0
klump;14;5.9;4.2;153.1;26.5;9.0;veg;674154;674158;6584040;6584045;674156;6584043;0
klump;9;5.7;2.5;8.9;26.5;4.5;veg;676730;676732;6575076;6575080;676731;6575078;0
klump;10;7.6;3.3;107.0;26.5;4.5;veg;672706;672711;6584457;6584460;672708;6584459;0
klump;8;4.4;2.7;65.6;26.5;9.0;veg;674124;674127;6584079;6584081;674125;6584080;0
klump;8;5.0;3.0;4.1;26.5;6.5;veg;674973;674975;6584335;6584339;674974;6584337;0
klump;11;5.6;2.9;119.0;26.5;11.5;veg;674049;674053;6585028;6585031;674051;6585029;0
klump;9;6.1;3.9;1.1;26.5;13.5;veg;678084;678087;6578724;6578728;678086;6578726;0
klump;16;5.7;4.7;152.4;26.5;10.0;veg;672342;672346;6584168;6584173;672344;6584171;0
klump;11;5.2;3.1;164.8;26.5;9.0;veg;674213;674215;6583954;6583958;674214;6583956;0
klump;12;6.0;3.8;133.5;26.5;8.5;veg;677251;677255;6580808;6580811;677253;6580809;0
klump;10;4.7;3.3;35.4;26.5;10.0;veg;672633;672636;6584116;6584119;672635;6584118;0
klump;10;4.7;3.4;16.6;26.5;6.5;veg;676563;676565;6575227;6575230;676564;6575229;0
klump;9;5.4;3.2;63.8;26.5;0.0;veg;674897;674901;6585143;6585146;674899;6585145;0
klump;8;4.2;2.8;83.0;26.5;9.0;veg;674175;674178;6584051;6584053;674176;6584052;0
klump;9;5.3;2.4;18.4;26.5;8.5;veg;677640;677642;6580874;6580878;677641;6580876;0
klump;17;7.2;4.2;33.7;26.5;10.0;veg;672480;672485;6584133;6584139;672482;6584136;0
klump;9;5.5;3.8;51.8;26.5;9.5;veg;677142;677145;6575658;6575661;677144;6575660;0
klump;8;4.8;2.9;81.9;26.5;12.5;veg;672660;672663;6583695;6583697;672662;6583696;0
klump;13;7.1;4.2;161.6;26.5;7.0;veg;668957;668960;6579121;6579127;668958;6579124;0
klump;9;5.1;4.2;148.3;26.5;6.0;veg;674826;674829;6583993;6583997;674827;6583995;0
klump;9;6.3;2.8;18.4;26.5;5.5;veg;669471;669473;6582027;6582031;669472;6582029;0
klump;8;3.7;2.9;135.0;26.5;9.0;veg;674038;674040;6584031;6584033;674039;6584032;0
klump;10;5.6;3.0;73.0;26.5;12.0;veg;677776;677780;6576634;6576636;677778;6576635;0
klump;10;5.5;4.5;23.2;26.5;5.5;veg;673107;673110;6583664;6583668;673109;6583666;0
klump;8;4.4;2.6;19.3;26.5;10.0;veg;672400;672402;6584143;6584146;672401;6584145;0
klump;14;8.3;5.3;152.2;26.5;5.0;veg;672035;672040;6583345;6583351;672038;6583348;0
klump;12;7.2;2.5;95.6;26.5;9.0;veg;666256;666261;6580031;6580033;666258;6580032;0
klump;8;4.3;3.2;68.2;26.5;0.0;veg;674557;674560;6583912;6583914;674558;6583913;0
klump;12;6.0;4.5;102.1;26.5;4.5;veg;672435;672439;6584467;6584470;672437;6584469;0
klump;8;5.5;3.6;57.0;26.5;10.0;veg;676651;676655;6580841;6580844;676653;6580843;0
klump;8;5.4;3.0;117.7;26.5;0.0;veg;678620;678624;6576071;6576074;678622;6576072;0
klump;10;9.0;2.9;55.2;26.5;5.0;veg;671760;671766;6583617;6583621;671763;6583619;0
klump;10;5.8;4.0;136.1;26.5;12.0;veg;677738;677742;6576790;6576793;677740;6576792;0
klump;8;4.5;4.0;45.0;26.5;8.5;veg;678116;678119;6575800;6575803;678118;6575802;0
klump;10;7.6;3.3;42.7;26.5;6.0;veg;677565;677569;6580008;6580013;677567;6580011;0
klump;10;5.5;3.0;74.6;26.5;4.5;veg;672347;672351;6584554;6584556;672349;6584555;0
klump;8;3.7;2.9;135.0;26.5;10.5;veg;674938;674940;6582844;6582846;674939;6582845;0
klump;9;5.8;3.2;119.5;26.5;6.0;veg;677028;677032;6575066;6575069;677030;6575068;0
klump;8;6.7;2.7;8.7;26.5;0.0;veg;674576;674578;6585083;6585088;674577;6585086;0
klump;8;4.8;2.1;90.0;26.5;7.5;veg;678149;678152;6581784;6581785;678150;6581784;0
klump;9;4.9;3.3;141.6;26.5;0.0;veg;674312;674315;6583933;6583936;674313;6583935;0
klump;14;14.4;1.4;27.5;26.5;4.0;veg;673107;673112;6578280;6578290;673109;6578285;0
klump;8;5.2;2.7;10.3;26.5;0.0;veg;674916;674918;6583546;6583550;674917;6583548;0
klump;8;4.9;2.8;77.0;26.5;6.0;veg;674713;674716;6576099;6576101;674714;6576100;0
klump;11;5.2;3.5;144.0;26.5;13.0;veg;672120;672123;6584235;6584238;672122;6584237;0
klump;9;6.6;2.4;19.2;26.5;6.0;veg;677543;677545;6580011;6580015;677544;6580013;0
klump;8;5.3;3.6;13.5;26.5;11.5;veg;666156;666159;6579444;6579448;666158;6579446;0
klump;10;7.5;2.9;31.7;26.5;0.0;veg;674747;674751;6584001;6584005;674749;6584003;0
klump;8;3.7;3.0;90.0;26.5;0.0;veg;674351;674354;6583993;6583995;674352;6583994;0
klump;11;7.9;3.6;31.4;26.5;12.5;veg;672659;672663;6583804;6583809;672662;6583806;1
klump;13;4.9;4.3;68.3;26.5;6.0;veg;676968;676971;6575064;6575067;676970;6575065;0
klump;8;4.4;2.6;160.7;26.5;6.5;veg;676565;676567;6575199;6575202;676566;6575200;0
klump;12;4.9;3.9;165.1;26.5;0.0;veg;674754;674757;6584169;6584173;674756;6584171;0
klump;8;4.4;2.7;24.4;26.5;0.0;veg;675202;675204;6583670;6583673;675203;6583672;0
klump;12;4.6;4.2;64.2;26.5;9.5;veg;677167;677170;6575652;6575655;677168;6575654;0
klump;8;8.1;1.8;156.1;26.5;11.5;veg;675299;675302;6577943;6577948;675300;6577945;0
klump;12;5.9;3.2;64.2;26.5;6.5;veg;675159;675163;6584770;6584773;675161;6584771;0
klump;8;5.5;3.4;32.9;26.5;5.0;veg;666317;666320;6584783;6584787;666319;6584785;0
klump;9;5.2;3.6;106.1;26.5;8.0;veg;676929;676933;6575561;6575563;676931;6575562;0
klump;9;4.9;2.7;0.0;26.5;6.0;veg;674890;674892;6583954;6583958;674891;6583956;0
klump;8;6.2;2.2;68.7;26.5;7.5;veg;678395;678399;6581846;6581848;678397;6581847;0
klump;9;4.9;4.4;150.5;26.5;8.0;veg;669168;669171;6584932;6584936;669169;6584934;0
klump;9;5.4;2.5;12.0;26.5;10.0;veg;671570;671572;6584140;6584144;671571;6584142;0
klump;10;9.0;2.4;130.4;26.5;8.5;veg;678093;678098;6575761;6575765;678096;6575763;0
klump;12;7.8;4.5;100.4;26.5;8.5;veg;678076;678082;6575761;6575765;678078;6575763;0
klump;12;6.8;3.3;127.5;26.5;12.5;veg;672579;672583;6583768;6583772;672581;6583770;0
klump;8;5.1;3.5;73.5;26.5;5.0;veg;672072;672076;6583434;6583437;672074;6583436;0
klump;8;4.7;3.0;126.8;26.5;7.5;veg;668262;668265;6578978;6578981;668263;6578979;0
klump;10;8.1;2.8;72.1;26.5;12.5;veg;673570;673575;6579076;6579079;673572;6579078;0
klump;8;4.5;4.1;170.0;26.5;6.5;veg;672921;672924;6583845;6583848;672922;6583847;0
klump;8;5.4;3.7;130.4;26.5;8.0;veg;667329;667332;6575284;6575287;667330;6575286;0
klump;8;4.8;2.5;156.8;26.5;8.5;veg;666646;666648;6579785;6579788;666647;6579786;0
klump;9;4.9;3.4;125.8;26.5;0.0;veg;674783;674786;6584166;6584169;674785;6584168;0
klump;41;11.8;8.0;92.6;26.0;10.0;veg;671592;671602;6584188;6584196;671598;6584192;0
klump;186;20.3;16.7;126.1;26.0;8.0;bygg;669041;669060;6584883;6584901;669050;6584893;0
klump;13;7.6;3.4;4.5;26.0;9.0;veg;674186;674189;6584078;6584084;674188;6584081;0
klump;10;4.7;3.3;75.9;26.0;0.0;veg;674581;674584;6584175;6584178;674582;6584176;0
klump;8;5.2;2.1;153.4;26.0;10.0;veg;672371;672373;6584298;6584301;672372;6584300;0
klump;8;4.1;3.2;133.8;26.0;10.0;veg;672521;672524;6584011;6584014;672522;6584012;0
klump;217;29.0;14.0;156.2;26.0;7.0;bygg+veg;672274;672292;6576090;6576116;672284;6576104;0
klump;13;7.6;4.1;146.6;26.0;4.5;veg;672706;672710;6584431;6584436;672708;6584433;0
klump;12;5.7;4.2;143.7;26.0;0.0;veg;675228;675232;6583694;6583698;675230;6583696;0
klump;247;30.2;14.4;152.6;26.0;7.0;bygg+veg;672303;672321;6576052;6576080;672313;6576068;0
klump;209;27.7;12.2;155.4;26.0;7.0;bygg+veg;672333;672350;6576019;6576043;672343;6576033;0
klump;9;5.0;3.3;35.8;26.0;0.0;veg;675319;675322;6583580;6583583;675320;6583582;0
klump;39;10.4;7.5;16.0;26.0;9.5;bygg;670003;670010;6584018;6584027;670007;6584023;0
klump;9;6.2;2.6;104.2;26.0;6.5;veg;676404;676408;6575195;6575197;676406;6575196;0
klump;11;6.0;4.3;31.7;26.0;5.0;veg;671880;671884;6583579;6583583;671882;6583581;0
klump;8;6.9;2.0;13.6;26.0;10.0;veg;674742;674744;6583683;6583688;674743;6583686;0
klump;59;11.9;7.7;4.7;26.0;10.0;bygg;671435;671442;6583915;6583925;671439;6583920;0
klump;9;5.1;3.9;8.1;26.0;10.5;veg;674922;674925;6582824;6582828;674924;6582826;0
klump;10;6.6;3.2;114.9;26.0;4.5;veg;676960;676964;6580365;6580368;676962;6580366;0
klump;11;6.5;3.3;87.0;26.0;9.5;veg;672023;672028;6584321;6584323;672025;6584322;0
klump;15;8.2;3.0;152.3;26.0;12.5;veg;673442;673446;6578969;6578975;673444;6578972;0
klump;15;7.9;2.9;163.8;26.0;13.0;veg;672253;672256;6584185;6584191;672254;6584188;1
klump;10;7.7;3.6;143.8;26.0;8.0;veg;676480;676484;6580186;6580191;676483;6580189;0
klump;11;7.0;3.5;179.3;26.0;7.0;veg;666250;666252;6582209;6582214;666251;6582211;0
klump;18;7.3;4.9;114.1;26.0;5.5;veg;678246;678251;6581057;6581061;678248;6581059;0
klump;20;6.6;4.8;14.2;26.0;0.0;veg;674814;674818;6583725;6583731;674816;6583728;1
klump;22;10.0;3.1;96.3;26.0;13.0;veg;674196;674204;6576695;6576697;674200;6576696;0
klump;42;15.6;4.7;8.7;26.0;9.5;bygg+veg;667648;667652;6584323;6584338;667649;6584332;0
klump;183;20.6;16.2;133.0;26.0;8.0;bygg;669004;669023;6584886;6584904;669013;6584895;0
klump;19;8.6;4.5;64.5;26.0;5.0;veg;671975;671982;6583317;6583322;671979;6583319;0
klump;31;11.2;6.1;37.5;26.0;9.0;bygg;670694;670701;6576143;6576152;670698;6576148;0
klump;17;7.1;5.4;118.0;26.0;9.0;veg;674029;674035;6584013;6584018;674032;6584016;0
klump;10;4.6;2.8;26.6;26.0;12.5;veg;667642;667644;6584308;6584311;667643;6584310;0
klump;18;6.3;4.4;178.3;26.0;9.0;veg;674176;674180;6583998;6584004;674178;6584001;0
klump;12;8.5;3.7;11.1;26.0;12.5;veg;673446;673449;6578952;6578958;673447;6578955;0
klump;17;6.4;4.3;74.2;26.0;6.5;veg;675179;675184;6584808;6584812;675181;6584810;0
klump;12;6.8;5.4;7.4;26.0;10.0;veg;671657;671661;6583999;6584004;671659;6584001;0
klump;13;6.8;4.4;98.0;26.0;11.5;veg;673264;673270;6577599;6577603;673267;6577601;0
klump;13;6.2;3.8;40.2;26.0;6.0;veg;675206;675210;6583940;6583944;675208;6583941;0
klump;15;9.5;4.5;3.3;26.0;5.0;veg;672137;672141;6583659;6583666;672139;6583662;0
klump;8;5.3;2.6;77.4;26.0;0.0;veg;674898;674902;6585136;6585138;674900;6585137;0
klump;19;8.8;3.7;79.6;26.0;0.0;veg;674911;674918;6583535;6583539;674914;6583537;0
klump;14;5.8;3.8;160.0;26.0;6.0;veg;675365;675368;6585062;6585066;675367;6585064;0
klump;19;9.2;4.9;140.9;26.0;7.5;veg;666822;666828;6581091;6581097;666825;6581094;0
klump;11;5.6;3.3;103.8;26.0;13.0;veg;672110;672114;6584198;6584200;672112;6584199;0
klump;339;28.7;20.0;6.0;26.0;6.5;bygg;669221;669241;6577638;6577663;669231;6577651;0
klump;11;6.8;2.4;36.4;26.0;10.0;veg;672620;672623;6584145;6584149;672621;6584147;0
klump;14;6.0;3.7;109.7;26.0;10.0;veg;672336;672341;6584239;6584242;672339;6584240;0
klump;16;5.8;4.8;69.7;26.0;6.0;veg;677514;677518;6580018;6580022;677516;6580020;0
klump;12;5.5;3.0;175.2;26.0;0.0;veg;675234;675236;6583334;6583338;675235;6583336;0
klump;9;4.5;2.8;84.0;26.0;0.0;veg;675267;675270;6583788;6583790;675269;6583789;0
klump;17;6.6;4.0;6.7;26.0;6.5;veg;676749;676752;6575144;6575149;676750;6575147;0
klump;8;7.0;1.6;125.0;26.0;9.0;veg;677901;677905;6582396;6582399;677903;6582398;0
klump;8;5.9;2.0;96.6;26.0;7.0;veg;669002;669006;6579104;6579105;669004;6579104;0
klump;11;7.1;2.6;48.2;26.0;6.5;veg;676602;676606;6575227;6575231;676604;6575229;0
klump;8;4.3;4.1;116.6;26.0;10.0;veg;672497;672500;6583880;6583883;672498;6583882;0
klump;71;15.7;7.3;79.9;26.0;8.0;bygg;677186;677199;6584877;6584884;677192;6584881;0
klump;8;5.7;3.5;147.9;26.0;6.5;veg;676709;676712;6575167;6575170;676711;6575169;0
klump;8;4.5;3.0;26.0;26.0;4.5;veg;674559;674561;6584415;6584418;674560;6584417;0
klump;9;6.1;2.7;97.9;26.0;8.0;veg;677484;677488;6580578;6580580;677486;6580579;0
klump;8;6.2;3.2;20.1;26.0;5.0;veg;672032;672034;6583343;6583347;672033;6583345;0
klump;9;11.0;1.3;159.6;26.0;11.5;veg;675285;675288;6577942;6577949;675286;6577945;0
klump;9;4.9;3.4;125.8;26.0;12.5;veg;672747;672750;6583726;6583729;672749;6583728;0
klump;10;5.3;3.4;178.8;26.0;10.0;veg;672398;672401;6584029;6584033;672399;6584031;0
klump;9;4.9;3.5;33.7;26.0;4.5;veg;676805;676808;6575005;6575008;676806;6575006;0
klump;19;8.9;5.7;63.5;26.0;8.5;veg;677780;677787;6581106;6581112;677783;6581109;0
klump;21;10.6;4.5;26.8;26.0;5.5;veg;672835;672840;6583794;6583802;672838;6583798;0
klump;11;5.8;5.0;101.6;26.0;10.0;veg;671740;671744;6583945;6583949;671743;6583947;1
klump;11;4.6;4.3;135.0;26.0;0.0;veg;675101;675104;6583630;6583633;675103;6583632;0
klump;9;4.3;3.4;125.8;26.0;10.5;veg;674861;674864;6583238;6583240;674863;6583239;0
klump;87;14.3;10.2;145.4;26.0;9.0;bygg;671493;671505;6576564;6576578;671499;6576571;0
klump;14;5.2;4.6;74.2;26.0;11.5;veg;674668;674672;6576767;6576771;674670;6576769;0
klump;9;6.0;2.8;175.9;26.0;10.0;veg;674652;674654;6583654;6583658;674653;6583656;0
klump;10;5.1;3.9;174.3;26.0;0.0;veg;674494;674497;6585189;6585193;674496;6585191;0
klump;11;5.0;3.5;141.7;26.0;6.5;veg;676737;676740;6575109;6575112;676738;6575110;0
klump;12;5.4;3.6;53.8;26.0;6.5;veg;676744;676748;6575114;6575117;676746;6575116;0
klump;10;7.1;3.8;26.1;26.0;3.0;veg;678159;678163;6581634;6581639;678161;6581636;0
klump;19;9.8;4.8;98.5;26.0;10.0;veg;674319;674328;6583660;6583664;674324;6583662;0
klump;24;11.4;5.2;173.0;26.0;6.0;veg;675328;675333;6585066;6585074;675330;6585070;0
klump;15;7.3;5.8;74.3;26.0;6.0;veg;677652;677658;6579935;6579940;677655;6579937;0
klump;20;6.5;4.9;3.0;26.0;10.5;bygg;672238;672242;6578795;6578800;672240;6578798;0
klump;14;5.4;3.9;152.4;26.0;0.0;veg;675915;675918;6584667;6584671;675916;6584669;0
klump;15;5.9;4.1;148.2;26.0;5.0;veg;671875;671879;6583333;6583337;671877;6583335;0
klump;15;7.7;5.9;2.6;26.0;4.5;veg;672506;672511;6584800;6584807;672509;6584804;0
klump;10;4.8;2.9;161.8;26.0;6.5;veg;675758;675760;6575104;6575107;675759;6575106;0
klump;8;4.7;3.3;3.1;26.0;4.5;veg;672573;672575;6584518;6584521;672574;6584520;0
klump;14;7.5;4.5;40.0;26.0;8.0;veg;676524;676529;6580148;6580153;676527;6580150;0
klump;82;16.2;7.1;176.1;26.0;8.5;bygg;672122;672129;6577957;6577971;672125;6577964;0
klump;13;5.6;4.7;62.8;26.0;12.5;veg;673748;673753;6578864;6578868;673751;6578866;0
klump;10;4.2;3.7;160.7;26.0;10.0;veg;672321;672324;6584231;6584234;672323;6584233;0
klump;8;8.2;2.5;139.5;26.0;0.0;veg;674510;674514;6585250;6585254;674512;6585252;0
klump;11;5.5;3.3;58.1;26.0;6.5;veg;672823;672827;6583815;6583818;672825;6583816;0
klump;21;7.3;5.7;16.9;26.0;4.5;veg;674559;674564;6578051;6578058;674562;6578055;0
klump;11;7.5;2.7;79.0;26.0;11.5;veg;674058;674063;6585064;6585066;674061;6585065;0
klump;38;10.8;6.7;11.5;26.0;10.5;veg;674952;674958;6582838;6582847;674955;6582842;0
klump;8;4.4;2.7;155.6;26.0;10.0;veg;672271;672273;6584181;6584184;672272;6584182;0
klump;9;5.3;3.4;158.0;26.0;10.0;veg;672533;672535;6584090;6584094;672534;6584092;0
klump;15;6.7;4.8;135.0;26.0;13.0;veg;671986;671990;6584152;6584156;671988;6584154;0
klump;14;5.8;3.9;48.6;26.0;6.0;veg;674920;674924;6583856;6583860;674922;6583858;0
klump;10;8.9;3.3;136.5;26.0;6.0;veg;666128;666133;6582507;6582512;666130;6582510;0
klump;8;4.2;3.0;1.8;26.0;9.0;veg;676445;676447;6584136;6584139;676446;6584138;0
klump;8;6.1;3.6;146.2;26.0;12.0;veg;677199;677202;6576236;6576240;677201;6576238;0
klump;10;5.3;3.7;150.2;26.0;10.0;veg;671591;671594;6584055;6584058;671592;6584056;0
klump;10;4.6;2.8;153.4;26.0;9.0;veg;675814;675816;6580673;6580676;675815;6580674;0
klump;8;6.0;4.1;169.7;26.0;10.0;veg;671654;671657;6583809;6583813;671655;6583811;0
klump;19;7.9;4.4;163.5;26.0;4.5;veg;672641;672645;6584757;6584764;672643;6584760;0
klump;8;4.8;2.9;125.2;26.0;0.0;veg;674464;674467;6585193;6585196;674465;6585194;0
klump;11;6.9;3.9;103.9;26.0;9.0;veg;674044;674049;6583987;6583990;674047;6583988;0
klump;13;8.0;3.4;76.8;26.0;5.0;veg;671868;671874;6583498;6583501;671871;6583499;0
klump;11;5.3;3.4;44.0;26.0;6.0;veg;675750;675753;6584914;6584917;675752;6584915;0
klump;15;5.9;4.5;129.9;26.0;6.5;veg;672910;672915;6583830;6583835;672913;6583832;0
klump;8;8.5;1.3;17.3;26.0;9.0;veg;666259;666261;6580110;6580116;666260;6580113;0
klump;10;7.0;3.7;153.9;26.0;6.0;veg;674624;674628;6576341;6576345;674626;6576343;0
klump;20;8.9;5.3;47.7;26.0;6.5;veg;676604;676610;6575208;6575215;676607;6575211;0
klump;15;6.0;4.8;101.2;26.0;0.0;veg;674678;674683;6583827;6583831;674680;6583829;0
klump;15;7.7;4.2;112.1;26.0;7.5;veg;668016;668022;6579168;6579172;668019;6579170;0
klump;17;7.1;4.0;169.4;26.0;10.0;veg;674800;674803;6583709;6583714;674802;6583712;0
klump;10;6.4;3.3;8.3;26.0;8.5;veg;677665;677668;6580833;6580838;677666;6580835;0
klump;18;9.0;5.1;52.7;26.0;5.5;veg;672853;672859;6583616;6583622;672856;6583619;0
klump;25;7.1;6.5;101.4;26.0;9.5;veg;672030;672036;6584385;6584390;672033;6584387;0
klump;8;6.7;4.0;47.2;26.0;6.5;veg;674946;674950;6584330;6584334;674948;6584332;0
klump;8;5.4;3.0;0.0;26.0;3.0;veg;677888;677890;6581716;6581720;677889;6581718;0
klump;25;9.9;4.3;176.2;26.0;6.0;veg;677661;677665;6580048;6580056;677663;6580052;0
klump;15;6.4;4.0;69.3;26.0;12.0;veg;677752;677756;6576642;6576646;677754;6576644;0
klump;16;6.4;3.6;130.6;26.0;9.0;veg;674001;674005;6584200;6584204;674003;6584202;0
klump;8;4.4;2.7;155.6;26.0;11.0;veg;674145;674147;6583601;6583604;674146;6583602;0
klump;12;6.2;3.6;146.6;26.0;4.5;veg;672554;672557;6584715;6584719;672555;6584717;0
klump;27;8.9;6.9;51.0;26.0;6.0;veg;673953;673960;6575588;6575595;673956;6575592;0
klump;13;6.4;4.3;107.8;26.0;12.0;veg;671062;671066;6584148;6584151;671064;6584150;0
klump;8;4.5;3.4;151.0;26.0;10.5;veg;675267;675270;6583254;6583257;675268;6583256;0
klump;8;5.2;3.0;0.0;26.0;13.0;veg;672028;672030;6584911;6584915;672029;6584913;0
klump;15;9.3;3.2;101.2;26.0;11.0;veg;678654;678662;6575294;6575297;678659;6575296;0
klump;9;6.1;3.4;63.7;26.0;6.0;veg;667956;667960;6576240;6576243;667957;6576241;0
klump;9;5.0;3.2;70.0;26.0;3.0;veg;678204;678208;6581378;6581381;678206;6581379;0
klump;12;5.3;3.7;71.1;26.0;10.0;veg;674314;674318;6583665;6583668;674316;6583666;0
klump;11;4.6;3.2;164.9;26.0;10.0;veg;672339;672341;6584184;6584187;672340;6584186;0
klump;17;6.1;5.1;80.6;26.0;4.0;veg;675665;675671;6584751;6584755;675668;6584754;0
klump;9;4.7;3.5;5.4;26.0;10.0;veg;672691;672694;6584106;6584110;672692;6584108;0
klump;9;5.4;3.2;133.0;26.0;9.0;veg;673866;673869;6584005;6584008;673867;6584006;0
klump;8;4.3;4.1;0.0;26.0;7.0;veg;666827;666830;6579263;6579266;666828;6579265;0
klump;8;5.0;3.5;97.8;26.0;6.5;veg;672835;672839;6583962;6583964;672837;6583963;0
klump;11;5.1;3.6;104.5;26.0;6.0;veg;667834;667838;6576165;6576168;667836;6576167;0
klump;11;7.4;2.5;49.4;26.0;0.0;veg;674977;674982;6583385;6583389;674979;6583387;0
klump;8;5.5;2.9;110.1;26.0;12.5;veg;672730;672734;6583732;6583734;672732;6583733;0
klump;11;5.2;3.5;109.4;26.0;10.5;veg;674993;674997;6582945;6582948;674995;6582946;0
klump;16;5.5;4.9;62.3;26.0;9.5;veg;677044;677049;6575637;6575641;677046;6575640;0
klump;10;5.1;3.3;0.0;26.0;4.5;veg;675666;675668;6575088;6575091;675667;6575089;0
klump;9;4.5;2.8;54.2;26.0;0.0;veg;675245;675248;6583670;6583672;675247;6583671;0
klump;11;7.3;2.9;129.8;26.0;10.0;veg;674513;674517;6583348;6583352;674515;6583350;0
klump;11;5.4;4.1;92.8;26.0;9.0;veg;675354;675358;6580394;6580397;675357;6580396;0
klump;11;4.2;3.6;71.6;26.0;7.5;veg;677193;677196;6580131;6580134;677195;6580132;0
klump;9;5.3;2.8;172.4;26.0;10.0;veg;672330;672332;6584242;6584246;672331;6584244;0
klump;9;7.5;2.8;140.0;26.0;10.0;veg;672660;672664;6584010;6584015;672662;6584012;0
klump;13;5.0;4.2;165.7;26.0;13.0;veg;672108;672112;6584158;6584162;672110;6584160;0
klump;13;5.7;4.8;140.7;26.0;4.5;veg;672517;672521;6584790;6584794;672519;6584792;0
klump;9;4.4;3.0;34.6;26.0;0.0;veg;674580;674583;6583892;6583895;674581;6583894;0
klump;13;5.1;3.9;152.8;26.0;9.0;veg;674236;674239;6583898;6583902;674238;6583900;0
klump;11;4.7;3.8;127.2;26.0;10.5;bygg;666912;666915;6576437;6576440;666913;6576438;0
klump;10;5.3;3.5;115.1;26.0;13.0;veg;671968;671971;6584152;6584155;671970;6584154;0
klump;17;9.7;3.6;128.5;26.0;5.0;veg;671873;671879;6583484;6583489;671876;6583486;0
klump;16;5.5;4.9;45.9;26.0;9.0;veg;674085;674089;6584109;6584113;674087;6584111;0
klump;10;4.2;3.5;45.0;26.0;10.0;veg;671627;671630;6584117;6584120;671629;6584119;0
klump;8;4.9;3.4;133.0;26.0;4.5;veg;676857;676860;6575042;6575045;676859;6575044;0
klump;11;6.9;2.9;133.1;26.0;4.5;veg;672668;672672;6584579;6584583;672670;6584581;0
klump;12;5.1;3.1;170.6;26.0;0.0;veg;675888;675890;6584533;6584537;675889;6584535;0
klump;12;6.5;2.5;144.7;26.0;4.0;veg;675649;675652;6584768;6584772;675651;6584770;0
klump;14;5.5;4.0;116.3;26.0;10.0;veg;672385;672389;6584300;6584303;672387;6584302;0
klump;16;6.8;3.6;77.4;26.0;6.0;veg;674979;674984;6583835;6583838;674982;6583836;0
klump;11;5.8;2.7;75.4;26.0;4.5;veg;675798;675802;6575011;6575013;675800;6575012;0
klump;14;5.8;3.4;19.4;26.0;9.5;veg;677004;677007;6575639;6575644;677006;6575642;0
klump;8;4.5;2.6;135.0;26.0;9.0;veg;673991;673994;6584092;6584094;673992;6584093;0
klump;10;5.3;3.3;29.1;26.0;8.5;veg;676026;676029;6580701;6580705;676028;6580703;0
klump;11;5.8;4.4;120.4;26.0;6.0;veg;666256;666260;6582315;6582318;666258;6582316;0
klump;10;5.5;4.6;98.1;26.0;12.0;veg;670498;670502;6578579;6578582;670500;6578581;0
klump;18;8.4;4.0;173.0;26.0;10.0;veg;672557;672561;6584077;6584083;672559;6584080;0
klump;10;6.0;2.9;7.4;26.0;13.0;veg;672004;672006;6584938;6584942;672005;6584940;0
klump;8;5.1;3.3;92.2;26.0;7.5;veg;678382;678386;6581799;6581801;678384;6581800;0
klump;9;4.1;3.5;108.9;26.0;6.5;veg;676823;676826;6575139;6575142;676824;6575140;0
klump;9;4.5;2.8;54.2;26.0;0.0;veg;674375;674378;6585270;6585272;674377;6585271;0
klump;12;8.8;4.3;174.2;26.0;9.0;veg;666340;666344;6581587;6581594;666342;6581591;0
klump;8;6.6;3.7;85.6;26.0;9.5;veg;672063;672067;6584459;6584461;672065;6584460;0
klump;13;5.9;4.4;13.9;26.0;6.0;veg;674890;674894;6583882;6583886;674892;6583884;0
klump;8;4.8;3.7;82.8;26.0;0.0;veg;675149;675152;6583719;6583722;675151;6583720;0
klump;12;5.1;3.8;22.1;26.0;10.0;veg;672269;672272;6584145;6584149;672271;6584147;0
klump;9;6.8;3.2;153.2;26.0;13.0;veg;672153;672156;6584219;6584224;672155;6584222;0
klump;8;5.7;2.5;7.5;26.0;0.0;veg;674802;674804;6583850;6583854;674803;6583852;0
klump;15;6.1;5.4;157.9;26.0;8.5;veg;677799;677803;6581132;6581137;677801;6581135;0
klump;15;5.8;4.7;0.4;26.0;13.0;veg;672098;672103;6584166;6584171;672101;6584169;0
klump;8;4.6;2.8;149.9;26.0;10.0;veg;672442;672444;6584133;6584136;672443;6584134;0
klump;14;6.2;4.0;10.6;26.0;9.0;veg;674043;674046;6584063;6584068;674045;6584066;0
klump;13;8.0;2.5;157.3;26.0;6.5;veg;674968;674971;6584595;6584601;674970;6584598;0
klump;8;4.2;3.0;91.8;26.0;10.0;veg;674667;674670;6583713;6583715;674669;6583714;0
klump;9;4.1;3.5;161.1;26.0;11.5;veg;666311;666314;6579444;6579447;666312;6579445;0
klump;11;5.4;3.6;25.9;26.0;10.0;veg;674774;674777;6583771;6583775;674775;6583773;0
klump;18;6.8;4.7;14.5;26.0;0.0;veg;675251;675255;6583312;6583318;675253;6583315;0
klump;8;4.9;3.0;47.7;26.0;7.5;veg;667067;667070;6581161;6581164;667069;6581162;0
klump;15;7.5;5.4;39.3;26.0;4.5;veg;674546;674551;6584413;6584419;674548;6584416;0
klump;10;4.8;3.5;40.7;26.0;5.0;veg;666202;666205;6584333;6584336;666203;6584334;0
klump;9;4.9;3.3;15.5;26.0;6.0;veg;674819;674821;6584030;6584034;674820;6584032;0
klump;9;5.9;3.2;106.6;26.0;4.5;veg;676703;676707;6575005;6575008;676706;6575007;0
klump;10;8.2;2.5;141.1;26.0;10.0;veg;672694;672698;6584045;6584050;672696;6584048;0
klump;10;5.5;2.8;92.7;26.0;11.5;veg;674119;674123;6585048;6585050;674121;6585049;0
klump;9;5.1;3.1;162.0;26.0;12.5;veg;672742;672744;6583742;6583745;672743;6583743;0
klump;8;5.4;3.8;61.7;26.0;11.5;veg;678114;678117;6580333;6580336;678115;6580335;0
klump;8;5.2;3.7;175.2;26.0;9.0;veg;671906;671909;6583806;6583809;671908;6583808;1
klump;8;5.4;2.5;133.6;26.0;10.0;veg;672262;672265;6584171;6584174;672263;6584172;0
klump;14;7.0;5.1;145.3;26.0;4.5;veg;676699;676703;6575076;6575081;676701;6575078;0
klump;9;4.1;3.0;69.7;26.0;10.0;veg;674537;674540;6583800;6583802;674538;6583801;0
klump;12;5.5;3.8;16.7;26.0;10.0;veg;672669;672672;6584021;6584025;672671;6584023;0
klump;19;10.3;4.8;99.7;26.0;4.5;veg;672610;672619;6584637;6584641;672615;6584639;0
klump;8;4.7;3.6;138.6;26.0;6.5;veg;676573;676576;6575259;6575262;676575;6575260;0
klump;9;5.1;3.8;43.9;26.0;13.0;veg;671969;671972;6584945;6584948;671970;6584947;0
klump;17;8.7;3.7;70.1;26.0;0.0;veg;675221;675227;6583796;6583800;675225;6583798;0
klump;35;9.6;6.4;77.8;26.0;8.0;veg;676483;676492;6580140;6580146;676487;6580143;0
klump;8;4.3;3.7;76.0;26.0;3.0;veg;678142;678145;6581628;6581631;678143;6581630;0
klump;10;5.8;3.7;79.6;26.0;6.5;veg;676834;676838;6575124;6575127;676836;6575125;0
klump;12;6.2;2.8;132.3;26.0;8.5;veg;666232;666236;6580362;6580365;666234;6580363;0
klump;11;6.1;3.5;77.9;26.0;12.0;veg;677726;677731;6576957;6576960;677729;6576959;0
klump;23;6.9;5.9;69.3;26.0;10.0;veg;671546;671551;6584176;6584181;671548;6584179;0
klump;10;5.4;3.4;87.0;26.0;11.5;veg;673987;673991;6585032;6585035;673989;6585034;0
klump;9;4.2;3.7;135.0;26.0;0.0;veg;674471;674474;6583857;6583860;674473;6583858;0
klump;16;8.9;4.1;179.3;26.0;10.0;veg;674676;674680;6583669;6583676;674678;6583672;0
klump;12;6.0;4.7;38.6;26.0;10.0;veg;672571;672575;6583874;6583879;672573;6583877;0
klump;8;4.8;3.6;121.0;26.0;0.0;veg;674863;674866;6583324;6583327;674865;6583326;0
klump;11;6.3;3.0;119.3;26.0;8.0;veg;677155;677159;6575602;6575605;677157;6575603;0
klump;14;7.1;2.8;136.6;26.0;0.0;veg;675184;675188;6583679;6583683;675186;6583681;0
klump;14;6.3;4.0;40.7;26.0;6.0;veg;674716;674720;6576282;6576287;674718;6576284;0
klump;13;5.9;4.2;13.4;26.0;10.0;veg;671683;671686;6583987;6583992;671684;6583990;0
klump;10;4.8;3.8;7.5;26.0;11.5;veg;678359;678362;6580368;6580372;678361;6580370;0
klump;9;5.5;3.3;122.0;26.0;11.5;veg;678389;678392;6580340;6580343;678391;6580342;0
klump;9;7.2;3.5;163.5;26.0;0.0;veg;675228;675231;6583351;6583356;675229;6583354;0
klump;9;7.6;3.2;150.3;26.0;12.0;veg;674314;674318;6583278;6583282;674316;6583280;0
klump;10;5.0;3.7;152.0;26.0;4.5;veg;672657;672660;6584603;6584606;672659;6584604;0
klump;8;5.6;3.5;174.9;26.0;4.5;veg;672689;672692;6584572;6584576;672691;6584574;0
klump;21;9.8;4.5;130.1;26.0;8.5;veg;675968;675974;6580680;6580686;675971;6580683;0
klump;10;6.2;3.9;93.5;26.0;6.5;veg;676706;676711;6575158;6575161;676709;6575160;0
klump;9;4.3;3.9;28.2;26.0;9.5;veg;672207;672210;6584376;6584379;672208;6584377;0
klump;10;7.5;3.1;30.8;26.0;4.5;veg;672701;672704;6584742;6584747;672703;6584745;0
klump;11;5.1;4.0;20.2;26.0;7.0;bygg+veg;675784;675787;6576015;6576019;675786;6576017;0
klump;14;8.7;3.4;103.8;26.0;11.5;veg;668991;668998;6582300;6582303;668995;6582301;0
klump;11;6.9;3.4;118.9;26.0;5.0;veg;672103;672108;6583335;6583338;672105;6583337;0
klump;10;4.9;3.3;128.6;26.0;0.0;veg;674563;674566;6584050;6584053;674564;6584051;0
klump;10;5.2;3.1;76.0;26.0;0.0;veg;674796;674800;6583910;6583912;674798;6583911;0
klump;10;5.0;3.7;144.2;26.0;6.0;veg;674744;674747;6576247;6576251;674745;6576249;0
klump;9;8.1;1.9;100.6;26.0;13.5;veg;677586;677592;6579252;6579254;677589;6579253;0
klump;8;5.7;3.4;102.6;26.0;6.5;veg;676641;676645;6575117;6575120;676642;6575118;0
klump;8;4.2;3.0;1.8;26.0;0.0;veg;674338;674340;6583895;6583898;674339;6583897;0
klump;9;5.1;2.9;137.9;26.0;4.0;veg;675641;675644;6584766;6584769;675642;6584767;0
klump;13;6.0;4.2;5.2;26.0;10.0;veg;674656;674659;6583657;6583662;674657;6583660;0
klump;13;6.4;5.1;88.0;26.0;4.5;veg;672555;672561;6584732;6584737;672558;6584735;0
klump;9;5.7;3.2;168.0;26.0;11.5;veg;675272;675274;6577747;6577751;675273;6577748;0
klump;10;5.1;3.2;83.4;26.0;0.0;veg;675294;675297;6583585;6583587;675296;6583586;0
klump;10;4.8;4.3;81.1;26.0;5.5;veg;672797;672801;6583765;6583768;672799;6583766;0
klump;11;6.6;4.7;25.9;26.0;5.5;veg;666226;666230;6576543;6576547;666227;6576545;0
klump;16;7.4;5.1;21.8;26.0;12.5;veg;672619;672624;6583752;6583757;672622;6583754;0
klump;18;16.3;1.9;133.7;26.0;9.5;bygg;669696;669705;6583988;6583997;669700;6583992;0
klump;8;5.3;3.2;138.1;26.0;10.0;veg;672474;672477;6584000;6584003;672476;6584002;0
klump;10;4.9;3.3;72.5;26.0;7.5;veg;674488;674492;6575444;6575446;674490;6575445;0
klump;9;5.0;2.8;49.5;26.0;6.5;veg;674989;674992;6584597;6584600;674991;6584598;0
klump;8;4.4;2.7;24.4;26.0;4.5;veg;677353;677355;6580717;6580720;677354;6580718;0
klump;19;9.6;3.6;150.4;26.0;0.0;veg;675287;675292;6583549;6583556;675289;6583552;0
klump;9;5.1;2.8;170.8;26.0;0.0;veg;674469;674471;6583922;6583926;674470;6583924;0
klump;12;6.6;4.4;148.2;26.0;8.0;veg;677054;677058;6575574;6575579;677056;6575576;0
klump;11;4.8;3.5;121.7;26.0;13.0;veg;672146;672149;6584137;6584140;672148;6584138;0
klump;10;4.8;2.9;108.2;26.0;0.0;veg;675165;675168;6583689;6583691;675166;6583690;0
klump;12;9.5;2.0;164.8;26.0;13.0;veg;674244;674246;6576766;6576773;674245;6576769;0
klump;10;5.8;3.5;166.3;26.0;6.0;veg;674525;674528;6576357;6576362;674527;6576360;0
klump;12;8.8;4.7;18.6;26.0;8.0;veg;676532;676536;6580151;6580157;676535;6580153;0
klump;8;6.1;4.3;144.6;26.0;0.0;veg;674457;674461;6583906;6583910;674459;6583908;0
klump;8;6.0;2.0;5.2;26.0;0.0;veg;674694;674695;6585190;6585194;674695;6585192;0
klump;10;4.7;3.1;9.7;26.0;12.5;veg;672760;672762;6583662;6583665;672761;6583663;0
klump;9;5.1;3.2;158.6;26.0;7.5;veg;678181;678184;6581780;6581783;678182;6581782;0
klump;10;6.6;3.6;20.9;26.0;8.5;veg;677844;677847;6580867;6580871;677846;6580869;0
klump;8;4.7;3.0;0.0;26.0;13.0;veg;672161;672163;6584270;6584273;672162;6584271;0
klump;10;8.4;3.5;72.0;26.0;6.5;veg;672888;672894;6583810;6583813;672891;6583812;0
klump;8;4.5;2.6;45.0;26.0;10.0;veg;672321;672323;6584241;6584244;672322;6584242;0
klump;13;7.0;2.9;86.1;26.0;0.0;veg;674786;674791;6584162;6584164;674788;6584163;0
klump;9;5.1;2.8;47.1;26.0;10.5;veg;674934;674937;6582870;6582873;674935;6582871;0
klump;10;5.8;3.7;50.1;26.0;6.0;veg;677620;677624;6580050;6580053;677622;6580051;0
klump;9;5.4;3.6;62.1;26.0;6.0;veg;674819;674823;6584150;6584153;674821;6584152;0
klump;9;5.9;3.6;112.5;26.0;10.0;veg;671680;671684;6583966;6583969;671682;6583968;0
klump;8;5.8;2.1;92.7;26.0;11.5;veg;670023;670027;6578344;6578345;670025;6578344;0
klump;10;4.8;3.5;40.7;26.0;0.0;veg;675268;675271;6583691;6583694;675270;6583692;0
klump;10;5.2;3.9;106.2;26.0;7.0;veg;666710;666714;6584420;6584423;666712;6584421;0
klump;9;5.3;3.1;0.0;26.0;6.0;veg;677107;677109;6575016;6575020;677108;6575018;0
klump;8;5.2;2.7;107.1;26.0;12.5;veg;672485;672489;6583764;6583766;672487;6583765;0
klump;10;5.3;3.3;92.4;26.0;5.0;veg;671893;671897;6583367;6583369;671895;6583368;0
klump;10;6.3;3.2;79.9;26.0;9.0;veg;673870;673875;6584020;6584023;673873;6584021;0
klump;11;6.6;3.5;36.4;26.0;9.0;veg;674012;674016;6584079;6584083;674014;6584081;0
klump;8;5.1;2.3;21.4;26.0;6.5;veg;675244;675246;6584701;6584704;675245;6584702;0
klump;10;4.8;3.2;169.5;26.0;10.0;veg;672509;672511;6583920;6583924;672510;6583922;0
klump;9;6.0;2.8;40.9;26.0;7.5;veg;674804;674807;6575368;6575371;674806;6575369;0
klump;13;5.1;4.8;98.0;26.0;5.5;veg;678370;678373;6581095;6581098;678371;6581096;0
klump;11;5.2;3.1;165.4;26.0;6.5;veg;676582;676585;6575188;6575192;676584;6575190;0
klump;10;6.9;3.3;84.3;26.0;6.0;veg;674594;674599;6576322;6576325;674597;6576324;0
klump;10;4.9;3.1;67.3;26.0;8.0;veg;676863;676866;6575156;6575159;676864;6575158;1
klump;8;8.0;2.6;53.0;26.0;6.0;veg;673984;673988;6575603;6575607;673986;6575605;0
klump;8;5.2;2.7;169.7;26.0;5.5;veg;678391;678393;6581119;6581122;678392;6581120;0
klump;9;4.9;4.2;168.4;26.0;0.0;veg;675313;675316;6584987;6584990;675315;6584988;0
klump;8;5.9;2.9;145.0;26.0;8.0;veg;677161;677164;6575604;6575607;677163;6575606;0
klump;10;6.9;2.6;25.2;26.0;0.0;veg;675310;675313;6583531;6583535;675311;6583533;0
klump;9;4.3;3.1;12.0;26.0;4.0;veg;675719;675721;6584668;6584671;675720;6584669;0
klump;9;5.5;4.2;62.7;26.0;12.0;veg;677475;677479;6576243;6576246;677477;6576244;0
klump;12;9.5;2.6;74.5;26.0;8.5;veg;677097;677103;6581229;6581232;677100;6581230;0
klump;9;4.2;3.7;135.0;26.0;0.0;veg;674798;674801;6584046;6584049;674799;6584047;0
klump;8;4.7;4.0;145.0;26.0;10.0;veg;672302;672305;6584210;6584213;672303;6584212;0
klump;9;4.2;3.5;90.0;26.0;5.0;veg;671875;671878;6583491;6583493;671876;6583492;0
klump;8;5.3;2.6;77.4;26.0;7.0;veg;666357;666361;6582211;6582213;666359;6582212;0
klump;8;4.3;2.9;166.4;26.0;8.0;veg;677393;677395;6575355;6575358;677394;6575357;0
klump;10;5.6;4.1;115.9;26.0;6.5;veg;676595;676599;6575166;6575169;676597;6575167;0
klump;12;4.3;4.2;45.0;26.0;13.0;veg;671863;671866;6584255;6584258;671865;6584256;0
klump;12;5.1;3.8;21.4;26.0;11.5;veg;674958;674961;6577988;6577992;674959;6577990;0
klump;8;4.2;2.8;173.0;26.0;10.0;veg;674544;674546;6583720;6583723;674545;6583721;0
klump;10;4.4;3.3;18.4;26.0;4.5;veg;676823;676826;6575090;6575093;676824;6575092;0
klump;12;6.7;4.6;18.9;26.0;0.0;veg;674802;674806;6583907;6583912;674804;6583909;0
klump;11;6.1;3.4;14.3;26.0;6.5;veg;676731;676734;6575176;6575180;676732;6575178;0
klump;14;6.7;5.5;108.5;26.0;4.5;veg;672706;672711;6584583;6584588;672709;6584585;0
klump;10;6.1;2.4;103.4;26.0;13.0;veg;672093;672097;6584185;6584187;672095;6584186;0
klump;11;5.5;3.9;19.8;26.0;10.0;veg;672414;672417;6584149;6584153;672415;6584151;0
klump;11;5.9;2.8;13.3;26.0;8.0;veg;677143;677145;6575488;6575493;677144;6575491;0
klump;10;4.4;3.3;161.6;26.0;0.0;veg;675039;675042;6583438;6583441;675040;6583440;0
klump;9;4.6;3.2;47.4;26.0;12.5;veg;672733;672736;6583689;6583692;672735;6583690;0
klump;9;5.3;3.4;151.8;26.0;12.0;veg;677713;677716;6576680;6576683;677715;6576681;0
klump;8;4.9;3.9;106.3;26.0;8.0;veg;676740;676744;6575798;6575801;676742;6575800;0
klump;10;4.6;4.1;8.9;26.0;6.5;veg;676571;676574;6575182;6575185;676572;6575183;0
klump;11;6.7;4.0;6.8;26.0;12.5;veg;672663;672666;6583633;6583638;672664;6583635;0
klump;15;7.4;4.0;16.8;26.0;9.0;veg;674200;674204;6583900;6583906;674202;6583903;0
klump;9;4.2;3.5;0.0;26.0;9.0;veg;674074;674076;6584040;6584043;674075;6584041;0
klump;8;4.7;3.4;113.6;26.0;5.5;veg;669468;669471;6582012;6582015;669469;6582013;0
klump;8;4.3;3.2;111.8;26.0;10.0;veg;672503;672506;6583966;6583968;672504;6583967;0
klump;13;6.0;4.8;117.1;26.0;7.5;veg;675660;675665;6582826;6582830;675663;6582828;0
klump;8;3.7;3.5;0.0;26.0;10.0;veg;672541;672543;6584103;6584106;672542;6584104;0
klump;9;4.1;3.8;54.2;26.0;6.5;veg;676601;676604;6575161;6575164;676602;6575163;0
klump;9;4.5;2.8;96.0;26.0;10.0;veg;672399;672402;6584081;6584083;672400;6584082;0
klump;9;4.5;3.1;149.3;26.0;4.0;veg;675622;675625;6584747;6584750;675624;6584749;0
klump;11;8.4;2.7;95.4;26.0;11.5;veg;678027;678033;6580259;6580261;678030;6580260;0
klump;8;5.2;2.6;45.0;26.0;10.0;veg;676542;676545;6580800;6580803;676543;6580802;0
klump;8;6.7;3.0;0.0;26.0;12.0;veg;670243;670245;6578415;6578420;670244;6578417;0
klump;9;5.1;2.8;9.2;26.0;0.0;veg;674481;674483;6583860;6583864;674482;6583862;0
klump;10;8.4;3.5;161.3;26.0;11.5;veg;675206;675209;6578098;6578104;675208;6578102;0
klump;8;6.2;3.1;75.8;26.0;5.5;veg;669459;669463;6582014;6582016;669461;6582015;0
klump;8;5.8;2.1;2.7;26.0;5.0;veg;672033;672034;6583777;6583781;672034;6583779;0
klump;8;5.2;3.6;12.0;26.0;11.5;veg;678066;678069;6580320;6580324;678068;6580322;0
klump;8;5.9;2.9;97.0;26.0;8.0;veg;676730;676734;6575817;6575819;676732;6575818;0
klump;248;25.5;19.8;73.2;25.5;8.5;bygg;669635;669661;6578035;6578057;669649;6578047;0
klump;128;22.6;12.0;179.3;25.5;8.5;bygg;673348;673361;6575707;6575726;673355;6575715;0
klump;310;28.8;14.9;163.2;25.5;8.5;bygg;672149;672164;6577985;6578012;672157;6578000;0
klump;10;5.4;3.8;44.0;25.5;7.5;veg;667053;667056;6581132;6581135;667055;6581133;0
klump;9;8.0;3.4;156.1;25.5;9.5;bygg;669827;669830;6583991;6583996;669829;6583994;0
klump;8;4.2;2.8;83.0;25.5;9.0;veg;673966;673969;6584082;6584084;673967;6584083;0
klump;150;24.7;11.7;170.8;25.5;0.0;bygg;669685;669695;6578163;6578189;669691;6578179;1
klump;108;16.9;11.0;170.3;25.5;8.5;bygg;673363;673375;6575666;6575682;673369;6575673;0
klump;41;14.5;4.5;174.0;25.5;9.0;bygg;670209;670213;6580129;6580143;670211;6580137;0
klump;9;4.1;3.8;35.8;25.5;6.0;veg;676903;676906;6575057;6575060;676904;6575059;0
klump;14;4.8;4.2;163.4;25.5;8.5;bygg;676271;676274;6580489;6580493;676272;6580491;0
klump;9;7.2;1.7;22.1;25.5;6.0;veg;674733;674735;6576292;6576297;674734;6576295;0
klump;13;6.5;4.9;103.0;25.5;8.5;veg;666627;666632;6579784;6579788;666629;6579786;0
klump;10;5.3;3.6;107.0;25.5;10.0;veg;674645;674649;6583664;6583667;674647;6583666;0
klump;8;4.6;2.8;59.9;25.5;10.5;veg;674936;674939;6582831;6582833;674937;6582832;0
klump;8;4.6;3.7;48.1;25.5;9.0;veg;674228;674231;6583998;6584001;674229;6584000;0
klump;17;8.0;4.2;67.1;25.5;5.0;veg;672194;672200;6583397;6583401;672197;6583399;0
klump;8;4.8;3.7;134.1;25.5;11.0;veg;678691;678694;6575279;6575282;678692;6575281;0
klump;9;4.7;3.8;64.9;25.5;9.5;veg;676926;676929;6575856;6575859;676928;6575857;0
klump;10;6.2;3.2;142.4;25.5;7.5;veg;674763;674767;6575424;6575428;674765;6575426;0
klump;8;5.8;2.1;87.3;25.5;12.5;veg;673661;673665;6579005;6579006;673663;6579005;0
klump;10;6.3;2.8;136.1;25.5;9.5;bygg;667896;667900;6583584;6583587;667898;6583586;0
klump;8;5.8;2.8;123.1;25.5;11.0;veg;678757;678761;6575253;6575255;678759;6575254;0
klump;8;5.7;2.7;51.4;25.5;4.5;veg;672332;672335;6584559;6584562;672334;6584561;0
klump;8;5.5;3.4;57.1;25.5;9.0;veg;674071;674075;6584179;6584182;674073;6584181;0
klump;17;9.0;4.9;119.7;25.5;10.0;veg;671603;671610;6584130;6584136;671606;6584133;0
klump;8;4.5;4.0;133.2;25.5;6.5;veg;676727;676730;6575111;6575114;676729;6575112;0
klump;10;4.2;3.9;146.8;25.5;4.5;veg;675804;675807;6575010;6575013;675806;6575011;0
klump;10;5.4;3.8;75.3;25.5;9.5;bygg+veg;673492;673496;6583759;6583762;673494;6583760;0
klump;11;6.3;3.8;60.0;25.5;9.0;veg;670701;670705;6579975;6579979;670703;6579977;0
klump;9;4.1;3.5;108.4;25.5;10.0;veg;672320;672323;6584270;6584273;672321;6584272;0
klump;8;5.6;2.1;68.4;25.5;8.0;veg;677151;677155;6581377;6581379;677153;6581378;0
klump;302;46.2;13.5;170.9;25.0;8.0;bygg;668959;668975;6584968;6585006;668969;6584990;0
klump;13;8.1;2.5;102.9;25.0;7.0;bygg;676165;676171;6580183;6580186;676168;6580185;0
klump;207;19.8;17.8;67.5;25.0;8.5;bygg;673377;673396;6575624;6575642;673386;6575633;0
klump;80;15.2;11.1;175.2;25.0;8.0;bygg;678070;678080;6583876;6583891;678073;6583883;0
klump;82;20.3;6.9;86.5;25.0;8.0;bygg;677226;677245;6584910;6584917;677234;6584913;0
klump;14;5.8;5.3;123.8;25.0;8.0;bygg;678077;678082;6583888;6583893;678079;6583891;0
klump;38;10.8;6.5;174.7;25.0;8.0;bygg;677462;677468;6584910;6584919;677465;6584914;0
klump;69;13.8;9.4;177.7;25.0;8.0;bygg;678030;678039;6583890;6583902;678034;6583896;0
klump;36;10.7;6.2;172.0;25.0;8.0;bygg;677416;677422;6584925;6584934;677419;6584928;0
klump;34;13.6;5.0;79.8;25.0;8.0;bygg;677186;677198;6584833;6584838;677191;6584836;0
klump;34;11.8;6.5;177.4;25.0;8.0;bygg;677322;677328;6584954;6584964;677325;6584958;0
klump;20;7.5;5.0;6.8;25.0;8.0;bygg;677999;678003;6583825;6583831;678001;6583829;0
klump;46;8.6;7.7;14.5;25.0;8.5;bygg;669689;669695;6578017;6578025;669692;6578021;0
klump;9;4.6;3.2;114.2;25.0;7.5;bygg;671839;671842;6577490;6577492;671841;6577491;0
klump;11;6.0;3.1;168.3;25.0;9.0;bygg;670208;670210;6580164;6580169;670209;6580166;0
klump;10;5.7;3.2;37.8;25.0;9.0;bygg;673582;673585;6584297;6584301;673584;6584299;0
klump;22;6.8;5.8;37.0;25.0;8.0;bygg;678039;678044;6583820;6583825;678041;6583823;0
klump;11;7.1;3.0;58.8;25.0;8.5;bygg;678275;678280;6578198;6578201;678278;6578199;0
klump;173;24.3;17.2;75.5;24.5;6.5;bygg;667627;667650;6582455;6582474;667639;6582464;1
klump;111;21.2;10.8;123.2;24.5;8.0;bygg;672245;672263;6576122;6576137;672253;6576129;1
klump;43;12.7;7.6;134.4;24.5;8.5;bygg;669228;669238;6577667;6577675;669234;6577671;0
klump;121;17.0;11.2;152.5;24.5;6.5;bygg;669274;669285;6577650;6577665;669280;6577658;1
klump;24;7.5;6.0;14.5;24.5;8.0;bygg;678116;678121;6583874;6583881;678118;6583878;0
klump;45;12.7;7.2;82.6;24.5;8.5;bygg;669273;669284;6577679;6577686;669279;6577684;0
klump;49;10.7;8.1;130.1;24.5;6.5;bygg;677819;677827;6583933;6583943;677823;6583938;0
klump;9;5.5;3.2;71.2;24.5;8.0;bygg;677371;677375;6584939;6584942;677373;6584940;0
klump;12;5.7;2.8;72.0;24.5;4.5;bygg;674625;674629;6578018;6578020;674627;6578019;0
klump;178;22.1;13.7;163.0;24.0;6.5;bygg;677780;677795;6583938;6583960;677788;6583949;0
klump;40;11.7;8.6;88.8;24.0;8.0;bygg;675109;675121;6576632;6576639;675115;6576636;0
klump;95;22.3;6.4;130.3;24.0;6.5;bygg;673868;673885;6576072;6576088;673877;6576079;0
klump;12;10.8;2.4;166.5;24.0;8.0;bygg;677371;677373;6584950;6584958;677372;6584954;0
klump;23;9.4;4.7;151.8;24.0;8.5;bygg;669279;669285;6577670;6577676;669283;6577674;0
klump;17;9.4;3.8;102.1;24.0;7.0;bygg;676320;676327;6580073;6580077;676324;6580075;0
klump;12;7.4;3.0;66.8;24.0;6.0;bygg;670497;670502;6577114;6577117;670499;6577116;0
klump;17;14.4;2.3;98.9;24.0;8.0;bygg;678118;678129;6583888;6583891;678125;6583890;0
klump;18;8.4;2.9;176.0;24.0;8.0;bygg;677324;677326;6584967;6584974;677325;6584971;0
klump;26;7.7;4.9;35.8;23.5;7.5;bygg;674691;674697;6575202;6575208;674694;6575205;0
klump;39;7.7;7.0;87.1;23.5;4.5;bygg;674702;674710;6578076;6578082;674706;6578079;0
klump;24;6.4;5.7;163.9;23.5;4.0;bygg;673159;673164;6578340;6578346;673161;6578343;0
klump;12;5.0;4.3;18.2;23.5;6.5;bygg;669180;669183;6579516;6579520;669181;6579518;0
klump;17;7.6;3.6;94.6;23.5;6.0;bygg;670480;670486;6577111;6577114;670483;6577112;0
klump;14;6.4;4.4;0.0;23.5;5.5;bygg;675467;675471;6575101;6575106;675469;6575104;1
klump;75;19.2;8.0;122.3;23.0;6.0;bygg;671318;671334;6581808;6581820;671329;6581815;0
klump;72;12.1;8.9;74.5;23.0;6.5;bygg;667560;667571;6583344;6583352;667565;6583348;0
klump;25;11.3;4.1;26.8;23.0;7.5;bygg;666891;666896;6581031;6581041;666893;6581036;0
klump;30;10.2;6.4;59.0;23.0;5.0;bygg;669915;669923;6575359;6575367;669919;6575363;0
klump;14;5.1;4.1;133.1;23.0;4.5;bygg;674797;674801;6578094;6578098;674799;6578096;0
klump;12;6.5;3.0;36.4;23.0;7.5;bygg;666869;666872;6581008;6581012;666870;6581010;0
klump;18;8.6;4.4;90.0;23.0;6.5;bygg;678838;678845;6578154;6578157;678842;6578156;0
klump;14;5.5;3.8;91.9;23.0;4.5;bygg;674488;674492;6578111;6578114;674490;6578112;0
klump;14;10.5;2.6;39.4;23.0;7.5;bygg;666877;666883;6581016;6581023;666880;6581020;0
klump;8;5.4;2.6;45.0;23.0;7.0;bygg;676095;676098;6580218;6580221;676096;6580219;0
klump;8;6.1;3.0;57.5;23.0;7.5;bygg;666849;666853;6581006;6581009;666851;6581008;0
klump;8;4.2;3.9;70.7;22.5;5.5;bygg;678078;678081;6581035;6581038;678079;6581037;0
klump;282;32.3;13.9;71.0;22.5;6.0;bygg;670214;670242;6577134;6577151;670227;6577143;0
klump;105;21.9;8.7;21.8;22.5;5.5;bygg;676383;676395;6580344;6580362;676389;6580353;0
klump;12;5.8;3.2;3.6;22.5;6.0;bygg;670507;670510;6577126;6577131;670508;6577128;0
klump;43;14.5;4.9;153.6;22.5;6.0;bygg;670498;670505;6577140;6577151;670501;6577145;0
klump;10;7.6;2.8;85.9;22.5;5.5;bygg;669613;669618;6581866;6581868;669615;6581868;0
klump;29;7.9;6.3;93.0;22.5;5.5;bygg;676368;676375;6580348;6580353;676372;6580351;0
klump;10;8.4;2.3;17.0;22.5;4.5;bygg;675790;675792;6575064;6575070;675791;6575067;0
klump;12;7.6;3.0;164.2;22.5;7.0;bygg;672362;672365;6575989;6575994;672363;6575992;0
klump;18;9.7;3.1;126.8;22.5;6.5;bygg;677770;677777;6583970;6583975;677774;6583973;0
klump;19;13.0;2.0;178.9;22.0;6.0;bygg;670208;670209;6577133;6577143;670208;6577138;0
klump;16;8.8;3.4;25.3;22.0;5.5;bygg;676378;676382;6580329;6580335;676380;6580332;0
klump;28;12.8;5.0;57.9;21.0;4.0;bygg;667513;667523;6581794;6581800;667517;6581797;0
klump;24;11.7;4.1;62.1;21.0;4.0;bygg;667523;667532;6581825;6581832;667528;6581828;0
klump;11;11.5;1.6;90.8;20.5;4.0;bygg;667470;667479;6581801;6581802;667474;6581802;0
klump;15;10.4;2.7;79.0;20.5;4.0;bygg;667504;667512;6581790;6581793;667508;6581792;0
